NAME,B01003_001E,B19013_001E,B17001_002E,state,county
"Childress County, Texas",7059,36633,1177,48,075
"Comal County, Texas",119632,65833,10423,48,091
"Houston County, Texas",22949,32698,4918,48,225
"Navarro County, Texas",48118,41505,9794,48,349
"Scurry County, Texas",17238,56842,1527,48,415
"Stonewall County, Texas",1414,42155,264,48,433
"Bastrop County, Texas",76948,54821,10664,48,021
"Bee County, Texas",32659,42302,5274,48,025
"Crane County, Texas",4730,58333,606,48,103
"Rutland County, Vermont",60530,49372,7276,50,021
"Orange County, Vermont",28929,53869,3498,50,017
"Windsor County, Vermont",56150,52965,6041,50,027
"Juncos Municipio, Puerto Rico",40104,19141,18983,72,077
"Adjuntas Municipio, Puerto Rico",18962,10499,11645,72,001
"Hormigueros Municipio, Puerto Rico",16845,20598,6246,72,067
"Naranjito Municipio, Puerto Rico",29751,17423,14616,72,105
"Arecibo Municipio, Puerto Rico",92511,16485,45195,72,013
"Florida Municipio, Puerto Rico",12408,14994,6689,72,054
"Moca Municipio, Puerto Rico",38815,14427,20947,72,099
"Salinas Municipio, Puerto Rico",30114,15240,16746,72,123
"Yauco Municipio, Puerto Rico",39474,14708,20168,72,153
"Cabo Rojo Municipio, Puerto Rico",50380,16499,25503,72,023
"Las Marías Municipio, Puerto Rico",9306,13944,5357,72,083
"Villalba Municipio, Puerto Rico",24685,17818,13223,72,149
"Aguada Municipio, Puerto Rico",40603,16029,21982,72,003
"Cidra Municipio, Puerto Rico",42298,23315,16524,72,041
"Luquillo Municipio, Puerto Rico",19497,18170,8868,72,089
"Orocovis Municipio, Puerto Rico",22595,14110,13353,72,107
"Trinity County, Texas",14405,34295,2381,48,455
"Bandera County, Texas",20796,49863,2662,48,019
"Ceiba Municipio, Puerto Rico",12810,20702,5536,72,037
"Isabela Municipio, Puerto Rico",44438,15707,24673,72,071
"Las Piedras Municipio, Puerto Rico",38605,18838,18976,72,085
"Vega Alta Municipio, Puerto Rico",39319,18016,19358,72,143
"Somerset County, Pennsylvania",76617,44587,9074,42,111
"Madison County, Missouri",12401,35097,2238,29,123
"Vernon County, Missouri",20878,40693,3764,29,217
"Nodaway County, Missouri",23186,35854,5682,29,147
"Chariton County, Missouri",7650,40642,1213,29,041
"Wayne County, Missouri",13397,33750,2960,29,223
"Scott County, Missouri",39061,39162,7492,29,201
"Barton County, Missouri",12166,37467,2910,29,011
"Cedar County, Missouri",13892,31532,3381,29,039
"Gasconade County, Missouri",14948,42826,2316,29,073
"Macon County, Missouri",15460,36976,2895,29,121
"Oregon County, Missouri",10979,29851,2824,29,149
"Ste. Genevieve County, Missouri",17990,47014,2540,29,186
"Douglas County, Missouri",13516,30508,2941,29,067
"Lawrence County, Missouri",38244,40597,7052,29,109
"Pulaski County, Missouri",53443,47931,5781,29,169
"Texas County, Missouri",25735,35088,5214,29,215
"Callaway County, Missouri",44566,47744,5865,29,027
"Cooper County, Missouri",17593,44549,2354,29,053
"Gentry County, Missouri",6785,41912,1119,29,075
"Mississippi County, Missouri",14208,28347,3642,29,133
"Ozark County, Missouri",9537,31399,2292,29,153
"Bollinger County, Missouri",12356,39707,2654,29,017
"Knox County, Missouri",4035,38289,823,29,103
"Montgomery County, Missouri",11939,39830,2025,29,139
"Stoddard County, Missouri",29837,38203,4583,29,207
"Audrain County, Missouri",25783,41310,4401,29,007
"Greene County, Missouri",283206,41227,51533,29,077
"St. Clair County, Missouri",9520,32046,2156,29,185
"Schuyler County, Missouri",4395,37500,914,29,197
"Camden County, Missouri",43927,44816,7516,29,029
"Jefferson County, Missouri",221577,55348,23937,29,099
"New Madrid County, Missouri",18411,33630,4094,29,143
"Ralls County, Missouri",10243,47345,1254,29,173
"Custer County, Montana",11945,48750,1298,30,017
"Powder River County, Montana",1703,46346,155,30,075
"Roosevelt County, Montana",11072,32974,3007,30,085
"Liberty County, Montana",2369,47768,416,30,051
"Richland County, Montana",11132,65084,1264,30,083
"Toole County, Montana",5150,44804,866,30,101
"Daniels County, Montana",1758,49239,100,30,019
"Judith Basin County, Montana",1997,44602,281,30,045
"Deer Lodge County, Montana",9211,39399,1499,30,023
"McCone County, Montana",1728,40750,151,30,055
"Rosebud County, Montana",9352,51159,1893,30,087
"Dawson County, Montana",9365,52738,1210,30,021
"Broadwater County, Montana",5692,50115,556,30,007
"Phillips County, Montana",4167,36071,651,30,071
"Blaine County, Nebraska",551,48875,106,31,009
"Deuel County, Nebraska",1946,50962,246,31,049
"Logan County, Nebraska",851,48281,91,31,113
"Thayer County, Nebraska",5182,45741,604,31,169
"Adams County, Nebraska",31442,50635,3499,31,001
"Henry County, Missouri",22034,42181,4131,29,083
"Boone County, Nebraska",5373,50306,533,31,011
"Rock County, Nebraska",1401,48456,162,31,149
"Sherman County, Nebraska",3107,46366,411,31,163
"Howard County, Nebraska",6347,50030,658,31,093
"Gosper County, Nebraska",1976,54375,110,31,073
"Sarpy County, Nebraska",169192,70543,10684,31,153
"Boyd County, Nebraska",2039,40224,220,31,015
"Fillmore County, Nebraska",5697,52316,514,31,059
"Hooker County, Nebraska",681,37317,123,31,091
"Seward County, Nebraska",16998,59662,1467,31,159
"Webster County, Nebraska",3697,40256,459,31,181
"Butler County, Nebraska",8256,51027,682,31,023
"Arthur County, Nebraska",448,39375,36,31,005
"Gage County, Nebraska",21818,50010,2080,31,067
"Kearney County, Nebraska",6549,51934,408,31,099
"Madison County, Nebraska",35111,50218,5119,31,119
"Phelps County, Nebraska",9216,50404,706,31,137
"Wayne County, Nebraska",9425,54159,1115,31,179
"Knox County, Nebraska",8556,45411,1117,31,107
"Merrick County, Nebraska",7776,51012,667,31,121
"Pawnee County, Nebraska",2726,41161,446,31,133
"Escambia County, Florida",306327,45390,45308,12,033
"Hernando County, Florida",174809,40945,27375,12,053
"Hillsborough County, Florida",1302884,50579,217684,12,057
"Okaloosa County, Florida",192237,55880,24595,12,091
"Taylor County, Florida",22685,36181,2720,12,123
"Wakulla County, Florida",31128,50340,4101,12,129
"Lumpkin County, Georgia",30921,43804,5559,13,187
"McDuffie County, Georgia",21582,36656,5410,13,189
"Miller County, Georgia",5936,33983,1608,13,201
"Morgan County, Georgia",17900,51820,2529,13,211
"Heard County, Georgia",11617,41525,2349,13,149
"Oconee County, Georgia",34400,72182,2487,13,219
"Dougherty County, Georgia",93310,32084,27557,13,095
"Fannin County, Georgia",23742,37049,5404,13,111
"Henry County, Georgia",211512,60424,27162,13,151
"Houston County, Georgia",147570,53270,25111,13,153
"Laurens County, Georgia",47886,32356,12823,13,175
"Long County, Georgia",16588,48863,2936,13,183
"Spalding County, Georgia",63873,40246,14238,13,255
"Stephens County, Georgia",25620,40315,4707,13,257
"Telfair County, Georgia",16416,26449,3565,13,271
"Upson County, Georgia",26528,35774,6137,13,293
"Washington County, Georgia",20785,37932,4961,13,303
"Peach County, Georgia",27086,41588,5471,13,225
"Pierce County, Georgia",18934,40247,4455,13,229
"Pike County, Georgia",17812,51338,2132,13,231
"Screven County, Georgia",14206,34466,3482,13,251
"Tattnall County, Georgia",25302,33980,5646,13,267
"Walker County, Georgia",68285,41632,11818,13,295
"Gwinnett County, Georgia",859234,60289,117553,13,135
"Charlton County, Georgia",13130,42778,2010,13,049
"Bartow County, Georgia",101336,48893,15819,13,015
"Douglas County, Georgia",136520,53881,22118,13,097
"Jeff Davis County, Georgia",14990,36385,3309,13,161
"Hancock County, Georgia",8881,24925,2113,13,141
"Calhoun County, Georgia",6489,25513,1924,13,037
"Troup County, Georgia",68867,41489,14388,13,285
"Bibb County, Georgia",154816,36519,40611,13,021
"Marion County, Georgia",8739,36242,1836,13,197
"Schley County, Georgia",5074,39375,1187,13,249
"Bleckley County, Georgia",12746,38991,2616,13,023
"Evans County, Georgia",10814,37865,2857,13,109
"Franklin County, Georgia",22110,33816,5122,13,119
"Effingham County, Georgia",54630,63100,5749,13,103
"Lamar County, Georgia",18114,40344,3713,13,171
"Emanuel County, Georgia",22731,32229,6700,13,107
"Quitman County, Georgia",2326,31487,558,13,239
"Jasper County, Georgia",13593,42368,2785,13,159
"Lanier County, Georgia",10403,37605,2675,13,173
"Liberty County, Georgia",64427,42201,11047,13,179
"Mitchell County, Georgia",22982,31915,5905,13,205
"Seminole County, Georgia",8769,34905,1595,13,253
"Taylor County, Georgia",8401,28143,2351,13,269
"Thomas County, Georgia",44824,36641,10335,13,275
"Toombs County, Georgia",27210,33679,6674,13,279
"Montgomery County, Georgia",8968,34672,2076,13,209
"Oglethorpe County, Georgia",14688,44226,2316,13,221
"Rockdale County, Georgia",86901,50455,14155,13,247
"Wayne County, Georgia",30046,38955,5633,13,305
"Wheeler County, Georgia",7956,27620,1177,13,309
"Baldwin County, Georgia",45795,32460,13201,13,009
"Oxford County, Maine",57421,40630,9911,23,017
"Allegany County, Maryland",73549,40551,11927,24,001
"Anne Arundel County, Maryland",555280,89860,31573,24,003
"Calvert County, Maryland",90114,95828,5207,24,009
"Montgomery County, Maryland",1017859,99435,67820,24,031
"St. Mary's County, Maryland",109614,86987,8384,24,037
"Dorchester County, Maryland",32534,47093,5275,24,019
"Cecil County, Maryland",101960,66396,10179,24,015
"Barnstable County, Massachusetts",214766,63251,18392,25,001
"Berkshire County, Massachusetts",129288,49956,16038,25,003
"Plymouth County, Massachusetts",503681,75459,40309,25,023
"Norfolk County, Massachusetts",687721,88262,44199,25,021
"Nantucket County, Massachusetts",10556,84057,1205,25,019
"Monroe County, Michigan",150436,55653,16860,26,115
"Hillsdale County, Michigan",46178,41961,8982,26,059
"Oceana County, Michigan",26229,41617,5285,26,127
"Clare County, Michigan",30710,33015,7895,26,035
"Keweenaw County, Michigan",2198,37813,336,26,083
"Ottawa County, Michigan",273136,58989,27361,26,139
"Alpena County, Michigan",29068,38829,4898,26,007
"Midland County, Michigan",83624,54059,10955,26,111
"Ogemaw County, Michigan",21222,36063,4537,26,129
"Crawford County, Michigan",13895,41743,2073,26,039
"Gratiot County, Michigan",41878,41912,6792,26,057
"Lenawee County, Michigan",98902,48043,13427,26,091
"Mackinac County, Michigan",11044,38434,1730,26,097
"Houghton County, Michigan",36660,37776,7406,26,061
"Lake County, Michigan",11426,30439,3164,26,085
"Presque Isle County, Michigan",13037,41213,1761,26,141
"Kalamazoo County, Michigan",256752,47476,45473,26,077
"Newaygo County, Michigan",48029,43693,8605,26,123
"Twiggs County, Georgia",8509,30468,2324,13,289
"Polk County, Georgia",41215,37853,8767,13,233
"Calhoun County, Michigan",134790,42520,22931,26,025
"Kent County, Michigan",622590,53063,93489,26,081
"Saginaw County, Michigan",196479,43042,34825,26,145
"Bay County, Michigan",106698,45583,15804,26,017
"Delta County, Michigan",36712,42031,6227,26,041
"Koochiching County, Minnesota",13054,42919,1937,27,071
"Morrison County, Minnesota",32962,50049,3687,27,097
"Steele County, Minnesota",36523,57858,3721,27,147
"Aitkin County, Minnesota",15839,42252,1937,27,001
"Murray County, Minnesota",8529,51983,771,27,101
"Kandiyohi County, Minnesota",42444,52632,4877,27,067
"Rock County, Minnesota",9563,51496,1067,27,133
"Traverse County, Minnesota",3429,49186,341,27,155
"Hennepin County, Minnesota",1197776,65834,146382,27,053
"Chippewa County, Minnesota",12154,50858,1454,27,023
"Esmeralda County, Nevada",1141,39271,194,32,009
"Mineral County, Nevada",4566,38923,907,32,021
"Lincoln County, Nevada",5194,44866,631,32,017
"Washoe County, Nevada",435019,52870,65248,32,031
"Carson City, Nevada",54482,47668,8787,32,510
"Merrimack County, New Hampshire",147262,65983,12840,33,013
"Belknap County, New Hampshire",60399,62159,6214,33,001
"Strafford County, New Hampshire",125273,60711,12997,33,017
"Monmouth County, New Jersey",629185,85242,46492,34,025
"Sussex County, New Jersey",145930,86565,8237,34,037
"Essex County, New Jersey",791609,53976,133788,34,013
"Gloucester County, New Jersey",290298,76727,23200,34,015
"Passaic County, New Jersey",507574,59739,83203,34,031
"Bergen County, New Jersey",926330,85806,67959,34,003
"Warren County, New Jersey",107226,70471,8394,34,041
"Burlington County, New Jersey",450556,78621,27881,34,005
"Luna County, New Mexico",24789,27476,7236,35,029
"Taos County, New Mexico",32943,36582,7909,35,055
"Colfax County, New Mexico",12997,32380,2490,35,007
"Harding County, New Mexico",565,33393,59,35,021
"Quay County, New Mexico",8698,29113,1484,35,037
"Noxubee County, Mississippi",11143,26677,3953,28,103
"Tate County, Mississippi",28415,42880,4656,28,137
"Panola County, Mississippi",34373,36555,7793,28,107
"Yalobusha County, Mississippi",12381,36502,2472,28,161
"Copiah County, Mississippi",28921,35130,7629,28,029
"Hinds County, Mississippi",245874,37324,61498,28,049
"Union County, Mississippi",27811,35865,6170,28,145
"Tippah County, Mississippi",22054,35609,5311,28,139
"Forrest County, Mississippi",76267,36416,20179,28,035
"Lafayette County, Mississippi",51169,44643,11903,28,071
"Lowndes County, Mississippi",59699,40239,13675,28,087
"Wilkinson County, Mississippi",9345,29931,2687,28,157
"Jefferson Davis County, Mississippi",11941,26279,4028,28,065
"Scott County, Mississippi",28293,32935,7743,28,123
"Yazoo County, Mississippi",27911,28961,8017,28,163
"Bolivar County, Mississippi",33803,27585,11900,28,011
"Pike County, Mississippi",40075,31677,11334,28,113
"Stone County, Mississippi",17978,45025,3103,28,131
"Kemper County, Mississippi",10211,30056,2841,28,069
"Sunflower County, Mississippi",27911,27384,8458,28,133
"Adams County, Mississippi",31979,28869,8898,28,001
"DeSoto County, Mississippi",168586,58278,16338,28,033
"Delaware County, Pennsylvania",561683,65123,57202,42,045
"Wheeler County, Nebraska",847,46394,61,31,183
"Lander County, Nevada",5946,78190,676,32,015
"Schoharie County, New York",31913,51195,3936,36,095
"Fulton County, New York",54606,46969,9100,36,035
"Rensselaer County, New York",159900,60709,19186,36,083
"Franklin County, New York",51280,47923,9213,36,033
"Queens County, New York",2301139,57720,343834,36,081
"Washington County, New York",62700,51143,8004,36,115
"New York County, New York",1629507,72871,283590,36,061
"Cayuga County, New York",79173,52082,9010,36,011
"Rockland County, New York",320688,84855,46118,36,087
"Niagara County, New York",214150,49449,28816,36,063
"Essex County, New York",38912,52758,3894,36,031
"Nassau County, New York",1354612,99465,82146,36,059
"Jefferson County, New York",118947,49505,16938,36,045
"Suffolk County, New York",1501373,88663,103269,36,103
"Wyoming County, New York",41446,52564,4425,36,121
"Oswego County, New York",121183,47860,21615,36,075
"Wayne County, New York",92416,50798,11541,36,117
"Broome County, New York",198093,46261,33615,36,007
"Erie County, New York",921584,51247,134715,36,029
"Sullivan County, New York",76330,50710,12868,36,105
"Orange County, New York",375384,70848,46731,36,071
"Haywood County, North Carolina",59170,42257,10056,37,087
"Forsyth County, North Carolina",361684,45471,69100,37,067
"Bladen County, North Carolina",34720,30096,9342,37,017
"Carteret County, North Carolina",68228,48457,10056,37,031
"Bertie County, North Carolina",20518,30027,4304,37,015
"Martin County, North Carolina",23729,35080,5007,37,117
"Perquimans County, North Carolina",13498,44329,2626,37,143
"Rockingham County, North Carolina",92300,38126,16968,37,157
"Camden County, North Carolina",10161,58780,803,37,029
"Gaston County, North Carolina",209807,42429,36027,37,071
"Moore County, North Carolina",91743,50998,13808,37,125
"Stanly County, North Carolina",60586,40910,10356,37,167
"Yancey County, North Carolina",17604,37484,3775,37,199
"Chatham County, North Carolina",67431,56642,9041,37,037
"Johnston County, North Carolina",178396,50512,27086,37,101
"Person County, North Carolina",39262,42105,7708,37,145
"Ashe County, North Carolina",27114,36267,5510,37,009
"Lenoir County, North Carolina",58782,34717,13401,37,107
"Onslow County, North Carolina",183753,46335,24916,37,133
"Rutherford County, North Carolina",66865,35630,13077,37,161
"Yadkin County, North Carolina",37971,37796,7643,37,197
"Burke County, North Carolina",89548,39360,17277,37,023
"Traill County, North Dakota",8077,54960,804,38,097
"Dickey County, North Dakota",5195,53750,400,38,021
"Ward County, North Dakota",67736,61393,4919,38,101
"Pembina County, North Dakota",7206,53504,454,38,067
"Hettinger County, North Dakota",2621,52169,217,38,041
"Cass County, North Dakota",162500,53289,19082,38,017
"Emmons County, North Dakota",3463,44051,386,38,029
"Richland County, North Dakota",16317,55390,1633,38,077
"Adams County, North Dakota",2341,52118,220,38,001
"Eddy County, North Dakota",2370,48583,311,38,027
"Mercer County, North Dakota",8633,72704,693,38,057
"Ransom County, North Dakota",5453,56500,490,38,073
"Sioux County, North Dakota",4380,38068,1524,38,085
"Golden Valley County, North Dakota",1822,40179,177,38,033
"Schuyler County, New York",18410,47680,2595,36,097
"Chenango County, New York",49549,45668,7741,36,017
"Towner County, North Dakota",2294,56625,316,38,095
"Divide County, North Dakota",2314,56042,178,38,023
"Sargent County, North Dakota",3874,57125,222,38,081
"Meigs County, Ohio",23473,37813,5285,39,105
"Champaign County, Ohio",39393,50974,4756,39,021
"Greene County, Ohio",164192,60113,21065,39,057
"Lawrence County, Ohio",61827,42874,11135,39,087
"Morgan County, Ohio",14913,37067,3111,39,115
"Wyandot County, Ohio",22467,47555,2601,39,175
"Erie County, Ohio",76141,48011,9333,39,043
"Sumner County, Tennessee",169623,57382,15644,47,165
"Shelby County, Tennessee",937750,46224,196471,47,157
"Henderson County, Tennessee",28013,38745,5925,47,077
"Jefferson County, Tennessee",52490,42417,8343,47,089
"Sequatchie County, Tennessee",14592,45408,2335,47,153
"Carroll County, Tennessee",28353,35508,5713,47,017
"Davidson County, Tennessee",658506,48368,116031,47,037
"Perry County, Tennessee",7864,31425,1995,47,135
"Meigs County, Tennessee",11716,34424,2377,47,121
"Haywood County, Tennessee",18248,34182,4107,47,075
"Montgomery County, Tennessee",185980,50344,28750,47,125
"Grundy County, Tennessee",13524,27373,3797,47,061
"Cocke County, Tennessee",35321,31187,9111,47,029
"DeKalb County, Tennessee",19038,38319,3887,47,041
"Lewis County, Tennessee",11944,36621,2292,47,101
"Obion County, Tennessee",31129,40281,6309,47,131
"Tipton County, Tennessee",61674,53669,8292,47,167
"Dyer County, Tennessee",38054,42468,6646,47,045
"Hamilton County, Tennessee",348121,48248,54036,47,065
"Polk County, Tennessee",16687,38925,3094,47,139
"White County, Tennessee",26252,34901,5011,47,185
"Sullivan County, Tennessee",156752,40346,26924,47,163
"Logan County, Ohio",45484,49783,6487,39,091
"Summit County, Ohio",541847,50765,78658,39,153
"Shelby County, Ohio",49067,54550,4970,39,149
"Williams County, Ohio",37386,42492,5386,39,171
"Columbiana County, Ohio",105987,44497,15730,39,029
"Fulton County, Ohio",42485,55120,4532,39,051
"Gallia County, Ohio",30565,37319,6214,39,053
"Mahoning County, Ohio",234550,41375,40841,39,099
"Scioto County, Ohio",78017,35903,18740,39,145
"Morrow County, Ohio",34996,51993,4063,39,117
"Preble County, Ohio",41682,47818,5477,39,135
"Allen County, Ohio",105196,44103,17713,39,003
"Crawford County, Ohio",42725,40795,6888,39,033
"Guernsey County, Ohio",39626,40930,7784,39,059
"Mercer County, Ohio",40863,53099,3399,39,107
"Clark County, Ohio",136827,43625,24419,39,023
"Lorain County, Ohio",303152,52457,42269,39,093
"Trousdale County, Tennessee",7884,41029,1345,47,169
"Clay County, Tennessee",7780,28804,1801,47,027
"Montgomery County, Ohio",533763,43829,96354,39,113
"Warren County, Ohio",219916,74379,11885,39,165
"Ashtabula County, Ohio",99777,40544,19266,39,007
"Kay County, Oklahoma",45587,42134,8137,40,071
"Craig County, Oklahoma",14744,38876,2659,40,035
"Canadian County, Oklahoma",126193,64505,8995,40,017
"Latimer County, Oklahoma",10774,39205,1833,40,077
"Texas County, Oklahoma",21588,50242,2733,40,139
"Pushmataha County, Oklahoma",11226,32445,2716,40,127
"Johnston County, Oklahoma",11022,38776,2070,40,069
"Beaver County, Oklahoma",5530,52090,492,40,007
"Hughes County, Oklahoma",13785,35563,2244,40,063
"Comanche County, Oklahoma",125531,46241,20444,40,031
"Adair County, Oklahoma",22236,33404,5897,40,001
"Stephens County, Oklahoma",44806,43781,6740,40,137
"Carter County, Oklahoma",48442,44531,7262,40,019
"Greer County, Oklahoma",6117,40125,735,40,055
"McIntosh County, Oklahoma",20280,36011,4209,40,091
"Murray County, Oklahoma",13733,47077,2012,40,099
"Ottawa County, Oklahoma",32085,36347,7112,40,115
"Caddo County, Oklahoma",29495,40674,5976,40,015
"Muskogee County, Oklahoma",70224,39984,14670,40,101
"Bryan County, Oklahoma",44003,38847,7816,40,013
"Jackson County, Oregon",208363,44028,39122,41,029
"Grant County, Oregon",7276,38046,1138,41,023
"Clackamas County, Oregon",389438,65965,36894,41,005
"Tillamook County, Oregon",25430,42581,4310,41,057
"Josephine County, Oregon",83409,37665,16627,41,033
"Umatilla County, Oregon",76738,48101,12733,41,059
"Columbia County, Oregon",49389,53179,6638,41,009
"Wasco County, Oregon",25492,43422,4015,41,065
"Lane County, Oregon",357060,44103,70308,41,039
"Washington County, Oregon",556210,66754,64861,41,067
"Clatsop County, Oregon",37382,46408,5791,41,007
"Cameron County, Pennsylvania",4869,39897,626,42,023
"Bucks County, Pennsylvania",626583,77568,36868,42,017
"Lehigh County, Pennsylvania",356756,56117,45488,42,077
"Clarion County, Pennsylvania",39454,42536,6881,42,031
"Greene County, Pennsylvania",37938,46661,4672,42,059
"Luzerne County, Pennsylvania",320095,45897,48822,42,079
"Columbia County, Pennsylvania",66912,45374,10067,42,037
"Jefferson County, Pennsylvania",44756,42903,6414,42,065
"Perry County, Pennsylvania",45677,57177,4217,42,099
"Sullivan County, Pennsylvania",6381,44189,802,42,113
"Kent County, Rhode Island",164958,64383,13763,44,003
"Washington County, Rhode Island",126405,72807,11939,44,009
"Newberry County, South Carolina",37690,40127,6436,45,071
"Woodbury County, Iowa",102530,46720,14557,19,193
"Jackson County, Iowa",19572,49028,2343,19,097
"Lee County, Iowa",35369,43312,5791,19,111
"Warren County, Iowa",47542,64447,3124,19,181
"Plymouth County, Iowa",24853,57130,1907,19,149
"Clay County, Iowa",16537,50389,1848,19,041
"Delaware County, Iowa",17507,58274,1717,19,055
"Wayne County, Iowa",6384,43358,834,19,185
"Scott County, Iowa",169994,55114,20229,19,163
"Sherman County, Kansas",6054,39029,1125,20,181
"Thomas County, Kansas",7925,48504,733,20,193
"Morris County, Kansas",5750,47089,505,20,127
"Wagoner County, Oklahoma",75391,55715,8150,40,145
"Rooks County, Kansas",5186,43558,723,20,163
"Clark County, Kansas",2145,42589,311,20,025
"Harper County, Kansas",5861,43973,933,20,077
"Lyon County, Kansas",33462,40021,6919,20,111
"Pawnee County, Kansas",6911,43250,464,20,145
"Comanche County, Kansas",2010,45288,140,20,033
"Gove County, Kansas",2735,46364,219,20,063
"Harvey County, Kansas",34835,51327,4415,20,079
"Gray County, Kansas",6065,61000,597,20,069
"Chase County, Kansas",2722,38707,360,20,017
"Grant County, Kansas",7816,55432,795,20,067
"Logan County, Kansas",2793,46875,232,20,109
"Pottawatomie County, Kansas",22625,60216,1992,20,149
"Butler County, Kansas",66092,58897,6620,20,015
"Saline County, Kansas",55735,47801,8700,20,169
"Wabaunsee County, Kansas",6997,54688,404,20,197
"Woodson County, Kansas",3211,35787,714,20,207
"Osborne County, Kansas",3782,40216,564,20,141
"Finney County, Kansas",37133,49227,6222,20,055
"Kiowa County, Kansas",2536,43963,364,20,097
"Barton County, Kansas",27399,44013,4261,20,009
"Doniphan County, Kansas",7859,47209,892,20,043
"Lane County, Kansas",1674,56507,149,20,101
"Marion County, Kansas",12290,45927,1306,20,115
"Brown County, Kansas",9880,43724,1598,20,013
"Riley County, Kansas",75022,44437,14922,20,161
"Dickinson County, Kansas",19516,49096,2005,20,041
"Garrard County, Kentucky",16976,44243,3653,21,079
"Campbell County, Kentucky",91475,54621,12883,21,037
"Grant County, Kentucky",24670,44824,4445,21,081
"Logan County, Kentucky",26851,38570,5103,21,141
"Mercer County, Kentucky",21342,42083,3862,21,167
"Union County, Kentucky",15138,40120,4091,21,225
"Calloway County, Kentucky",38106,37034,8015,21,035
"Washington County, Kansas",5686,45159,649,20,201
"Morton County, Kansas",3106,46028,325,20,129
"Pueblo County, Colorado",161519,41286,31017,08,101
"Montrose County, Colorado",40815,43999,7644,08,085
"Morgan County, Colorado",28359,48450,3218,08,087
"Park County, Colorado",16189,56969,1170,08,093
"Saguache County, Colorado",6238,33393,1450,08,109
"Mesa County, Colorado",147834,49322,22545,08,077
"Prowers County, Colorado",12235,40179,2264,08,099
"Hinsdale County, Colorado",874,57083,70,08,053
"El Paso County, Colorado",655024,58206,75033,08,041
"Washington County, Colorado",4795,45541,466,08,121
"Grand County, Colorado",14411,63628,1543,08,049
"Arapahoe County, Colorado",608310,63265,67679,08,005
"Otero County, Colorado",18572,32311,4396,08,089
"Broomfield County, Colorado",60699,81898,3930,08,014
"New Castle County, Delaware",549643,65476,60487,10,003
"Sussex County, Delaware",207302,53751,25754,10,005
"Kent County, Delaware",169509,54976,22074,10,001
"District of Columbia, District of Columbia",647484,70848,110365,11,001
"New Haven County, Connecticut",862224,61640,108533,09,009
"Litchfield County, Connecticut",186304,72061,12893,09,005
"Hartford County, Connecticut",896943,66395,104196,09,003
"New London County, Connecticut",273185,66233,25766,09,011
"Tolland County, Connecticut",151948,79626,9511,09,013
"Fairfield County, Connecticut",939983,84233,82743,09,001
"Duval County, Florida",890673,47690,150792,12,031
"Bradford County, Florida",27223,41606,4896,12,007
"Clay County, Florida",197417,58290,20580,12,019
"Lafayette County, Florida",8801,35864,1425,12,067
"Nassau County, Florida",75880,54116,9652,12,089
"Pinellas County, Florida",931477,45819,131643,12,103
"St. Lucie County, Florida",288006,43459,52201,12,111
"Hendry County, Florida",38363,36771,9696,12,051
"Indian River County, Florida",142866,45798,20272,12,061
"Palm Beach County, Florida",1378806,53363,197340,12,099
"St. Johns County, Florida",210495,66194,19706,12,109
"Miami-Dade County, Florida",2639042,43129,530006,12,086
"Flagler County, Florida",100783,47866,14814,12,035
"Franklin County, Florida",11628,40401,1977,12,037
"Hamilton County, Florida",14395,35048,3234,12,047
"Liberty County, Florida",8295,39406,1237,12,077
"Sumter County, Florida",108501,50350,10802,12,119
"Gadsden County, Florida",46424,35567,11907,12,039
"Holmes County, Florida",19635,35020,4903,12,059
"Collier County, Florida",341091,57452,47436,12,021
"Okeechobee County, Florida",39255,35405,9965,12,093
"Pasco County, Florida",479288,45064,66144,12,101
"Highlands County, Florida",98328,35093,18863,12,055
"Suwannee County, Florida",43595,36289,10012,12,121
"DeSoto County, Florida",34957,35165,10123,12,027
"Calhoun County, Florida",14615,34510,2407,12,013
"Columbia County, Florida",67806,41926,12498,12,023
"Dixie County, Florida",16091,36292,3061,12,029
"Putnam County, Florida",72696,31715,20397,12,107
"Union County, Florida",15191,39163,2002,12,125
"Manatee County, Florida",343729,49675,51595,12,081
"Levy County, Florida",39821,35782,8601,12,075
"Baker County, Florida",27135,47121,4393,12,003
"Volusia County, Florida",503719,41117,85881,12,127
"Leon County, Florida",282940,46745,60286,12,073
"Madison County, Florida",18729,32164,4269,12,079
"Daviess County, Kentucky",98173,45989,14948,21,059
"Henderson County, Kentucky",46396,41036,8602,21,101
"Jackson County, Kentucky",13357,29826,4163,21,109
"Meade County, Kentucky",29098,49884,4810,21,163
"Oldham County, Kentucky",63037,85452,3503,21,185
"Rockcastle County, Kentucky",16942,31555,4105,21,203
"Allen County, Kentucky",20355,41326,3454,21,003
"Bullitt County, Kentucky",76961,55975,7911,21,029
"Fulton County, Kentucky",6422,28359,1641,21,075
"Knott County, Kentucky",16000,30411,4308,21,119
"Muhlenberg County, Kentucky",31309,38961,6000,21,177
"Wolfe County, Kentucky",7261,20504,3058,21,237
"Bell County, Kentucky",27950,22443,10233,21,013
"Cumberland County, Kentucky",6807,32019,1682,21,057
"Lee County, Kentucky",7119,22698,2003,21,129
"Edmonson County, Kentucky",12105,41710,2296,21,061
"Bracken County, Kentucky",8425,36327,1544,21,023
"Nelson County, Kentucky",44564,49298,7072,21,179
"Marion County, Kentucky",19717,38826,3784,21,155
"Boone County, Kentucky",124617,66730,10156,21,015
"Knox County, Kentucky",31809,26599,10093,21,121
"Letcher County, Kentucky",23671,30333,6614,21,133
"Pike County, Kentucky",63434,33183,14256,21,195
"Gallatin County, Kentucky",8567,48370,1294,21,077
"Lee County, Florida",663675,48537,105166,12,071
"Marion County, Florida",336811,39459,60207,12,083
"Vernon Parish, Louisiana",52476,46312,7403,22,115
"Sabine Parish, Louisiana",24248,38828,4626,22,085
"Jefferson Davis Parish, Louisiana",31434,39063,6462,22,053
"West Feliciana Parish, Louisiana",15415,56685,1914,22,125
"Bienville Parish, Louisiana",13977,32876,3754,22,013
"Cameron Parish, Louisiana",6706,64231,650,22,023
"Plaquemines Parish, Louisiana",23599,50314,3775,22,075
"Washington Parish, Louisiana",46556,30705,11811,22,117
"Acadia Parish, Louisiana",62163,37649,12539,22,001
"St. Tammany Parish, Louisiana",242960,62137,27482,22,103
"Caddo Parish, Louisiana",254742,41234,53752,22,017
"Ascension Parish, Louisiana",114738,70551,13447,22,005
"Iberia Parish, Louisiana",73938,45261,14277,22,045
"St. Helena Parish, Louisiana",10818,35437,2854,22,091
"De Soto Parish, Louisiana",26965,41468,7059,22,031
"Livingston Parish, Louisiana",133949,58251,19086,22,063
"Franklin Parish, Louisiana",20550,30275,5847,22,041
"Jackson Parish, Louisiana",16109,38029,3981,22,049
"St. Charles Parish, Louisiana",52639,59990,6152,22,089
"Tensas Parish, Louisiana",4893,22940,1685,22,107
"Natchitoches Parish, Louisiana",39330,31345,11208,22,069
"Catahoula Parish, Louisiana",10247,34904,1890,22,025
"Grays Harbor County, Washington",71419,43538,12357,53,027
"Wahkiakum County, Washington",4035,44485,674,53,069
"Grant County, Washington",92070,48714,16295,53,025
"Snohomish County, Washington",746653,70722,74826,53,061
"Summers County, West Virginia",13544,36651,2184,54,089
"Greenbrier County, West Virginia",35666,39746,6530,54,025
"Mineral County, West Virginia",27755,31790,4562,54,057
"Lewis County, West Virginia",16434,37849,3357,54,041
"Pocahontas County, West Virginia",8697,36827,1382,54,075
"Randolph County, West Virginia",29365,39457,4610,54,083
"Wirt County, West Virginia",5841,39352,792,54,105
"Clay County, West Virginia",9141,31325,2530,54,015
"Monongalia County, West Virginia",101668,45467,20923,54,061
"Wetzel County, West Virginia",16157,39096,3169,54,103
"Kanawha County, West Virginia",190781,45882,29703,54,039
"Preston County, West Virginia",33809,45064,4574,54,077
"Ritchie County, West Virginia",10140,37636,2071,54,085
"Lincoln County, West Virginia",21560,35800,5870,54,043
"Braxton County, West Virginia",14466,32750,2941,54,007
"Boone County, West Virginia",24000,39958,5529,54,005
"Wyoming County, West Virginia",22866,33730,4934,54,109
"Dunn County, Wisconsin",44159,49788,6140,55,033
"Grant County, Wisconsin",51489,49067,7318,55,043
"Sheboygan County, Wisconsin",115226,53713,10348,55,117
"Menominee County, Wisconsin",4451,35343,1535,55,078
"Buffalo County, Wisconsin",13319,50196,1500,55,011
"La Crosse County, Wisconsin",117048,50539,16616,55,063
"Marathon County, Wisconsin",135177,54083,14095,55,073
"Trempealeau County, Wisconsin",29412,51077,3078,55,121
"Dodge County, Wisconsin",88547,53783,7658,55,027
"Vilas County, Wisconsin",21355,41061,3047,55,125
"Manitowoc County, Wisconsin",80521,48398,7957,55,071
"Burnett County, Wisconsin",15334,41135,2371,55,013
"Door County, Wisconsin",27731,51928,2766,55,029
"Fond du Lac County, Wisconsin",101920,55473,9071,55,039
"Pepin County, Wisconsin",7372,49516,947,55,091
"Richland County, Wisconsin",17746,44810,2609,55,103
"Waushara County, Wisconsin",24321,45166,2385,55,137
"Klickitat County, Washington",20820,48319,3150,53,039
"Lafayette County, Wisconsin",16835,51445,1800,55,065
"Pierce County, Wisconsin",40799,61611,4615,55,093
"Calumet County, Wisconsin",49678,67427,3434,55,015
"Kenosha County, Wisconsin",167738,54918,24823,55,059
"Johnson County, Wyoming",8600,54065,534,56,019
"Laramie County, Wyoming",95431,60706,9369,56,021
"Teton County, Wyoming",22311,75325,1638,56,039
"Nueces County, Texas",352060,50337,61965,48,355
"Rains County, Texas",11037,48448,1206,48,379
"Real County, Texas",3356,36523,541,48,385
"Sterling County, Texas",1346,53456,208,48,431
"Carson County, Texas",6068,66023,435,48,065
"Freestone County, Texas",19586,44301,2683,48,161
"Hardeman County, Texas",3992,37174,585,48,197
"Briscoe County, Texas",1670,38603,307,48,045
"Liberty County, Texas",77486,48729,12548,48,291
"Loving County, Texas",117,,33,48,301
"Robertson County, Texas",16532,46501,2841,48,395
"Rusk County, Texas",53457,46173,8510,48,401
"Clarendon County, South Carolina",34178,33162,8163,45,027
"Sumter County, South Carolina",107777,41332,18943,45,085
"Barnwell County, South Carolina",22098,34336,5819,45,011
"Darlington County, South Carolina",67922,35409,15878,45,031
"York County, South Carolina",240076,54117,31814,45,091
"Cherokee County, South Carolina",55863,35389,13093,45,021
"Jasper County, South Carolina",26549,37141,6106,45,053
"Lee County, South Carolina",18461,30954,4663,45,061
"Abbeville County, South Carolina",24997,34799,5471,45,001
"Lyman County, South Dakota",3837,43030,775,46,085
"Deuel County, South Dakota",4341,53152,330,46,039
"Brule County, South Dakota",5330,49531,789,46,015
"Gregory County, South Dakota",4226,37540,769,46,053
"Minnehaha County, South Dakota",178942,53525,20578,46,099
"Clark County, South Dakota",3625,49600,566,46,025
"Kingsbury County, South Dakota",5107,53828,505,46,077
"Clay County, South Dakota",14011,36608,3255,46,027
"Dewey County, South Dakota",5579,37206,1523,46,041
"Hughes County, South Dakota",17466,59177,1663,46,065
"Sanborn County, South Dakota",2339,50541,238,46,111
"Hand County, South Dakota",3375,47163,271,46,059
"Yankton County, South Dakota",22636,48176,2993,46,135
"Beadle County, South Dakota",18168,46267,3708,46,005
"Davison County, South Dakota",19787,49991,2379,46,035
"Jerauld County, South Dakota",2031,53125,176,46,073
"Stanley County, South Dakota",2962,56829,240,46,117
"Potter County, South Dakota",2307,46081,255,46,107
"Charles Mix County, South Dakota",9239,43109,1970,46,023
"Marshall County, South Dakota",4701,51788,701,46,091
"Perkins County, South Dakota",2981,39773,396,46,105
"Todd County, South Dakota",9942,31128,4471,46,121
"Oglala Lakota County, South Dakota",14153,26369,7482,46,102
"San Jacinto County, Texas",27023,43029,5419,48,407
"Upshur County, Texas",40096,46673,5322,48,459
"Waller County, Texas",45847,51348,7505,48,473
"Wilson County, Texas",45509,68100,4783,48,493
"Hockley County, Texas",23322,50665,3297,48,219
"Midland County, Texas",151290,68806,13238,48,329
"Llano County, Texas",19323,48259,2841,48,299
"Fannin County, Texas",33748,44071,5305,48,147
"Brazos County, Texas",205271,39808,53207,48,041
"Gaines County, Texas",18916,57635,2177,48,165
"Gray County, Texas",22983,43288,2824,48,179
"Jack County, Texas",8946,50324,1324,48,237
"Bosque County, Texas",17971,44674,2549,48,035
"Bexar County, Texas",1825502,51150,312088,48,029
"Baylor County, Texas",3628,36373,423,48,023
"Denton County, Texas",731851,75050,63220,48,121
"Galveston County, Texas",308163,62313,41985,48,167
"Roberts County, Texas",931,63889,14,48,393
"Uvalde County, Texas",26952,38568,5248,48,463
"Bowie County, Texas",93155,42670,16693,48,037
"Kent County, Texas",821,47024,74,48,263
"Somervell County, Texas",8608,51912,1158,48,425
"Hardin County, Texas",55375,52614,6684,48,199
"Leon County, Texas",16819,49802,2322,48,289
"Newton County, Texas",14231,38144,1798,48,351
"Reeves County, Texas",14179,43540,1895,48,389
"Travis County, Texas",1121645,61451,180220,48,453
"Collingsworth County, Texas",3058,39743,675,48,087
"Erath County, Texas",40039,41416,9340,48,143
"Motley County, Texas",1071,31683,181,48,345
"Coleman County, Texas",8536,35156,1924,48,083
"Medina County, Texas",47392,57338,6656,48,325
"Henderson County, Texas",79016,41607,14572,48,213
"Lamar County, Texas",49566,40748,9076,48,277
"Kimble County, Texas",4486,40125,912,48,267
"Washington County, Texas",34236,51269,4325,48,477
"Stephens County, Texas",9452,43951,1751,48,429
"Andrews County, Texas",16775,70423,2032,48,003
"Gonzales County, Texas",20172,42983,4009,48,177
"Lynn County, Texas",5764,39526,1106,48,305
"Zapata County, Texas",14308,32162,5334,48,505
"Hood County, Texas",53171,56100,6161,48,221
"King County, Texas",267,63250,19,48,269
"Cherokee County, Texas",51167,39595,10688,48,073
"Delta County, Texas",5223,42432,1177,48,119
"Jones County, Texas",19978,43897,2285,48,253
"Jim Wells County, Texas",41461,42986,9128,48,249
"Dallam County, Texas",7014,41345,1183,48,111
"Fort Bend County, Texas",658331,89152,53761,48,157
"Irion County, Texas",1644,58500,191,48,235
"Willacy County, Texas",22002,26495,7604,48,489
"Dawson County, Texas",13542,41095,1924,48,115
"Rockwall County, Texas",85536,87524,5310,48,397
"Taylor County, Texas",134435,45396,22395,48,441
"Throckmorton County, Texas",1545,41042,199,48,447
"Walker County, Texas",69330,37666,12642,48,471
"Wood County, Texas",42712,45686,6073,48,499
"Aransas County, Texas",24292,41690,4509,48,007
"Cochran County, Texas",2993,39113,591,48,079
"Coke County, Texas",3238,42467,361,48,081
"Coryell County, Texas",76128,49340,8631,48,099
"Hemphill County, Texas",4115,62813,502,48,211
"Moore County, Texas",22281,49802,4421,48,341
"Potter County, Texas",122352,38159,25466,48,375
"San Augustine County, Texas",8695,28275,2105,48,405
"Shackelford County, Texas",3352,48750,635,48,417
"Starr County, Texas",62648,26172,22663,48,427
"Upton County, Texas",3405,46131,657,48,461
"Brown County, Texas",37833,41962,6581,48,049
"Hall County, Texas",3203,30950,844,48,191
"Franklin County, Texas",10599,41537,1726,48,159
"Frio County, Texas",18168,36404,3321,48,163
"Lampasas County, Texas",20219,49630,2923,48,281
"Orleans County, Vermont",27146,42831,4070,50,019
"Grand Isle County, Vermont",6952,62608,598,50,013
"Chittenden County, Vermont",159711,65350,17045,50,007
"Lamoille County, Vermont",25027,50939,2887,50,015
"Franklin County, Vermont",48418,58199,4147,50,011
"Platte County, Wyoming",8750,38500,1391,56,031
"Sheridan County, Wyoming",29738,55455,2381,56,033
"Big Horn County, Wyoming",11895,51679,1408,56,003
"Crook County, Wyoming",7229,60445,362,56,011
"Park County, Wyoming",28985,56363,2024,56,029
"Matagorda County, Texas",36598,40797,7833,48,321
"Pecos County, Texas",15807,50305,1643,48,371
"Albany County, Wyoming",37565,42834,9510,56,001
"Carbon County, Wyoming",15739,56825,2280,56,007
"Goshen County, Wyoming",13544,42689,2261,56,015
"Uinta County, Wyoming",20930,56569,2845,56,041
"Washakie County, Wyoming",8400,47652,1137,56,043
"Hot Springs County, Wyoming",4809,45278,500,56,017
"Fremont County, Wyoming",40755,52773,5637,56,013
"Sublette County, Wyoming",10117,81772,812,56,035
"Weston County, Wyoming",7152,57738,958,56,045
"Carroll County, Mississippi",10338,37289,2086,28,015
"George County, Mississippi",23104,44258,4154,28,039
"Grenada County, Mississippi",21591,31779,4733,28,043
"Jefferson County, Mississippi",7586,20743,3490,28,063
"Newton County, Mississippi",21663,37045,4737,28,101
"Prentiss County, Mississippi",25380,32945,5112,28,117
"Sharkey County, Mississippi",4805,30525,1380,28,125
"Choctaw County, Mississippi",8354,30692,2147,28,019
"Hancock County, Mississippi",45627,43355,9807,28,045
"Itawamba County, Mississippi",23451,35004,4207,28,057
"Issaquena County, Mississippi",1291,23491,411,28,055
"Jackson County, Mississippi",140676,48406,21400,28,059
"Leflore County, Mississippi",31516,24233,12558,28,083
"Tunica County, Mississippi",10477,31211,2824,28,143
"Claiborne County, Mississippi",9330,23259,3685,28,021
"Harrison County, Mississippi",196268,41722,39569,28,047
"Lauderdale County, Mississippi",79832,38132,17325,28,075
"Lincoln County, Mississippi",34765,36473,9091,28,085
"Simpson County, Mississippi",27401,35375,6985,28,127
"Winston County, Mississippi",18697,33202,5389,28,159
"Attala County, Mississippi",19175,32886,4908,28,007
"Lamar County, Mississippi",58885,52035,9748,28,073
"Lee County, Mississippi",85036,42784,15327,28,081
"Tallahatchie County, Mississippi",14959,29731,2609,28,135
"Smith County, Mississippi",16257,32951,3813,28,129
"Warren County, Mississippi",48020,41121,10768,28,149
"Clarke County, Mississippi",16362,35993,3460,28,023
"Montgomery County, Mississippi",10464,30146,3058,28,097
"Oktibbeha County, Mississippi",49048,32485,14780,28,105
"Chickasaw County, Mississippi",17391,30926,4493,28,017
"Webster County, Mississippi",9999,34448,2243,28,155
"Alcorn County, Mississippi",37319,36163,7752,28,003
"Clay County, Mississippi",20279,31669,5302,28,025
"Covington County, Mississippi",19471,31631,5162,28,031
"Humphreys County, Mississippi",8984,23216,3508,28,053
"Dauphin County, Pennsylvania",271094,53754,36269,42,043
"Lincoln County, New Mexico",19931,40708,3271,35,027
"Chaves County, New Mexico",65811,40630,14013,35,005
"Lea County, New Mexico",68149,57533,9859,35,025
"Santa Fe County, New Mexico",147108,54315,22477,35,049
"Union County, New Mexico",4339,36070,498,35,059
"Sierra County, New Mexico",11615,29356,2360,35,051
"Socorro County, New Mexico",17494,34037,4278,35,053
"Roosevelt County, New Mexico",19908,35546,4918,35,041
"Doña Ana County, New Mexico",213963,38853,58846,35,013
"Los Alamos County, New Mexico",17939,101934,1092,35,028
"Rio Arriba County, New Mexico",39949,36098,9413,35,039
"San Miguel County, New Mexico",28668,29237,8093,35,047
"Valencia County, New Mexico",76297,41703,17604,35,061
"Torrance County, New Mexico",15853,32083,4833,35,057
"Bernalillo County, New Mexico",673943,47725,128917,35,001
"Otero County, New Mexico",65318,39775,14387,35,035
"Cibola County, New Mexico",27382,34565,7489,35,006
"De Baca County, New Mexico",2020,32500,454,35,011
"Guadalupe County, New Mexico",4526,30772,552,35,019
"Catron County, New Mexico",3583,42973,615,35,003
"Bronx County, New York",1428357,34299,427574,36,005
"Onondaga County, New York",468304,55092,69487,36,067
"Aibonito Municipio, Puerto Rico",24829,17307,11713,72,009
"Guayanilla Municipio, Puerto Rico",20442,15067,11402,72,059
"Lajas Municipio, Puerto Rico",24722,13215,14632,72,079
"Sabana Grande Municipio, Puerto Rico",24307,14795,11404,72,121
"Camuy Municipio, Puerto Rico",33949,17532,16498,72,027
"Guánica Municipio, Puerto Rico",18207,13682,11089,72,055
"Manatí Municipio, Puerto Rico",42167,18162,19265,72,091
"Naguabo Municipio, Puerto Rico",26804,18704,14051,72,103
"San Germán Municipio, Puerto Rico",34125,14797,17074,72,125
"Utuado Municipio, Puerto Rico",31474,15725,16445,72,141
"Arroyo Municipio, Puerto Rico",19018,15298,10020,72,015
"Cataño Municipio, Puerto Rico",26680,18326,13049,72,033
"Quebradillas Municipio, Puerto Rico",25205,15806,13928,72,115
"Guayama Municipio, Puerto Rico",43700,15860,22083,72,057
"Culebra Municipio, Puerto Rico",1557,18649,708,72,049
"Gurabo Municipio, Puerto Rico",46765,29317,15848,72,063
"Barceloneta Municipio, Puerto Rico",24775,15212,13828,72,017
"Loíza Municipio, Puerto Rico",28454,18718,13543,72,087
"Guaynabo Municipio, Puerto Rico",93899,34719,25163,72,061
"Aguadilla Municipio, Puerto Rico",57973,17267,27742,72,005
"Fajardo Municipio, Puerto Rico",34720,19320,15660,72,053
"Patillas Municipio, Puerto Rico",18441,13284,10900,72,109
"Rincón Municipio, Puerto Rico",14841,16755,7228,72,117
"Aguas Buenas Municipio, Puerto Rico",27693,14824,14789,72,007
"Bayamón Municipio, Puerto Rico",197287,24430,68252,72,021
"Carolina Municipio, Puerto Rico",168114,27969,50985,72,031
"Cayey Municipio, Puerto Rico",46647,20751,19324,72,035
"Hatillo Municipio, Puerto Rico",41578,18687,18552,72,065
"Humacao Municipio, Puerto Rico",56384,19342,25043,72,069
"Juana Díaz Municipio, Puerto Rico",49259,18609,24979,72,075
"Morovis Municipio, Puerto Rico",32294,16536,17745,72,101
"Mayagüez Municipio, Puerto Rico",83418,14871,42055,72,097
"Santa Isabel Municipio, Puerto Rico",22913,15674,11470,72,133
"Trujillo Alto Municipio, Puerto Rico",71886,30140,21253,72,139
"Corozal Municipio, Puerto Rico",35975,15098,20237,72,047
"Maunabo Municipio, Puerto Rico",11701,19541,6533,72,095
"Peñuelas Municipio, Puerto Rico",22770,15497,13620,72,111
"Ponce Municipio, Puerto Rico",156054,16318,79360,72,113
"San Sebastián Municipio, Puerto Rico",40471,14345,22775,72,131
"Toa Alta Municipio, Puerto Rico",74603,29976,23357,72,135
"Toa Baja Municipio, Puerto Rico",85242,23303,32692,72,137
"Vieques Municipio, Puerto Rico",9130,18104,3569,72,147
"Yabucoa Municipio, Puerto Rico",36279,15627,18899,72,151
"Caguas Municipio, Puerto Rico",138262,23769,52367,72,025
"Canóvanas Municipio, Puerto Rico",47432,20023,20667,72,029
"Coamo Municipio, Puerto Rico",40293,18233,19842,72,043
"Dorado Municipio, Puerto Rico",38166,26947,13540,72,051
"Barranquitas Municipio, Puerto Rico",29805,14331,18032,72,019
"San Lorenzo Municipio, Puerto Rico",39778,16538,19157,72,129
"Añasco Municipio, Puerto Rico",28579,17386,13997,72,011
"Seneca County, New York",35144,49292,4081,36,099
"Putnam County, New York",99488,96148,5212,36,079
"Herkimer County, New York",64034,46229,9145,36,043
"Ontario County, New York",109192,57416,10975,36,069
"Steuben County, New York",98665,47280,15888,36,101
"Hamilton County, New York",4760,48243,609,36,041
"Chautauqua County, New York",132646,42993,23894,36,013
"Kings County, New York",2595259,48201,597404,36,047
"Tioga County, New York",50199,57514,4801,36,107
"Orleans County, New York",42204,46359,6173,36,073
"Saratoga County, New York",223774,71496,14583,36,091
"Columbia County, New York",62195,59105,7067,36,021
"Lewis County, New York",27124,49819,3238,36,049
"Westchester County, New York",967315,83958,90752,36,119
"Delaware County, New York",46901,43720,6799,36,025
"Montgomery County, New York",49779,43764,10053,36,057
"Richmond County, New York",472481,73197,58470,36,085
"St. Lawrence County, New York",112011,44705,19494,36,089
"Tompkins County, New York",103855,52624,18547,36,109
"Warren County, New York",65180,56798,7685,36,113
"Cortland County, New York",49043,49514,6675,36,023
"Dutchess County, New York",296928,71904,26229,36,027
"Monroe County, New York",749356,52553,110192,36,055
"Oneida County, New York",233558,48246,37760,36,065
"Ulster County, New York",181300,58918,22290,36,111
"Chemung County, New York",88267,50320,13044,36,015
"Livingston County, New York",64801,51734,8681,36,051
"Otsego County, New York",61399,48588,9275,36,077
"Clinton County, New York",81685,49930,12163,36,019
"Greene County, New York",48312,50278,5813,36,039
"Albany County, New York",307463,59887,39349,36,001
"Allegany County, New York",48070,42776,7285,36,003
"Cattaraugus County, New York",78962,42601,13954,36,009
"Madison County, New York",72427,54145,8180,36,053
"Schenectady County, New York",154796,58114,19028,36,093
"Genesee County, New York",59458,50880,7748,36,037
"Yates County, New York",25187,49510,3446,36,123
"Greene County, North Carolina",21328,35777,4962,37,079
"Mitchell County, North Carolina",15330,37391,2910,37,121
"Chowan County, North Carolina",14656,38759,3832,37,041
"Alleghany County, North Carolina",10911,36968,1986,37,005
"Caldwell County, North Carolina",81758,35763,15765,37,027
"Catawba County, North Carolina",154610,44376,23629,37,035
"Cleveland County, North Carolina",97178,39453,19156,37,045
"Craven County, North Carolina",104450,47985,15664,37,049
"Edgecombe County, North Carolina",55280,32659,14210,37,065
"Granville County, North Carolina",58109,50225,8943,37,077
"Harnett County, North Carolina",124320,46353,22094,37,085
"Hoke County, North Carolina",51075,41542,11047,37,093
"Henderson County, North Carolina",109719,46448,14984,37,089
"Hyde County, North Carolina",5693,42897,890,37,095
"Iredell County, North Carolina",165066,52306,22803,37,097
"Mecklenburg County, North Carolina",990288,56854,148326,37,119
"Northampton County, North Carolina",21011,30429,5658,37,131
"Pitt County, North Carolina",173798,41119,42743,37,147
"Rowan County, North Carolina",138361,43069,24194,37,159
"Vance County, North Carolina",44829,33316,11064,37,181
"Cherokee County, North Carolina",27092,34662,5319,37,039
"Jayuya Municipio, Puerto Rico",15890,16033,9083,72,073
"Lares Municipio, Puerto Rico",28727,11905,16529,72,081
"Río Grande Municipio, Puerto Rico",53029,22246,20341,72,119
"San Juan Municipio, Puerto Rico",371400,21243,155011,72,127
"Vega Baja Municipio, Puerto Rico",56858,16948,27360,72,145
"Maricao Municipio, Puerto Rico",6315,12606,4054,72,093
"Ciales Municipio, Puerto Rico",17928,12630,10642,72,039
"Comerío Municipio, Puerto Rico",20339,13124,12145,72,045
"Union County, North Carolina",213422,65903,21416,37,179
"Wilkes County, North Carolina",68946,33232,15791,37,193
"Nash County, North Carolina",94722,42713,17141,37,127
"Alexander County, North Carolina",37158,39365,6191,37,003
"Dare County, North Carolina",34863,54496,2885,37,055
"Warren County, North Carolina",20468,34254,4692,37,185
"Wilson County, North Carolina",81581,39847,18475,37,195
"Gates County, North Carolina",11724,49258,1651,37,073
"Graham County, North Carolina",8700,34805,1884,37,075
"Madison County, North Carolina",21027,37904,3616,37,115
"Pamlico County, North Carolina",12982,43444,1674,37,137
"Polk County, North Carolina",20327,46528,2790,37,149
"Randolph County, North Carolina",142370,41947,24770,37,151
"Stokes County, North Carolina",46661,40696,7826,37,169
"Washington County, North Carolina",12668,34538,2737,37,187
"Clay County, North Carolina",10656,37076,2235,37,043
"Cumberland County, North Carolina",324603,44171,54949,37,051
"Guilford County, North Carolina",506763,45651,86808,37,081
"Jackson County, North Carolina",40812,38015,8139,37,099
"Pasquotank County, North Carolina",40018,45378,7256,37,139
"Robeson County, North Carolina",134871,30608,41538,37,155
"Swain County, North Carolina",14163,33931,3409,37,173
"Wake County, North Carolina",976019,67309,107687,37,183
"Anson County, North Carolina",26135,33228,5865,37,007
"McDowell County, North Carolina",44961,35965,8897,37,111
"Franklin County, North Carolina",62296,42685,9603,37,069
"Jones County, North Carolina",10166,34005,2173,37,103
"Macon County, North Carolina",33919,39133,6401,37,113
"Currituck County, North Carolina",24492,60600,2497,37,053
"Brunswick County, North Carolina",115926,46859,18725,37,019
"Transylvania County, North Carolina",32928,45114,4017,37,175
"Beaufort County, North Carolina",47561,40391,8660,37,013
"Columbus County, North Carolina",57230,34949,12768,37,047
"Lincoln County, North Carolina",79578,49215,12243,37,109
"Montgomery County, North Carolina",27601,32500,6716,37,123
"Orange County, North Carolina",138644,59290,20236,37,135
"Richmond County, North Carolina",46046,32687,11465,37,153
"Sampson County, North Carolina",63873,35490,16050,37,163
"Surry County, North Carolina",73170,36164,14195,37,171
"Avery County, North Carolina",17695,37777,2350,37,011
"Buncombe County, North Carolina",247336,45167,38256,37,021
"Cabarrus County, North Carolina",188375,54720,23384,37,025
"Caswell County, North Carolina",23174,37869,4634,37,033
"Davie County, North Carolina",41447,51527,5210,37,059
"Davidson County, North Carolina",163867,43363,25655,37,057
"Duplin County, North Carolina",59453,35035,15606,37,061
"Durham County, North Carolina",288817,52503,49835,37,063
"Hertford County, North Carolina",24368,33008,5475,37,091
"Lee County, North Carolina",59418,45608,10533,37,105
"New Hanover County, North Carolina",213091,50088,36717,37,129
"Pender County, North Carolina",55166,44828,9925,37,141
"Wayne County, North Carolina",124355,40390,27037,37,191
"Scotland County, North Carolina",35932,30958,10504,37,165
"Watauga County, North Carolina",52240,37656,14726,37,189
"Halifax County, North Carolina",53407,32245,13660,37,083
"Alamance County, North Carolina",155258,41814,29042,37,001
"Stark County, North Dakota",28628,72099,1866,38,089
"Wells County, North Dakota",4204,48098,226,38,103
"Burke County, North Dakota",2208,60096,301,38,013
"Mountrail County, North Dakota",9253,68188,1226,38,061
"Williams County, North Dakota",29619,88013,2913,38,105
"Billings County, North Dakota",969,70469,100,38,007
"Kidder County, North Dakota",2430,54559,185,38,043
"Cavalier County, North Dakota",3890,66806,180,38,019
"Grant County, North Dakota",2362,44559,346,38,037
"McHenry County, North Dakota",5817,57386,738,38,049
"Steele County, North Dakota",1979,55833,143,38,091
"Benson County, North Dakota",6794,41296,2260,38,005
"LaMoure County, North Dakota",4113,54821,383,38,045
"Morton County, North Dakota",28985,62418,2270,38,059
"Dunn County, North Dakota",4195,69732,517,38,025
"McIntosh County, North Dakota",2759,42277,311,38,051
"Nelson County, North Dakota",3048,51085,249,38,063
"Rolette County, North Dakota",14498,33277,5054,38,079
"Walsh County, North Dakota",11005,49411,1112,38,099
"Bottineau County, North Dakota",6634,56349,540,38,009
"Barnes County, North Dakota",11097,53141,841,38,003
"Grand Forks County, North Dakota",68979,48676,11223,38,035
"McKenzie County, North Dakota",9615,72794,1309,38,053
"McLean County, North Dakota",9451,55686,1072,38,055
"Pierce County, North Dakota",4395,42563,693,38,069
"Renville County, North Dakota",2562,65125,186,38,075
"Bowman County, North Dakota",3221,66845,234,38,011
"Burleigh County, North Dakota",88223,65254,6946,38,015
"Tyrrell County, North Carolina",4152,32361,779,37,177
"Logan County, North Dakota",1945,51458,151,38,047
"Oliver County, North Dakota",1819,60278,137,38,065
"Stutsman County, North Dakota",21076,52359,2130,38,093
"Ramsey County, North Dakota",11566,50841,1118,38,071
"Foster County, North Dakota",3366,55769,316,38,031
"Griggs County, North Dakota",2329,48355,179,38,039
"Sheridan County, North Dakota",1337,48102,209,38,083
"Slope County, North Dakota",673,55000,68,38,087
"Union County, Ohio",53470,67382,4344,39,159
"Pike County, Ohio",28396,40283,6436,39,131
"Paulding County, Ohio",19165,45550,2436,39,125
"Hamilton County, Ohio",804194,49013,143778,39,061
"Franklin County, Ohio",1215761,52341,208422,39,049
"Marion County, Ohio",65943,42966,11127,39,101
"Tuscarawas County, Ohio",92697,45310,12763,39,157
"Wayne County, Ohio",115371,50383,14758,39,169
"Brown County, Ohio",44247,45568,6442,39,015
"Butler County, Ohio",372538,57540,50312,39,017
"Coffee County, Tennessee",53448,41590,9818,47,031
"Fayette County, Tennessee",38814,54890,5351,47,047
"Hancock County, Tennessee",6642,26898,1793,47,067
"Hawkins County, Tennessee",56595,36927,10661,47,073
"Johnson County, Tennessee",18017,30763,4123,47,091
"Lincoln County, Tennessee",33550,40389,5517,47,103
"Macon County, Tennessee",22761,33509,4218,47,111
"Moore County, Tennessee",6351,49427,668,47,127
"Robertson County, Tennessee",67426,53151,8005,47,147
"Franklin County, Tennessee",41138,42773,6669,47,051
"Blount County, Tennessee",125188,48286,17305,47,009
"Grainger County, Tennessee",22736,35391,4647,47,057
"Giles County, Tennessee",28949,41093,4627,47,055
"Lauderdale County, Tennessee",27427,30281,6532,47,097
"Lawrence County, Tennessee",42226,37814,8443,47,099
"Madison County, Tennessee",98184,42544,18521,47,113
"Marion County, Tennessee",28306,41348,5350,47,115
"Overton County, Tennessee",22100,35287,4668,47,133
"Pickett County, Tennessee",5097,36773,808,47,137
"Wayne County, Tennessee",16897,30701,3211,47,181
"Williamson County, Tennessee",199456,96565,10054,47,187
"Bedford County, Tennessee",45986,41984,7727,47,003
"Greene County, Tennessee",68576,35196,13647,47,059
"Cumberland County, Tennessee",57455,38576,9300,47,035
"Van Buren County, Tennessee",5596,40439,988,47,175
"Claiborne County, Tennessee",31748,34899,6658,47,025
"Hickman County, Tennessee",24283,36334,4738,47,081
"Humphreys County, Tennessee",18240,41949,2856,47,085
"Putnam County, Tennessee",73810,35343,17830,47,141
"Sevier County, Tennessee",93617,42258,14128,47,155
"Stewart County, Tennessee",13286,42023,2560,47,161
"Chester County, Tennessee",17324,40167,3516,47,023
"Decatur County, Tennessee",11686,37263,2470,47,039
"Jackson County, Tennessee",11496,31534,3034,47,087
"McNairy County, Tennessee",26103,32557,5319,47,109
"Roane County, Tennessee",53162,40854,9620,47,145
"Bradley County, Tennessee",102062,42114,19357,47,011
"Hamblen County, Tennessee",62999,37617,13193,47,063
"Union County, Tennessee",19096,37351,4036,47,173
"Hardin County, Tennessee",25900,35290,5920,47,071
"Cheatham County, Tennessee",39422,51857,5396,47,021
"Carter County, Tennessee",56941,33213,13021,47,019
"Dickson County, Tennessee",50472,44680,8116,47,043
"Morgan County, Tennessee",21794,39049,4185,47,129
"Monroe County, Tennessee",45293,35291,8627,47,123
"Henry County, Tennessee",32269,38234,5862,47,079
"Crockett County, Tennessee",14600,35464,2838,47,033
"Lake County, Tennessee",7687,30086,1319,47,095
"Knox County, Tennessee",444348,48701,69061,47,093
"McMinn County, Tennessee",52506,38535,10220,47,107
"Marshall County, Tennessee",31159,42661,4986,47,117
"Rhea County, Tennessee",32394,36146,7664,47,143
"Scott County, Tennessee",22043,30246,5903,47,151
"Anderson County, Tennessee",75430,42880,13309,47,001
"Fentress County, Tennessee",17931,30259,4577,47,049
"Gibson County, Tennessee",49572,38457,9080,47,053
"Hardeman County, Tennessee",26253,31801,5636,47,069
"Loudon County, Tennessee",50229,51107,7185,47,105
"Rutherford County, Tennessee",282558,56219,34475,47,149
"Smith County, Tennessee",19136,43914,3066,47,159
"Wilson County, Tennessee",122445,61070,12132,47,189
"Unicoi County, Tennessee",18069,33210,3974,47,171
"Harrison County, Ohio",15633,43173,2657,39,067
"Knox County, Ohio",61004,48533,8825,39,083
"Licking County, Ohio",168693,56549,20926,39,089
"Richland County, Ohio",122312,41877,19504,39,139
"Vinton County, Ohio",13234,40680,2713,39,163
"Carroll County, Ohio",28361,47075,4317,39,019
"Hancock County, Ohio",75428,50895,10221,39,063
"Clermont County, Ohio",200285,60805,21127,39,025
"Franklin County, Pennsylvania",152285,53916,17554,42,055
"Union County, Pennsylvania",44958,49803,4554,42,119
"Wayne County, Pennsylvania",51642,49919,6164,42,127
"Franklin County, Missouri",101828,48480,11941,29,071
"Bedford County, Pennsylvania",49086,45930,6643,42,009
"Monroe County, Pennsylvania",167881,57365,20702,42,089
"Huntingdon County, Pennsylvania",45906,44396,5578,42,061
"Washington County, Pennsylvania",208226,56450,21074,42,125
"Philadelphia County, Pennsylvania",1555072,38253,399352,42,101
"York County, Pennsylvania",439660,58269,46124,42,133
"Indiana County, Pennsylvania",87895,45195,14176,42,063
"Cumberland County, Pennsylvania",241427,61820,19984,42,041
"Allegheny County, Pennsylvania",1231145,53040,155874,42,003
"Westmoreland County, Pennsylvania",361251,52247,36758,42,129
"Forest County, Pennsylvania",7581,35533,523,42,053
"Blair County, Pennsylvania",126448,43981,18548,42,013
"Lawrence County, Pennsylvania",89162,44571,13192,42,073
"Bradford County, Pennsylvania",62228,48987,8336,42,015
"Cambria County, Pennsylvania",139381,42107,20011,42,021
"Chester County, Pennsylvania",509797,85976,35053,42,029
"Berks County, Pennsylvania",413965,55936,56855,42,011
"Mifflin County, Pennsylvania",46675,41288,7216,42,087
"Mercer County, Missouri",3718,40768,584,29,129
"Wright County, Missouri",18449,29778,4594,29,229
"Clay County, Missouri",230361,62099,20137,29,047
"Dent County, Missouri",15612,36831,3642,29,065
"Saline County, Missouri",23334,40101,3808,29,195
"Worth County, Missouri",2082,45952,294,29,227
"Grundy County, Missouri",10256,37656,2020,29,079
"Morgan County, Missouri",20225,33525,4757,29,141
"Reynolds County, Missouri",6578,35648,1361,29,179
"St. Louis County, Missouri",1001327,59755,106821,29,189
"Stone County, Missouri",31375,40510,5147,29,209
"Barry County, Missouri",35726,39033,7072,29,009
"Boone County, Missouri",170770,49899,31824,29,019
"Cole County, Missouri",76533,53088,9237,29,051
"Crawford County, Missouri",24660,36743,5093,29,055
"Iron County, Missouri",10322,36239,2293,29,093
"Livingston County, Missouri",15042,43350,2273,29,117
"Moniteau County, Missouri",15801,47725,1885,29,135
"Pemiscot County, Missouri",17837,29238,5068,29,155
"Pettis County, Missouri",42215,39928,7484,29,159
"Shannon County, Missouri",8317,32404,1938,29,203
"Randolph County, Missouri",25135,37832,4395,29,175
"Dunklin County, Missouri",31562,31077,8536,29,069
"Defiance County, Ohio",38669,50663,5071,39,039
"Highland County, Ohio",43170,39858,8604,39,071
"Henry County, Ohio",28015,53835,3144,39,069
"Jefferson County, Ohio",68053,41942,11533,39,081
"Portage County, Ohio",161897,52552,24219,39,133
"Putnam County, Ohio",34184,60524,1966,39,137
"Belmont County, Ohio",69560,43833,9553,39,013
"Clinton County, Ohio",41892,46787,6425,39,027
"Fayette County, Ohio",28769,40503,5185,39,047
"Perry County, Ohio",36025,42017,6876,39,127
"Pickaway County, Ohio",56515,57439,6509,39,129
"Madison County, Ohio",43456,57406,3580,39,097
"Muskingum County, Ohio",86016,41130,15554,39,119
"Sandusky County, Ohio",60187,47209,8458,39,143
"Van Wert County, Ohio",28576,48060,3600,39,161
"Washington County, Ohio",61351,43509,9777,39,167
"Auglaize County, Ohio",45873,54274,4010,39,011
"Darke County, Ohio",52356,44632,6846,39,037
"Ottawa County, Ohio",41162,53914,4349,39,123
"Hardin County, Ohio",31736,42703,5491,39,065
"Jackson County, Ohio",32854,39460,7637,39,079
"Huron County, Ohio",58937,48745,7853,39,077
"Athens County, Ohio",64974,33872,18263,39,009
"Adams County, Ohio",28229,35560,6832,39,001
"Medina County, Ohio",174831,66952,12859,39,103
"Lucas County, Ohio",436261,41777,90091,39,095
"Noble County, Ohio",14508,41708,1521,39,121
"Seneca County, Ohio",55929,45444,8923,39,147
"Stark County, Ohio",374979,47137,53715,39,151
"Coshocton County, Ohio",36724,41701,5835,39,031
"Fairfield County, Ohio",149112,60567,15110,39,045
"Delaware County, Ohio",185433,91955,8285,39,041
"Geauga County, Ohio",93874,72430,6969,39,055
"Hocking County, Ohio",28914,42170,4894,39,073
"Lake County, Ohio",229437,58029,20063,39,085
"Ross County, Ohio",77334,43345,13746,39,141
"Cuyahoga County, Ohio",1263189,44190,231823,39,035
"Holmes County, Ohio",43436,51996,5398,39,075
"Miami County, Ohio",103517,51569,13076,39,109
"Monroe County, Ohio",14547,41528,2782,39,111
"Trumbull County, Ohio",206373,43073,34912,39,155
"Wood County, Ohio",128885,53577,17461,39,173
"Ashland County, Ohio",53189,48003,7569,39,005
"Dewey County, Oklahoma",4863,50904,788,40,043
"Harper County, Oklahoma",3766,48359,520,40,059
"Logan County, Oklahoma",44493,55299,4943,40,083
"Tulsa County, Oklahoma",623335,49759,96498,40,143
"Washington County, Oklahoma",51760,50023,7307,40,147
"Harmon County, Oklahoma",2866,31250,481,40,057
"Haskell County, Oklahoma",12850,35252,2524,40,061
"Okmulgee County, Oklahoma",39446,38843,7880,40,111
"Osage County, Oklahoma",48054,45443,7365,40,113
"Jefferson County, Oklahoma",6333,33449,1313,40,067
"Garfield County, Oklahoma",62192,48238,7852,40,047
"Garvin County, Oklahoma",27455,40524,5038,40,049
"Pittsburg County, Oklahoma",44961,42576,7994,40,121
"Pontotoc County, Oklahoma",38055,43261,6769,40,123
"Roger Mills County, Oklahoma",3780,50739,544,40,129
"Woodward County, Oklahoma",20986,55300,2595,40,153
"Cherokee County, Oklahoma",48097,38694,10426,40,021
"Delaware County, Oklahoma",41409,37942,8311,40,041
"Payne County, Oklahoma",79423,37667,18483,40,119
"Pottawatomie County, Oklahoma",71136,44688,12288,40,125
"Creek County, Oklahoma",70761,45016,10813,40,037
"Tillman County, Oklahoma",7715,37759,1750,40,141
"Washita County, Oklahoma",11649,49632,1725,40,149
"Cotton County, Oklahoma",6112,46361,1030,40,033
"Kiowa County, Oklahoma",9302,39909,1883,40,075
"Le Flore County, Oklahoma",49899,36490,11035,40,079
"McCurtain County, Oklahoma",33143,32324,8256,40,089
"Major County, Oklahoma",7700,51571,1073,40,093
"Mayes County, Oklahoma",41007,42071,8585,40,097
"Oklahoma County, Oklahoma",754480,47437,134377,40,109
"Custer County, Oklahoma",28978,46125,4595,40,039
"Love County, Oklahoma",9663,44549,1292,40,085
"Beckham County, Oklahoma",23300,48601,2777,40,009
"Choctaw County, Oklahoma",15120,30617,4297,40,023
"Jackson County, Oklahoma",26056,41560,4276,40,065
"Lincoln County, Oklahoma",34504,45149,5335,40,081
"Pawnee County, Oklahoma",16499,45765,2249,40,117
"Seminole County, Oklahoma",25481,36068,5371,40,133
"Cimarron County, Oklahoma",2341,46680,414,40,025
"Blaine County, Oklahoma",9810,41972,1293,40,011
"Coal County, Oklahoma",5812,38243,1186,40,029
"Grant County, Oklahoma",4517,50250,430,40,053
"Kingfisher County, Oklahoma",15302,60034,1093,40,073
"McClain County, Oklahoma",36512,56088,3944,40,087
"Marshall County, Oklahoma",16014,40475,2645,40,095
"Noble County, Oklahoma",11506,48285,1515,40,103
"Ellis County, Oklahoma",4121,50855,595,40,045
"Grady County, Oklahoma",53612,52279,6690,40,051
"Nowata County, Oklahoma",10555,39875,1928,40,105
"Rogers County, Oklahoma",89190,58139,8271,40,131
"Sequoyah County, Oklahoma",41464,35736,10261,40,135
"Alfalfa County, Oklahoma",5755,50156,606,40,003
"Woods County, Oklahoma",9033,55315,1283,40,151
"Cleveland County, Oklahoma",268614,56452,32758,40,027
"Okfuskee County, Oklahoma",12248,36216,2797,40,107
"Atoka County, Oklahoma",13906,36661,2794,40,005
"Union County, Oregon",25745,43822,4641,41,061
"Marion County, Oregon",323259,48432,57846,41,047
"Douglas County, Oregon",107194,41312,20377,41,019
"Jefferson County, Oregon",22061,46366,4358,41,031
"Polk County, Oregon",77264,52821,12270,41,053
"Deschutes County, Oregon",166622,51223,24220,41,017
"Linn County, Oregon",118971,45644,22201,41,043
"Yamhill County, Oregon",101119,53423,15877,41,071
"Baker County, Oregon",16052,41098,2353,41,001
"Klamath County, Oregon",65972,40336,12542,41,035
"Lincoln County, Oregon",46347,42101,7754,41,041
"Benton County, Oregon",86495,49802,18139,41,003
"Crook County, Oregon",20956,37106,4048,41,013
"Sherman County, Oregon",1795,38362,386,41,055
"Harney County, Oregon",7229,37580,1268,41,025
"Malheur County, Oregon",30551,35418,6865,41,045
"Wallowa County, Oregon",6857,40581,1033,41,063
"Wheeler County, Oregon",1348,33487,250,41,069
"Morrow County, Oregon",11204,50918,1844,41,049
"Coos County, Oregon",62775,38605,11310,41,011
"Curry County, Oregon",22338,40884,3682,41,015
"Gilliam County, Oregon",1883,44293,186,41,021
"Lake County, Oregon",7842,32369,1365,41,037
"Multnomah County, Oregon",768418,54102,136472,41,051
"Pike County, Pennsylvania",56632,60180,5532,42,103
"Snyder County, Pennsylvania",40046,49917,4077,42,109
"Susquehanna County, Pennsylvania",42369,50477,5455,42,115
"Crawford County, Pennsylvania",87343,44579,12321,42,039
"Erie County, Pennsylvania",279858,45971,44595,42,049
"Fulton County, Pennsylvania",14694,48311,1779,42,057
"Juniata County, Pennsylvania",24829,47398,3245,42,067
"Schuylkill County, Pennsylvania",146360,45535,18278,42,107
"Wyoming County, Pennsylvania",28147,51004,3030,42,131
"Adams County, Pennsylvania",101767,60356,8715,42,001
"Armstrong County, Pennsylvania",67979,44942,8738,42,005
"Clinton County, Pennsylvania",39614,45078,6086,42,035
"Carbon County, Pennsylvania",64634,49973,6909,42,025
"Centre County, Pennsylvania",157823,52186,27217,42,027
"Northumberland County, Pennsylvania",94006,42406,12279,42,097
"Northampton County, Pennsylvania",299616,60972,27294,42,095
"Venango County, Pennsylvania",53906,43644,8123,42,121
"Beaver County, Pennsylvania",169785,50581,19888,42,007
"Lackawanna County, Pennsylvania",213459,46271,30447,42,069
"McKean County, Pennsylvania",42884,43965,6830,42,083
"Fayette County, Pennsylvania",134851,39636,25282,42,051
"Montgomery County, Pennsylvania",812970,80675,52330,42,091
"Clearfield County, Pennsylvania",81343,42257,11306,42,033
"Lebanon County, Pennsylvania",135776,55499,14922,42,075
"Lycoming County, Pennsylvania",116656,47313,16150,42,081
"Montour County, Pennsylvania",18508,54648,1749,42,093
"Warren County, Pennsylvania",40962,44020,4891,42,123
"Butler County, Pennsylvania",185689,60934,16325,42,019
"Elk County, Pennsylvania",31370,46671,2721,42,047
"Lancaster County, Pennsylvania",530216,57721,55372,42,071
"Mercer County, Pennsylvania",115320,44156,14549,42,085
"Potter County, Pennsylvania",17377,40654,2570,42,105
"Hood River County, Oregon",22749,55827,3223,41,027
"Tioga County, Pennsylvania",42284,46494,5891,42,117
"Newport County, Rhode Island",82663,69526,8005,44,005
"Providence County, Rhode Island",630459,49743,107120,44,007
"Bristol County, Rhode Island",49176,72458,3396,44,001
"Aiken County, South Carolina",163908,45759,29126,45,003
"Allendale County, South Carolina",9838,25327,2537,45,005
"Edgefield County, South Carolina",26466,46637,3896,45,037
"Chester County, South Carolina",32556,31914,8734,45,023
"Colleton County, South Carolina",38004,32804,8340,45,029
"Marion County, South Carolina",32167,29874,8865,45,067
"Lexington County, South Carolina",273843,53857,38470,45,063
"Oconee County, South Carolina",74949,41237,14897,45,073
"Berkeley County, South Carolina",193613,52506,26327,45,015
"Charleston County, South Carolina",372904,53437,62119,45,019
"Georgetown County, South Carolina",60572,42835,12557,45,043
"Marlboro County, South Carolina",27993,30767,7224,45,069
"Anderson County, South Carolina",191215,42143,30915,45,007
"Chesterfield County, South Carolina",46192,32083,11930,45,025
"Greenwood County, South Carolina",69771,37060,15875,45,047
"Horry County, South Carolina",290730,43299,51988,45,051
"Kershaw County, South Carolina",62722,43622,10467,45,055
"Orangeburg County, South Carolina",90575,34218,20600,45,075
"Bamberg County, South Carolina",15432,31314,4077,45,009
"Beaufort County, South Carolina",171420,57048,21221,45,013
"Calhoun County, South Carolina",14958,43531,2896,45,017
"Dillon County, South Carolina",31435,28938,10502,45,033
"Saluda County, South Carolina",20000,38827,4062,45,081
"Richland County, South Carolina",397899,49131,62611,45,079
"Fairfield County, South Carolina",23108,36004,5566,45,039
"Hampton County, South Carolina",20473,31410,3963,45,049
"Greenville County, South Carolina",474903,50540,72169,45,045
"Lancaster County, South Carolina",81263,44016,14802,45,057
"Dorchester County, South Carolina",145715,54901,18737,45,035
"Florence County, South Carolina",138330,42080,26802,45,041
"Laurens County, South Carolina",66389,38515,13395,45,059
"McCormick County, South Carolina",9895,38712,1681,45,065
"Pickens County, South Carolina",120124,41459,22545,45,077
"Union County, South Carolina",28125,34033,5605,45,087
"Williamsburg County, South Carolina",33238,28297,9349,45,089
"Aurora County, South Dakota",2729,48750,223,46,003
"Grant County, South Dakota",7227,51272,582,46,051
"Tripp County, South Dakota",5504,37153,1212,46,123
"Ziebach County, South Dakota",2833,35119,1103,46,137
"Spink County, South Dakota",6570,48217,798,46,115
"Bon Homme County, South Dakota",7013,45254,576,46,009
"Brookings County, South Dakota",33046,50082,4811,46,011
"Fall River County, South Dakota",6906,45997,1097,46,047
"Hamlin County, South Dakota",5982,58602,424,46,057
"Jackson County, South Dakota",3237,45074,1059,46,071
"Custer County, South Dakota",8394,52218,850,46,033
"Hyde County, South Dakota",1413,51776,168,46,069
"Faulk County, South Dakota",2359,43679,373,46,049
"Hutchinson County, South Dakota",7226,45075,926,46,067
"Walworth County, South Dakota",5495,43221,650,46,129
"Buffalo County, South Dakota",2038,31163,711,46,017
"Day County, South Dakota",5618,39216,1200,46,037
"Douglas County, South Dakota",2973,52500,246,46,043
"Spartanburg County, South Carolina",291240,43907,49665,45,083
"Harding County, South Dakota",1328,52396,174,46,063
"McPherson County, South Dakota",2263,36375,478,46,089
"Roberts County, South Dakota",10318,48614,2031,46,109
"Sully County, South Dakota",1469,60417,74,46,119
"Lincoln County, South Dakota",49874,76094,2158,46,083
"Lake County, South Dakota",12086,54535,1732,46,079
"Lawrence County, South Dakota",24645,45548,3115,46,081
"Codington County, South Dakota",27750,48912,2806,46,029
"Butte County, South Dakota",10292,41920,1082,46,019
"Corson County, South Dakota",4149,31676,1865,46,031
"Edmunds County, South Dakota",4018,56000,479,46,045
"Campbell County, South Dakota",1548,45170,140,46,021
"Bennett County, South Dakota",3438,42171,1361,46,007
"Haakon County, South Dakota",2083,41518,343,46,055
"Jones County, South Dakota",781,35972,89,46,075
"Meade County, South Dakota",26381,52473,2764,46,093
"Turner County, South Dakota",8302,53378,761,46,125
"Brown County, South Dakota",38060,53100,3613,46,013
"Hanson County, South Dakota",3386,60741,406,46,061
"McCook County, South Dakota",5613,56954,467,46,087
"Mellette County, South Dakota",2086,30938,921,46,095
"Union County, South Dakota",14842,64471,783,46,127
"Miner County, South Dakota",2306,44938,234,46,097
"Warren County, Tennessee",40015,35376,8329,47,177
"Washington County, Tennessee",125317,42817,21842,47,179
"Weakley County, Tennessee",34415,37037,6075,47,183
"Benton County, Tennessee",16261,33240,3667,47,005
"Bledsoe County, Tennessee",13686,37013,2697,47,007
"Campbell County, Tennessee",40176,32028,9203,47,013
"Cannon County, Tennessee",13787,41533,2500,47,015
"Houston County, Tennessee",8290,39401,1860,47,083
"Maury County, Tennessee",84089,47692,12667,47,119
"Polk County, Texas",46113,39662,7279,48,373
"Refugio County, Texas",7277,44240,1203,48,391
"Van Zandt County, Texas",52736,44002,8787,48,467
"Caldwell County, Texas",39347,47233,7169,48,055
"Wilbarger County, Texas",13158,41630,2275,48,487
"Martin County, Texas",5252,55682,692,48,317
"Reagan County, Texas",3598,52181,552,48,383
"Yoakum County, Texas",8213,56153,979,48,501
"Hale County, Texas",35504,43375,7548,48,189
"Shelby County, Texas",25725,37756,5553,48,419
"Red River County, Texas",12567,31563,2321,48,387
"Runnels County, Texas",10445,41526,2071,48,399
"Sutton County, Texas",3966,51667,328,48,435
"Tom Green County, Texas",115056,46711,16202,48,451
"Victoria County, Texas",90099,51758,14531,48,469
"Wharton County, Texas",41264,45176,7178,48,481
"Wichita County, Texas",131957,45543,20712,48,485
"Borden County, Texas",705,73750,10,48,033
"Marion County, Texas",10248,34175,2264,48,315
"Maverick County, Texas",56548,33747,14872,48,323
"Moody County, South Dakota",6439,52446,910,46,101
"Pennington County, South Dakota",106085,50890,13079,46,103
"Grayson County, Texas",122780,47952,19420,48,181
"Live Oak County, Texas",11873,50400,1567,48,297
"Palo Pinto County, Texas",27921,39516,5425,48,363
"Karnes County, Texas",14879,45502,3079,48,255
"DeWitt County, Texas",20540,49736,2817,48,123
"Callahan County, Texas",13532,40981,2548,48,059
"Cass County, Texas",30328,37352,5915,48,067
"Gregg County, Texas",123178,47639,21769,48,183
"Madison County, Texas",13838,39390,1938,48,313
"Lubbock County, Texas",290782,46075,54155,48,303
"Kaufman County, Texas",109289,60391,15016,48,257
"Kendall County, Texas",37361,73240,2862,48,259
"Floyd County, Texas",6178,41026,1375,48,153
"Bailey County, Texas",7126,37397,1319,48,017
"Chambers County, Texas",37251,70544,3921,48,071
"Bell County, Texas",326041,50550,48543,48,027
"Cameron County, Texas",417947,33266,139768,48,061
"Deaf Smith County, Texas",19245,43373,3955,48,117
"El Paso County, Texas",831095,41637,185728,48,141
"La Salle County, Texas",7191,37292,972,48,283
"Terrell County, Texas",921,31111,186,48,443
"Tyler County, Texas",21462,41360,3159,48,457
"Wheeler County, Texas",5618,52221,862,48,483
"Archer County, Texas",8779,60275,862,48,009
"Brewster County, Texas",9235,38395,1238,48,043
"Hidalgo County, Texas",819217,34782,277104,48,215
"Smith County, Texas",217552,46929,37048,48,423
"Howard County, Texas",36105,49575,4787,48,227
"Mills County, Texas",4875,43920,688,48,333
"Montague County, Texas",19478,46172,2878,48,337
"Panola County, Texas",23900,50119,3509,48,365
"Sabine County, Texas",10440,31307,2840,48,403
"Sherman County, Texas",3066,51987,376,48,421
"Swisher County, Texas",7713,37040,1595,48,437
"Hunt County, Texas",88052,45197,16112,48,231
"Camp County, Texas",12516,37851,2454,48,063
"Hansford County, Texas",5559,44219,939,48,195
"Guadalupe County, Texas",143460,62420,13924,48,187
"Clay County, Texas",10479,48297,1246,48,077
"Hartley County, Texas",6121,63004,295,48,205
"Hill County, Texas",34923,41382,7049,48,217
"Limestone County, Texas",23454,37554,5189,48,293
"Nacogdoches County, Texas",65531,39538,14752,48,347
"Parmer County, Texas",10004,45326,1696,48,369
"Parker County, Texas",121418,67288,11785,48,367
"Presidio County, Texas",7304,32132,1586,48,377
"Val Verde County, Texas",48980,42174,9738,48,465
"Culberson County, Texas",2296,35000,677,48,109
"Ector County, Texas",149557,57150,19162,48,135
"Garza County, Texas",6410,48508,432,48,169
"Glasscock County, Texas",1180,67303,40,48,173
"Grimes County, Texas",26961,46195,4701,48,185
"Collin County, Texas",862215,84735,64824,48,085
"Angelina County, Texas",87748,44223,16497,48,005
"Cottle County, Texas",1510,34955,340,48,101
"Hays County, Texas",177562,58583,28783,48,209
"Brazoria County, Texas",331741,69749,35762,48,039
"Donley County, Texas",3588,36681,585,48,129
"Crockett County, Texas",3699,53678,635,48,105
"Haskell County, Texas",5853,39850,1030,48,207
"Atascosa County, Texas",47050,52192,7619,48,013
"Nolan County, Texas",15061,37102,3108,48,353
"Hudspeth County, Texas",3330,26384,1192,48,229
"Ward County, Texas",11225,51345,1831,48,475
"Harrison County, Texas",66417,45974,11151,48,203
"Menard County, Texas",2182,34464,317,48,327
"Fayette County, Texas",24849,47808,3021,48,149
"Williamson County, Texas",473592,73750,35014,48,491
"Hutchinson County, Texas",21858,49353,3493,48,233
"Morris County, Texas",12700,39453,2346,48,343
"Orange County, Texas",83217,49763,12691,48,361
"Winkler County, Texas",7576,55756,1040,48,495
"Harris County, Texas",4356362,54457,774568,48,201
"Burnet County, Texas",44144,49732,6989,48,053
"Gillespie County, Texas",25398,54859,2791,48,171
"Dallas County, Texas",2485003,50270,472926,48,113
"McMullen County, Texas",778,46250,92,48,311
"Young County, Texas",18329,44693,2751,48,503
"Johnson County, Texas",155450,58135,18392,48,251
"Hopkins County, Texas",35645,44396,6972,48,223
"Ochiltree County, Texas",10642,51517,1447,48,357
"Knox County, Texas",3796,40493,605,48,275
"McLennan County, Texas",241505,42687,49881,48,309
"Concho County, Texas",4086,48368,298,48,095
"Edwards County, Texas",1906,41813,205,48,137
"Eastland County, Texas",18328,34888,3162,48,133
"Jeff Davis County, Texas",2232,50165,123,48,243
"Jim Hogg County, Texas",5239,35521,915,48,247
"Webb County, Texas",263251,38862,82307,48,479
"Armstrong County, Texas",1943,59737,130,48,011
"Castro County, Texas",7948,39459,1339,48,069
"Kleberg County, Texas",32029,38247,7849,48,273
"Cooke County, Texas",38761,52406,5292,48,097
"Crosby County, Texas",6007,37434,1358,48,107
"Fisher County, Texas",3858,41406,666,48,151
"Duval County, Texas",11577,33939,2617,48,131
"Blanco County, Texas",10723,55504,954,48,031
"Caledonia County, Vermont",31012,45323,3733,50,005
"Windham County, Vermont",43858,51045,5421,50,025
"Bennington County, Vermont",36589,49573,4735,50,003
"Addison County, Vermont",36943,59688,3124,50,001
"Essex County, Vermont",6207,36599,929,50,009
"Washington County, Vermont",59132,58788,5729,50,023
"Millard County, Utah",12582,51593,1602,49,027
"Tooele County, Utah",60893,63552,4339,49,045
"Washington County, Utah",148244,50774,21893,49,053
"Kane County, Utah",7202,50194,562,49,025
"Summit County, Utah",38521,91773,3001,49,043
"Grand County, Utah",9388,41312,1740,49,019
"Piute County, Utah",1865,35980,376,49,031
"Rich County, Utah",2292,50781,333,49,033
"Wasatch County, Utah",26661,66486,2633,49,051
"Beaver County, Utah",6461,50282,797,49,001
"Box Elder County, Utah",50991,55038,4779,49,003
"Iron County, Utah",47139,43855,9727,49,021
"Sanpete County, Utah",28261,50323,4043,49,039
"Sevier County, Utah",20871,46291,2973,49,041
"Weber County, Utah",238682,56581,30547,49,057
"San Juan County, Utah",15152,41484,4149,49,037
"Salt Lake County, Utah",1078958,62117,131630,49,035
"Daggett County, Utah",776,56750,47,49,009
"Wayne County, Utah",2722,40645,414,49,055
"Montgomery County, Texas",502586,68838,59856,48,339
"Dimmit County, Texas",10682,36825,2003,48,127
"Carbon County, Utah",20927,46900,3113,49,007
"Morgan County, Utah",10276,74314,557,49,029
"Cache County, Utah",117449,50497,17713,49,005
"Juab County, Utah",10400,54761,1464,49,023
"James City County, Virginia",70673,75710,5648,51,095
"Russell County, Virginia",28245,35045,5777,51,167
"Smyth County, Virginia",31734,37983,5815,51,173
"Charlottesville city, Virginia",45084,49775,10995,51,540
"Campbell County, Virginia",55012,47699,7309,51,031
"Henrico County, Virginia",318864,61934,33914,51,087
"King George County, Virginia",24933,81688,1366,51,099
"Lancaster County, Virginia",11129,50374,1246,51,103
"Lee County, Virginia",25206,31086,6027,51,105
"Mathews County, Virginia",8880,63845,613,51,115
"Middlesex County, Virginia",10717,54654,982,51,119
"Prince George County, Virginia",37380,61857,3370,51,149
"Richmond County, Virginia",8989,47288,748,51,159
"Scott County, Virginia",22570,37240,4406,51,169
"Spotsylvania County, Virginia",127691,78125,10396,51,177
"Appomattox County, Virginia",15208,48823,2668,51,011
"Franklin County, Virginia",56315,46870,8123,51,067
"King and Queen County, Virginia",7106,48292,949,51,097
"Montgomery County, Virginia",96467,46663,21707,51,121
"New Kent County, Virginia",19560,73041,1327,51,127
"Howard County, Missouri",10182,44820,1587,29,089
"Jackson County, Missouri",680905,46869,119678,29,095
"Miller County, Missouri",24956,38094,4942,29,131
"Putnam County, Missouri",4895,36346,926,29,171
"Taney County, Missouri",53555,38357,9825,29,213
"Buchanan County, Missouri",89561,46315,15456,29,021
"Caldwell County, Missouri",9083,43691,1186,29,025
"Cass County, Missouri",100781,61584,9805,29,037
"Clinton County, Missouri",20498,54773,1856,29,049
"Dallas County, Missouri",16564,38062,3577,29,059
"Hickory County, Missouri",9335,32122,2394,29,085
"Lincoln County, Missouri",53850,53718,7980,29,113
"Monroe County, Missouri",8680,43138,1260,29,137
"Newton County, Missouri",58777,43290,8377,29,145
"Pike County, Missouri",18517,41750,2482,29,163
"St. Charles County, Missouri",374805,72415,23022,29,183
"Cape Girardeau County, Missouri",77606,46050,13626,29,031
"Shelby County, Missouri",6179,39087,1092,29,205
"Webster County, Missouri",36690,44451,6733,29,225
"Atchison County, Missouri",5440,43933,693,29,005
"Bates County, Missouri",16643,41060,2996,29,013
"Benton County, Missouri",18854,33042,3540,29,015
"Carter County, Missouri",6284,33034,1319,29,035
"Dade County, Missouri",7618,37035,1473,29,057
"Linn County, Missouri",12401,37997,2196,29,115
"Howell County, Missouri",40326,32784,9158,29,091
"Johnson County, Missouri",54155,49792,8407,29,101
"Laclede County, Missouri",35514,39712,6816,29,105
"Maries County, Missouri",9057,39700,1721,29,125
"Phelps County, Missouri",45029,41618,8137,29,161
"Platte County, Missouri",93394,68254,7106,29,165
"St. Francois County, Missouri",66010,39741,11138,29,187
"St. Louis city, Missouri",317850,35599,83416,29,510
"Andrew County, Missouri",17328,55613,1531,29,003
"Butler County, Missouri",42951,35738,8942,29,023
"Carroll County, Missouri",9096,42415,1273,29,033
"Daviess County, Missouri",8277,41642,1340,29,061
"Holt County, Missouri",4615,42500,555,29,087
"Marion County, Missouri",28840,40814,5020,29,127
"Osage County, Missouri",13758,52693,1139,29,151
"Ripley County, Missouri",13990,32444,3167,29,181
"Warren County, Missouri",33043,51133,4507,29,219
"Washington County, Missouri",25048,35305,5030,29,221
"Christian County, Missouri",80904,53270,8879,29,043
"DeKalb County, Missouri",12782,41406,1391,29,063
"Harrison County, Missouri",8722,39301,1485,29,081
"Lafayette County, Missouri",32916,50723,3706,29,107
"Adair County, Missouri",25560,37516,6105,29,001
"Scotland County, Missouri",4873,39772,730,29,199
"Sullivan County, Missouri",6512,40197,1066,29,211
"Clark County, Missouri",6919,43883,928,29,045
"Jasper County, Missouri",117184,41811,19556,29,097
"Lewis County, Missouri",10172,43909,1215,29,111
"Halifax County, Virginia",35506,35240,6675,51,083
"Loudoun County, Virginia",351129,123453,14047,51,107
"Prince William County, Virginia",437271,98657,28739,51,153
"Southampton County, Virginia",18410,48962,2649,51,175
"Highland County, Virginia",2244,43914,282,51,091
"Caroline County, Virginia",29349,59227,3601,51,033
"Gloucester County, Virginia",37001,61121,2735,51,073
"Patrick County, Virginia",18264,33982,3818,51,141
"Powhatan County, Virginia",28207,77896,1252,51,145
"Shenandoah County, Virginia",42724,49406,5138,51,171
"Fauquier County, Virginia",67463,91609,3762,51,061
"Staunton city, Virginia",24193,40842,4052,51,790
"Fluvanna County, Virginia",26014,63938,1618,51,065
"Amelia County, Virginia",12777,56850,1471,51,007
"Radford city, Virginia",17057,29912,5497,51,750
"Winchester city, Virginia",27168,45363,4200,51,840
"Accomack County, Virginia",33115,39412,6384,51,001
"Craig County, Virginia",5212,44330,611,51,045
"Floyd County, Virginia",15523,48005,1551,51,063
"Giles County, Virginia",16907,46390,1891,51,071
"Grayson County, Virginia",15573,29942,3244,51,077
"Nottoway County, Virginia",15711,36284,3444,51,135
"Rappahannock County, Virginia",7431,57210,733,51,157
"Charles City County, Virginia",7118,49563,933,51,036
"Culpeper County, Virginia",48424,66697,4320,51,047
"Dinwiddie County, Virginia",28110,51397,4061,51,053
"Greene County, Virginia",18938,61550,1853,51,079
"Hanover County, Virginia",101340,78645,5976,51,085
"Lunenburg County, Virginia",12558,39506,2279,51,111
"Orange County, Virginia",34596,65166,4105,51,137
"Emporia city, Virginia",5672,28601,1907,51,595
"Wythe County, Virginia",29190,41360,4356,51,197
"Chesapeake city, Virginia",230601,68620,21734,51,550
"Harrisonburg city, Virginia",51388,38750,14326,51,660
"Albemarle County, Virginia",103108,68449,9714,51,003
"Bedford County, Virginia",76463,56316,7372,51,019
"Buckingham County, Virginia",17068,40331,2867,51,029
"Wise County, Virginia",40530,37407,8414,51,195
"Covington city, Virginia",5736,34746,1437,51,580
"Cumberland County, Virginia",9859,39301,1996,51,049
"Dickenson County, Virginia",15463,33624,3225,51,051
"Portsmouth city, Virginia",96135,45676,17000,51,740
"Virginia Beach city, Virginia",448290,66634,36267,51,810
"Alleghany County, Virginia",16066,45007,2682,51,005
"Galax city, Virginia",6876,30604,1766,51,640
"Westmoreland County, Virginia",17557,47911,2323,51,193
"Northumberland County, Virginia",12304,51885,1352,51,133
"Pulaski County, Virginia",34528,47495,4506,51,155
"Warren County, Virginia",38481,61454,3696,51,187
"Danville city, Virginia",42450,32315,9629,51,590
"Fredericksburg city, Virginia",27395,51762,4108,51,630
"Amherst County, Virginia",32148,47558,4086,51,009
"Bath County, Virginia",4583,43646,347,51,017
"Hopewell city, Virginia",22279,39064,4165,51,670
"Newport News city, Virginia",181323,50077,26984,51,700
"Frederick County, Virginia",81340,69098,5247,51,069
"Lynchburg city, Virginia",78158,39589,16775,51,680
"York County, Virginia",66471,81749,4198,51,199
"Martinsville city, Virginia",13624,29587,3105,51,690
"Polk County, Missouri",31107,41130,5515,29,167
"Ray County, Missouri",23031,52526,3598,29,177
"Hill County, Montana",16523,44633,3400,30,041
"Chouteau County, Montana",5855,38521,1341,30,015
"Lincoln County, Montana",19337,35275,3554,30,053
"Park County, Montana",15708,43932,1918,30,067
"Treasure County, Montana",812,41103,178,30,103
"Blaine County, Montana",6598,36744,1795,30,005
"Sweet Grass County, Montana",3633,50588,458,30,097
"Teton County, Montana",6074,46360,723,30,099
"Prairie County, Montana",1372,42383,239,30,079
"Glacier County, Montana",13672,29640,4447,30,035
"Fallon County, Montana",3057,53266,198,30,025
"Golden Valley County, Montana",756,40938,201,30,037
"Silver Bow County, Montana",34549,37749,6771,30,093
"Stillwater County, Montana",9288,58259,721,30,095
"Jefferson County, Montana",11502,60842,1068,30,043
"Granite County, Montana",3168,48512,466,30,039
"Wheatland County, Montana",2115,32723,410,30,107
"Madison County, Montana",7767,46250,820,30,057
"Sheridan County, Montana",3630,50664,373,30,091
"Carter County, Montana",1227,45000,141,30,011
"Big Horn County, Montana",13141,41622,3788,30,003
"Lake County, Montana",29157,38732,6509,30,047
"Lewis and Clark County, Montana",65357,56197,7803,30,049
"Pondera County, Montana",6206,42264,1283,30,073
"Yellowstone County, Montana",153692,52802,17250,30,111
"Missoula County, Montana",111966,46164,17414,30,063
"Ravalli County, Montana",40823,39480,7308,30,081
"Valley County, Montana",7577,49141,885,30,105
"Cascade County, Montana",82090,45205,12212,30,013
"Fergus County, Montana",11468,40881,1287,30,027
"Garfield County, Montana",1047,39732,96,30,033
"Mineral County, Montana",4238,36031,721,30,061
"Petroleum County, Montana",443,43750,30,30,069
"Powell County, Montana",6975,40000,735,30,077
"Sanders County, Montana",11346,32257,2497,30,089
"Wibaux County, Montana",986,38553,145,30,109
"Gallatin County, Montana",95323,55553,12125,30,031
"Meagher County, Montana",1898,41641,265,30,059
"Carbon County, Montana",10268,49767,1137,30,009
"Beaverhead County, Montana",9291,41512,1446,30,001
"Flathead County, Montana",93333,47851,12307,30,029
"McDonald County, Missouri",22763,38368,4876,29,119
"Perry County, Missouri",19100,51499,1798,29,157
"Musselshell County, Montana",4790,39517,774,30,065
"Harlan County, Nebraska",3458,46766,450,31,083
"York County, Nebraska",13825,51802,1393,31,185
"Buffalo County, Nebraska",47958,53624,5978,31,019
"Colfax County, Nebraska",10522,51367,1374,31,037
"Hitchcock County, Nebraska",2879,39231,490,31,087
"Platte County, Nebraska",32642,56318,2728,31,141
"Polk County, Nebraska",5271,57312,389,31,143
"Box Butte County, Nebraska",11310,51691,1886,31,013
"Brown County, Nebraska",3078,36078,499,31,017
"Sheridan County, Nebraska",5294,41985,857,31,161
"Lancaster County, Nebraska",298080,51830,41796,31,109
"Nuckolls County, Nebraska",4391,40488,501,31,129
"Banner County, Nebraska",820,48897,96,31,007
"Pittsylvania County, Virginia",62794,41824,9944,51,143
"Buena Vista city, Virginia",6666,29097,1755,51,530
"Falls Church city, Virginia",13308,120522,361,51,610
"Petersburg city, Virginia",32123,31798,8795,51,730
"Poquoson city, Virginia",12077,83735,502,51,735
"Fairfax city, Virginia",23402,105297,1593,51,600
"Waynesboro city, Virginia",21150,45643,3796,51,820
"Roanoke city, Virginia",98736,39930,20514,51,770
"Suffolk city, Virginia",86184,65499,9835,51,800
"Norfolk city, Virginia",245452,44480,46288,51,710
"Chesterfield County, Virginia",328176,72609,24002,51,041
"Fairfax County, Virginia",1128722,112552,66762,51,059
"Okanogan County, Washington",41332,40730,8646,53,047
"Kittitas County, Washington",42204,46458,8804,53,037
"Benton County, Washington",184930,60251,26013,53,005
"Clark County, Washington",444506,60756,49314,53,011
"Asotin County, Washington",22040,44394,3301,53,003
"Adams County, Washington",19081,46564,4019,53,001
"Garfield County, Washington",2230,45855,252,53,023
"Mason County, Washington",60791,50406,10166,53,045
"Skagit County, Washington",119343,54129,18815,53,057
"Stevens County, Washington",43548,41978,7753,53,065
"Spokane County, Washington",480832,50079,74110,53,063
"Lincoln County, Washington",10363,46069,1562,53,043
"Chelan County, Washington",74267,51837,10466,53,007
"Jefferson County, Washington",30083,49279,3508,53,031
"Kitsap County, Washington",255441,62941,26349,53,035
"King County, Washington",2045756,75302,226204,53,033
"Pacific County, Washington",20645,37684,3918,53,049
"Pend Oreille County, Washington",12968,40599,2753,53,051
"San Juan County, Washington",15956,55960,1823,53,055
"Skamania County, Washington",11243,52374,1526,53,059
"Whitman County, Washington",46737,36631,12580,53,075
"Yakima County, Washington",247408,44749,51694,53,077
"Clallam County, Washington",72397,47253,10682,53,009
"Cowlitz County, Washington",102338,47452,17609,53,015
"Ferry County, Washington",7652,38125,1659,53,019
"Lewis County, Washington",75515,44100,12126,53,041
"Douglas County, Washington",39599,53636,5835,53,017
"Island County, Washington",79329,58815,7430,53,029
"Pierce County, Washington",821952,59953,102233,53,053
"Franklin County, Washington",86443,56980,15406,53,021
"Walla Walla County, Washington",59726,47946,9535,53,071
"Whatcom County, Washington",207100,53145,32328,53,073
"Grant County, West Virginia",11815,39088,1791,54,023
"Nelson County, Virginia",14858,47118,2159,51,125
"Hampshire County, West Virginia",23542,27995,4721,54,027
"Brooke County, West Virginia",23665,46215,2960,54,009
"Doddridge County, West Virginia",8201,39974,1190,54,017
"Hardy County, West Virginia",13936,40303,1863,54,031
"Marion County, West Virginia",56790,43165,8980,54,049
"Mingo County, West Virginia",25931,33221,6654,54,059
"Hancock County, West Virginia",30201,39959,4835,54,029
"Marshall County, West Virginia",32480,45182,4128,54,051
"Nicholas County, West Virginia",25930,39171,4636,54,067
"Tucker County, West Virginia",6972,40533,1013,54,093
"Tyler County, West Virginia",9033,38854,1765,54,095
"Roane County, West Virginia",14636,31813,3165,54,087
"Richardson County, Nebraska",8201,42750,1557,31,147
"Holt County, Nebraska",10398,46728,1209,31,089
"Furnas County, Nebraska",4887,39934,820,31,065
"Saline County, Nebraska",14360,51738,1492,31,151
"Thurston County, Nebraska",6946,41266,2090,31,173
"Washington County, Nebraska",20257,65370,1880,31,177
"Cherry County, Nebraska",5770,48750,648,31,031
"Dodge County, Nebraska",36725,49068,4061,31,053
"Garden County, Nebraska",1823,45845,181,31,069
"Morrill County, Nebraska",4874,45910,550,31,123
"Nemaha County, Nebraska",7168,49656,574,31,127
"Thomas County, Nebraska",675,51000,55,31,171
"Dakota County, Nebraska",20798,49786,3528,31,043
"Antelope County, Nebraska",6486,45609,811,31,003
"Chase County, Nebraska",3897,52422,337,31,029
"Clay County, Nebraska",6382,51470,580,31,035
"Custer County, Nebraska",10802,46468,1200,31,041
"Franklin County, Nebraska",3105,45905,396,31,061
"Hamilton County, Nebraska",9100,59311,780,31,081
"Jefferson County, Nebraska",7433,43008,909,31,095
"Keith County, Nebraska",8146,41781,931,31,101
"Loup County, Nebraska",548,55417,68,31,115
"Perkins County, Nebraska",2924,55893,198,31,135
"Saunders County, Nebraska",20913,60854,2001,31,155
"Scotts Bluff County, Nebraska",36684,45992,4877,31,157
"Keya Paha County, Nebraska",711,38625,106,31,103
"Kimball County, Nebraska",3720,40242,496,31,105
"Lincoln County, Nebraska",35896,50194,4488,31,111
"Pierce County, Nebraska",7184,54482,417,31,139
"Sioux County, Nebraska",1249,41215,156,31,165
"Burt County, Nebraska",6647,47429,620,31,021
"Cass County, Nebraska",25360,65619,1556,31,025
"Cuming County, Nebraska",9078,50013,1071,31,039
"Dixon County, Nebraska",5866,51223,683,31,051
"Dundy County, Nebraska",2015,42500,151,31,057
"Grant County, Nebraska",769,44750,98,31,075
"Frontier County, Nebraska",2573,49634,305,31,063
"Douglas County, Nebraska",537655,54659,76738,31,055
"Greeley County, Nebraska",2476,42904,243,31,077
"Hall County, Nebraska",60792,49252,9092,31,079
"Hayes County, Nebraska",1084,44500,68,31,085
"Otoe County, Nebraska",15842,50275,1696,31,131
"Red Willow County, Nebraska",10946,42931,1118,31,145
"Cedar County, Nebraska",8675,52250,864,31,027
"Dawes County, Nebraska",9136,41038,1428,31,045
"Johnson County, Nebraska",5167,45429,471,31,097
"Cheyenne County, Nebraska",10077,53814,1150,31,033
"Dawson County, Nebraska",24069,48329,3618,31,047
"Garfield County, Nebraska",1933,43179,193,31,071
"McPherson County, Nebraska",433,54306,64,31,117
"Nance County, Nebraska",3639,42500,490,31,125
"Stanton County, Nebraska",6081,53416,701,31,167
"Valley County, Nebraska",4254,44612,540,31,175
"Churchill County, Nevada",24252,47415,3802,32,001
"Douglas County, Nevada",47259,58535,4984,32,005
"Pershing County, Nevada",6722,45230,832,32,027
"Eureka County, Nevada",1669,60250,162,32,011
"Humboldt County, Nevada",17067,65212,1762,32,013
"White Pine County, Nevada",9974,57122,987,32,033
"Gilmer County, West Virginia",8644,37536,1781,54,021
"Mason County, West Virginia",27177,36448,5075,54,053
"Monroe County, West Virginia",13525,36918,2252,54,063
"Pleasants County, West Virginia",7636,44288,1260,54,073
"Cabell County, West Virginia",96824,38344,20110,54,011
"Jefferson County, West Virginia",55214,66677,6222,54,037
"Logan County, West Virginia",35760,36763,6902,54,045
"Pendleton County, West Virginia",7402,36953,1500,54,071
"Harrison County, West Virginia",68998,43987,11072,54,033
"Ohio County, West Virginia",43637,40569,6658,54,069
"Calhoun County, West Virginia",7557,35568,1314,54,013
"Morgan County, West Virginia",17475,39324,2218,54,065
"Raleigh County, West Virginia",78493,41032,13322,54,081
"Putnam County, West Virginia",56596,56774,5494,54,079
"Barbour County, West Virginia",16731,37066,3482,54,001
"McDowell County, West Virginia",20802,24921,6943,54,047
"Wayne County, West Virginia",41499,36318,8468,54,099
"Jackson County, West Virginia",29256,41314,4743,54,035
"Mercer County, West Virginia",61891,36195,13236,54,055
"Upshur County, West Virginia",24560,40330,4189,54,097
"Webster County, West Virginia",8927,29086,2307,54,101
"Berkeley County, West Virginia",108724,55239,15235,54,003
"Fayette County, West Virginia",45534,36293,8683,54,019
"Iron County, Wisconsin",5907,42543,653,55,051
"Clark County, Wisconsin",34518,45048,5504,55,019
"St. Croix County, Wisconsin",86118,70886,5502,55,109
"Oconto County, Wisconsin",37476,52765,3466,55,083
"Lincoln County, Wisconsin",28286,49721,2800,55,069
"Waupaca County, Wisconsin",52125,51994,5232,55,135
"Barron County, Wisconsin",45686,45714,5640,55,005
"Sawyer County, Wisconsin",16483,41665,2673,55,113
"Green Lake County, Wisconsin",18966,46780,2274,55,047
"Price County, Wisconsin",13800,43137,1860,55,099
"Marquette County, Wisconsin",15140,46242,2069,55,077
"Marinette County, Wisconsin",41287,43425,5168,55,075
"Milwaukee County, Wisconsin",955939,43873,201124,55,079
"Racine County, Wisconsin",194895,55584,23768,55,101
"Winnebago County, Wisconsin",169004,52018,19209,55,139
"Forest County, Wisconsin",9150,40636,1505,55,041
"Green County, Wisconsin",37044,56219,3253,55,045
"Rusk County, Wisconsin",14357,39194,2252,55,107
"Shawano County, Wisconsin",41563,47861,4451,55,115
"Taylor County, West Virginia",16977,43970,2731,54,091
"Wood County, West Virginia",86559,41884,14825,54,107
"Langlade County, Wisconsin",19551,41775,3063,55,067
"Outagamie County, Wisconsin",180430,58765,15723,55,087
"Vernon County, Wisconsin",30279,47675,4757,55,123
"Columbia County, Wisconsin",56607,59769,4844,55,021
"Kewaunee County, Wisconsin",20483,56863,1800,55,061
"Brown County, Wisconsin",254717,53527,28969,55,009
"Eau Claire County, Wisconsin",101281,49513,14862,55,035
"Oneida County, Wisconsin",35653,46516,3632,55,085
"Polk County, Wisconsin",43572,50714,4407,55,095
"Washburn County, Wisconsin",15700,42368,2022,55,129
"Waukesha County, Wisconsin",393873,76545,20433,55,133
"Walworth County, Wisconsin",103039,53445,13499,55,127
"Crawford County, Wisconsin",16483,44459,2023,55,023
"Juneau County, Wisconsin",26494,44961,3567,55,057
"Storey County, Nevada",3929,64832,293,32,029
"Clark County, Nevada",2035572,51575,315358,32,003
"Lyon County, Nevada",51657,47255,8482,32,019
"Cheshire County, New Hampshire",76430,57782,8467,33,005
"Grafton County, New Hampshire",89341,55762,9609,33,009
"Rockingham County, New Hampshire",299006,81198,16192,33,015
"Sullivan County, New Hampshire",43135,56032,4099,33,019
"Hillsborough County, New Hampshire",403972,71244,34681,33,011
"Coos County, New Hampshire",31870,42312,4257,33,007
"Carroll County, New Hampshire",47513,53306,4484,33,003
"Mercer County, New Jersey",370212,72804,40354,34,021
"Cumberland County, New Jersey",157035,49984,25760,34,011
"Somerset County, New Jersey",330604,100667,16479,34,035
"Ocean County, New Jersey",583450,61994,64795,34,029
"Atlantic County, New Jersey",275376,54461,40868,34,001
"Middlesex County, New Jersey",830300,79593,70908,34,023
"Salem County, New Jersey",65120,61831,8602,34,033
"Cape May County, New Jersey",95805,57637,9744,34,009
"Camden County, New Jersey",511998,62185,66802,34,007
"Union County, New Jersey",548744,69594,59034,34,039
"Hudson County, New Jersey",662619,59741,114900,34,017
"Hunterdon County, New Jersey",126250,105444,5379,34,019
"Morris County, New Jersey",498192,100214,22068,34,027
"Hidalgo County, New Mexico",4643,34444,1054,35,023
"McKinley County, New Mexico",73998,28772,27493,35,031
"Sandoval County, New Mexico",136638,58982,19305,35,043
"Grant County, New Mexico",29119,38311,5940,35,017
"Curry County, New Mexico",50497,41084,10338,35,009
"Eddy County, New Mexico",55641,56618,6237,35,015
"Mora County, New Mexico",4660,23822,1092,35,033
"Elko County, Nevada",51562,71799,5574,32,007
"Nye County, Nevada",42625,41712,7658,32,023
"San Juan County, New Mexico",125133,48671,24755,35,045
"Benton County, Mississippi",8470,33141,1764,28,009
"Franklin County, Mississippi",7857,38170,1464,28,037
"Coahoma County, Mississippi",25254,28851,8420,28,027
"Jasper County, Mississippi",16588,31578,3944,28,061
"Jones County, Mississippi",68276,37143,15197,28,067
"Walthall County, Mississippi",14978,31384,4199,28,147
"Monroe County, Mississippi",36175,36783,7123,28,095
"Pontotoc County, Mississippi",30517,40645,4903,28,115
"Holmes County, Mississippi",18772,20732,7860,28,051
"Amite County, Mississippi",12840,30704,2852,28,005
"Madison County, Mississippi",100202,64376,13287,28,089
"Calhoun County, Mississippi",14789,31098,3763,28,013
"Marion County, Mississippi",26109,30668,7156,28,091
"Tishomingo County, Mississippi",19539,35143,3146,28,141
"Wayne County, Mississippi",20564,32557,5509,28,153
"Greene County, Mississippi",14129,40176,1566,28,041
"Marshall County, Mississippi",36385,37419,6513,28,093
"Quitman County, Mississippi",7761,24583,2982,28,119
"Pearl River County, Mississippi",55196,40976,11590,28,109
"Leake County, Mississippi",23153,33452,6034,28,079
"Neshoba County, Mississippi",29553,35645,6957,28,099
"Rankin County, Mississippi",146761,58801,14067,28,121
"Washington County, Mississippi",49499,29144,17586,28,151
"Lawrence County, Mississippi",12586,35634,2769,28,077
"Perry County, Mississippi",12187,34045,2287,28,111
"Washington County, Wisconsin",132921,69237,7375,55,131
"Chippewa County, Wisconsin",63209,52109,6081,55,017
"Dane County, Wisconsin",510198,62865,64062,55,025
"Douglas County, Wisconsin",43799,47095,6713,55,031
"Jackson County, Wisconsin",20543,47851,2810,55,053
"Iowa County, Wisconsin",23769,55188,2448,55,049
"Ozaukee County, Wisconsin",87273,76433,4467,55,089
"Portage County, Wisconsin",70432,51613,10095,55,097
"Rock County, Wisconsin",160727,50324,23498,55,105
"Taylor County, Wisconsin",20569,45420,2527,55,119
"Adams County, Wisconsin",20451,43640,2704,55,001
"Bayfield County, Wisconsin",15050,46665,1719,55,007
"Monroe County, Wisconsin",45274,50694,6676,55,081
"Wood County, Wisconsin",74012,48961,7996,55,141
"Ashland County, Wisconsin",15993,39381,2398,55,003
"Florence County, Wisconsin",4476,48643,409,55,037
"Jefferson County, Wisconsin",84345,56877,8597,55,055
"Campbell County, Wyoming",48013,80060,3412,56,005
"Lincoln County, Wyoming",18316,66647,1435,56,023
"Natrona County, Wyoming",80011,56871,8407,56,025
"Converse County, Wyoming",14101,62307,1308,56,009
"Niobrara County, Wyoming",2516,40398,328,56,027
"Sweetwater County, Wyoming",44772,69022,5058,56,037
"Jasper County, Texas",35768,40820,5912,48,241
"Jefferson County, Texas",252872,43540,47095,48,245
"Kinney County, Texas",3577,38281,572,48,271
"Oldham County, Texas",2071,50893,214,48,359
"Lamb County, Texas",13742,39851,3173,48,279
"Lipscomb County, Texas",3483,63125,317,48,295
"McCulloch County, Texas",8273,40561,1522,48,307
"Mason County, Texas",4066,37654,577,48,319
"Dickens County, Texas",2281,39700,417,48,125
"Lee County, Texas",16664,53902,2374,48,287
"Tarrant County, Texas",1914526,58711,283264,48,439
"Sauk County, Wisconsin",62992,51055,7656,55,111
"Anderson County, Texas",57915,41327,8274,48,001
"Ellis County, Texas",157058,62465,18755,48,139
"Jackson County, Texas",14486,54926,1765,48,239
"Kerr County, Texas",50149,43810,7718,48,265
"Milam County, Texas",24344,38929,4159,48,331
"Comanche County, Texas",13623,37470,3107,48,093
"Falls County, Texas",17410,36079,3417,48,145
"Brooks County, Texas",7221,22741,2726,48,047
"Austin County, Texas",28886,53687,3289,48,015
"Kenedy County, Texas",565,36438,151,48,261
"Colorado County, Texas",20757,46618,3081,48,089
"San Patricio County, Texas",66070,52261,9949,48,409
"Randall County, Texas",126782,60972,13076,48,381
"San Saba County, Texas",5893,39040,792,48,411
"Schleicher County, Texas",3224,55543,630,48,413
"Zavala County, Texas",12060,26672,3943,48,507
"Calhoun County, Texas",21666,51078,4136,48,057
"Foard County, Texas",1197,36477,114,48,155
"Goliad County, Texas",7410,51226,1358,48,175
"Hamilton County, Texas",8266,42432,1159,48,193
"Mitchell County, Texas",9169,49870,766,48,335
"Titus County, Texas",32553,44178,6848,48,449
"Lavaca County, Texas",19549,48677,1765,48,285
"Terry County, Texas",12687,37475,1756,48,445
"Wise County, Texas",61243,56897,7015,48,497
"Winnebago County, Illinois",290439,48225,47851,17,201
"Piatt County, Illinois",16495,66261,1019,17,147
"Pulaski County, Illinois",5871,31980,1178,17,153
"Schuyler County, Illinois",7311,47723,1382,17,169
"Stark County, Illinois",5859,50085,684,17,175
"Edgar County, Illinois",17992,45691,2999,17,045
"Bond County, Illinois",17313,47946,2593,17,005
"Boone County, Illinois",53851,58248,5841,17,007
"Gulf County, Florida",15785,41788,1924,12,045
"Osceola County, Florida",300870,44254,58146,12,097
"Walton County, Florida",59487,44966,9804,12,131
"Jefferson County, Florida",14198,43355,1862,12,065
"Hardee County, Florida",27468,35457,7029,12,049
"Orange County, Florida",1229039,47943,212489,12,095
"Gilchrist County, Florida",16992,40623,3598,12,041
"Alachua County, Florida",254218,43073,58203,12,001
"Charlotte County, Florida",165783,44244,19760,12,015
"Bureau County, Illinois",34115,50423,4191,17,011
"Carroll County, Illinois",14926,48631,1843,17,015
"Coles County, Illinois",53037,39588,10951,17,029
"Crawford County, Illinois",19541,47468,2310,17,033
"Jersey County, Illinois",22625,53271,1590,17,083
"Putnam County, Illinois",5822,56358,691,17,155
"De Witt County, Illinois",16388,53959,2073,17,039
"Fayette County, Illinois",22136,43944,3644,17,051
"Lee County, Illinois",35027,52379,3555,17,103
"Logan County, Illinois",29956,50539,3303,17,107
"Macoupin County, Illinois",46844,51206,5729,17,117
"Richland County, Illinois",16127,44127,2382,17,159
"Washington County, Illinois",14457,53202,1834,17,189
"Montgomery County, Illinois",29348,46966,3503,17,135
"Adams County, Illinois",67081,45965,9433,17,001
"Clinton County, Illinois",37929,63236,3193,17,027
"Edwards County, Illinois",6649,44497,851,17,047
"Jefferson County, Illinois",38578,43247,6179,17,081
"Vermilion County, Illinois",80368,42977,14571,17,183
"Williamson County, Illinois",67121,44453,9783,17,199
"Clark County, Illinois",16159,50517,2360,17,023
"Effingham County, Illinois",34332,52224,3557,17,049
"Fulton County, Illinois",36323,46083,4838,17,057
"Hamilton County, Illinois",8322,44159,1211,17,065
"Henry County, Illinois",49883,53480,5256,17,073
"Johnson County, Illinois",12829,42287,1589,17,087
"Lake County, Illinois",702898,78026,65728,17,097
"Livingston County, Illinois",37689,54254,3897,17,105
"Scott County, Illinois",5198,47222,712,17,171
"Cass County, Illinois",13254,47434,1688,17,017
"Warren County, Illinois",17701,43699,2464,17,187
"Huntington County, Indiana",36863,46945,4241,18,069
"LaPorte County, Indiana",111280,46872,17792,18,091
"White County, Indiana",24388,52154,2309,18,181
"Jasper County, Indiana",33448,55374,2710,18,073
"Martin County, Indiana",10262,44589,1320,18,101
"Shelby County, Indiana",44441,53584,5302,18,145
"Ripley County, Indiana",28612,51170,2403,18,137
"Sullivan County, Indiana",21111,45023,3534,18,153
"Tipton County, Indiana",15573,51613,1529,18,159
"Vigo County, Indiana",108268,40313,20245,18,167
"Warrick County, Indiana",60995,62185,5926,18,173
"DeKalb County, Indiana",42449,48341,6107,18,033
"Bartholomew County, Indiana",79488,55050,10027,18,005
"Rush County, Indiana",16991,45121,2946,18,139
"Fulton County, Indiana",20527,45332,3011,18,049
"Lake County, Indiana",491596,50135,87203,18,089
"Noble County, Indiana",47546,49331,5665,18,113
"Adams County, Indiana",34642,48188,5529,18,001
"Fayette County, Indiana",23773,39379,4806,18,041
"Hendricks County, Indiana",153435,70163,7514,18,063
"Dubois County, Indiana",42291,53513,4071,18,037
"Grant County, Indiana",68896,40294,11829,18,053
"Hancock County, Indiana",71328,66606,4583,18,059
"Howard County, Indiana",82765,44226,14445,18,067
"Anderson County, Kentucky",21761,53974,2223,21,005
"Breckinridge County, Kentucky",20061,43479,3422,21,027
"Floyd County, Kentucky",38649,30096,11441,21,071
"Franklin County, Kentucky",49778,47964,6990,21,073
"Kenton County, Kentucky",163007,54296,23432,21,117
"Coosa County, Alabama",11027,31212,2073,01,037
"Dale County, Alabama",49866,45028,9306,01,045
"Hale County, Alabama",15256,32714,4011,01,065
"Etowah County, Alabama",103766,39220,20078,01,055
"DeKalb County, Alabama",71068,38192,13133,01,049
"Escambia County, Alabama",37935,32330,8609,01,053
"Lamar County, Alabama",14133,35450,3382,01,075
"Randolph County, Alabama",22648,36924,4511,01,111
"Butler County, Alabama",20354,32229,5094,01,013
"Mobile County, Alabama",414251,43809,77917,01,097
"Perry County, Alabama",10038,24537,3373,01,105
"Walker County, Alabama",65923,35843,14598,01,127
"Cleburne County, Alabama",15002,38056,2508,01,029
"Conecuh County, Alabama",12865,24900,4320,01,035
"Greene County, Alabama",8697,20541,3479,01,063
"Barbour County, Alabama",26932,32964,6421,01,005
"Bibb County, Alabama",22604,38678,3488,01,007
"Bullock County, Alabama",10678,31938,2486,01,011
"Calhoun County, Alabama",116648,41703,23325,01,015
"Chambers County, Alabama",34079,34177,7273,01,017
"Fayette County, Alabama",16896,34680,3055,01,057
"Marshall County, Alabama",94318,38983,18794,01,095
"Blount County, Alabama",57710,45813,9552,01,009
"Madison County, Alabama",346438,57993,46436,01,089
"Autauga County, Alabama",55221,51281,7057,01,001
"Geneva County, Alabama",26815,36024,6149,01,061
"Wilcox County, Alabama",11235,23750,4126,01,131
"Bristol Bay Borough, Alaska",970,79750,69,02,060
"Kodiak Island Borough, Alaska",13973,70887,1552,02,150
"Bethel Census Area, Alaska",17776,51012,4364,02,050
"North Slope Borough, Alaska",9667,72576,976,02,185
"Fairbanks North Star Borough, Alaska",99705,71068,7752,02,090
"Matanuska-Susitna Borough, Alaska",96178,72983,9454,02,170
"Nome Census Area, Alaska",9854,48868,2592,02,180
"Haines Borough, Alaska",2560,58750,135,02,100
"Yakutat City and Borough, Alaska",643,72500,35,02,282
"Lake and Peninsula Borough, Alaska",1474,50781,247,02,164
"Southeast Fairbanks Census Area, Alaska",7029,62670,1011,02,240
"Anchorage Municipality, Alaska",299107,78326,23914,02,020
"Aleutians East Borough, Alaska",3304,61518,553,02,013
"Valdez-Cordova Census Area, Alaska",9617,78810,1029,02,261
"Kenai Peninsula Borough, Alaska",57221,63684,5558,02,122
"Skagway Municipality, Alaska",999,69318,44,02,230
"Prince of Wales-Hyder Census Area, Alaska",6376,48523,921,02,198
"Petersburg Borough, Alaska",3221,67935,327,02,195
"Kusilvak Census Area, Alaska",7914,38229,2622,02,158
"Maricopa County, Arizona",4018143,54229,673527,04,013
"Gila County, Arizona",53165,39751,11839,04,007
"Santa Cruz County, Arizona",47073,40140,10970,04,023
"Ohio County, Indiana",6033,48780,470,18,115
"Owen County, Indiana",21192,43948,3172,18,119
"Parke County, Indiana",17107,40781,2486,18,121
"Randolph County, Indiana",25596,40810,4522,18,135
"Whitley County, Indiana",33330,54389,2633,18,183
"McCreary County, Kentucky",18001,19328,6723,21,147
"Madison County, Kentucky",85838,42390,16792,21,151
"Magoffin County, Kentucky",12979,28500,3672,21,153
"Metcalfe County, Kentucky",9985,32294,2158,21,169
"Owsley County, Kentucky",4616,20985,1710,21,189
"Rowan County, Kentucky",23608,36860,5410,21,205
"Simpson County, Kentucky",17704,39679,3473,21,213
"Taylor County, Kentucky",24993,33340,5658,21,217
"Clark County, Kentucky",35657,47959,5401,21,049
"Todd County, Kentucky",12524,40497,2277,21,219
"Carlisle County, Kentucky",4984,38829,970,21,039
"Carroll County, Kentucky",10830,41439,2898,21,041
"Clinton County, Kentucky",10188,28025,2435,21,053
"Estill County, Kentucky",14476,29770,4199,21,065
"Richland Parish, Louisiana",20777,36421,4154,22,083
"St. Martin Parish, Louisiana",53126,42794,9388,22,099
"Winn Parish, Louisiana",14855,31087,3466,22,127
"East Baton Rouge Parish, Louisiana",444690,49285,85254,22,033
"Allen Parish, Louisiana",25653,40948,3501,22,003
"Madison Parish, Louisiana",11873,23854,3962,22,065
"St. James Parish, Louisiana",21650,51107,3841,22,093
"Grant Parish, Louisiana",22362,39914,3460,22,043
"Jefferson Parish, Louisiana",435092,47947,72319,22,051
"Beauregard Parish, Louisiana",36259,45969,7137,22,011
"Bossier Parish, Louisiana",123403,52892,17303,22,015
"East Feliciana Parish, Louisiana",19855,45520,3317,22,037
"St. John the Baptist Parish, Louisiana",44161,50921,7893,22,095
"Ouachita Parish, Louisiana",155769,37754,36312,22,073
"Rapides Parish, Louisiana",132225,40734,26645,22,079
"St. Landry Parish, Louisiana",83613,32625,22970,22,097
"Tangipahoa Parish, Louisiana",125486,41302,26962,22,105
"St. Mary Parish, Louisiana",53441,40781,11746,22,101
"West Carroll Parish, Louisiana",11454,31926,2746,22,123
"Union Parish, Louisiana",22533,34992,6166,22,111
"Caldwell Parish, Louisiana",9990,33294,2053,22,021
"East Carroll Parish, Louisiana",7501,21099,2903,22,035
"Lafayette Parish, Louisiana",231811,51869,36346,22,055
"Evangeline Parish, Louisiana",33768,30009,8373,22,039
"Lincoln Parish, Louisiana",47349,33467,14146,22,061
"St. Bernard Parish, Louisiana",42858,42753,8209,22,087
"Webster Parish, Louisiana",40617,33681,9327,22,119
"West Baton Rouge Parish, Louisiana",24669,53703,4662,22,121
"Iberville Parish, Louisiana",33229,45117,5612,22,047
"Red River Parish, Louisiana",8838,38000,1937,22,081
"Morehouse Parish, Louisiana",27012,28003,7432,22,067
"Orleans Parish, Louisiana",376738,36792,98823,22,071
"Terrebonne Parish, Louisiana",112742,47826,21627,22,109
"Calcasieu Parish, Louisiana",195887,45312,32864,22,019
"Claiborne Parish, Louisiana",16639,32072,4058,22,027
"Avoyelles Parish, Louisiana",41389,33739,8750,22,009
"Assumption Parish, Louisiana",23057,49167,3643,22,007
"Pointe Coupee Parish, Louisiana",22498,43825,4368,22,077
"Vermilion Parish, Louisiana",59110,45374,10379,22,113
"Lafourche Parish, Louisiana",97474,51030,14117,22,057
"Concordia Parish, Louisiana",20449,29654,5598,22,029
"LaSalle Parish, Louisiana",14899,37310,2857,22,059
"La Paz County, Arizona",20335,34466,3824,04,012
"Mohave County, Arizona",203362,38488,38874,04,015
"Coconino County, Arizona",136701,50234,28824,04,005
"Yavapai County, Arizona",215996,44748,34117,04,025
"Greenlee County, Arizona",9023,51628,1215,04,011
"Pinal County, Arizona",389772,49477,63201,04,021
"Nevada County, Arkansas",8793,30691,2424,05,099
"Cross County, Arkansas",17467,38103,3461,05,037
"Dallas County, Arkansas",7868,34084,1141,05,039
"Columbia County, Arkansas",24327,36619,5823,05,027
"Saline County, Arkansas",113833,55817,10176,05,125
"Van Buren County, Arkansas",17002,32312,3574,05,141
"Izard County, Arkansas",13480,32630,2663,05,065
"Martin County, Florida",151586,51593,17965,12,085
"Sarasota County, Florida",392038,51766,42386,12,115
"Citrus County, Florida",139654,38312,23903,12,017
"Santa Rosa County, Florida",161021,58923,19063,12,113
"Broward County, Florida",1843152,51968,265880,12,011
"Monroe County, Florida",75901,57290,9998,12,087
"Union County, Georgia",21725,40799,2860,13,291
"White County, Georgia",27791,40888,5195,13,311
"Paulding County, Georgia",147400,60109,18445,13,223
"Richmond County, Georgia",201291,37424,48498,13,245
"Berrien County, Georgia",19019,31835,4923,13,019
"Barrow County, Georgia",72012,52012,10902,13,013
"Clinch County, Georgia",6791,24015,2339,13,065
"Grady County, Georgia",25243,34187,7648,13,131
"Whitfield County, Georgia",103456,40596,19270,13,313
"Macon County, Georgia",14045,28684,3639,13,193
"Harris County, Georgia",32776,63824,2991,13,145
"Worth County, Georgia",21156,37974,4445,13,321
"Dooly County, Georgia",14293,28696,3673,13,093
"Webster County, Georgia",2720,37063,608,13,307
"Glascock County, Georgia",3087,40759,483,13,125
"Chatham County, Georgia",279290,47218,50980,13,051
"Johnson County, Georgia",9794,34438,2125,13,167
"Madison County, Georgia",28232,41912,4798,13,195
"Tift County, Georgia",40787,37653,11372,13,277
"Talbot County, Georgia",6490,34078,1291,13,263
"Terrell County, Georgia",9213,28688,3216,13,273
"Wilkinson County, Georgia",9386,38485,1640,13,319
"Randolph County, Georgia",7315,28377,2145,13,243
"Ware County, Georgia",35723,34909,9686,13,299
"Wilcox County, Georgia",8972,32043,1599,13,315
"Irwin County, Georgia",9408,34156,2300,13,155
"Bacon County, Georgia",11222,37162,1919,13,005
"Burke County, Georgia",23007,33641,7131,13,033
"Chattahoochee County, Georgia",11914,43378,960,13,053
"Decatur County, Georgia",27378,31284,7418,13,087
"Habersham County, Georgia",43527,40907,7220,13,137
"McIntosh County, Georgia",14007,42988,2956,13,191
"Monroe County, Georgia",26915,48744,3492,13,207
"Taliaferro County, Georgia",1721,26306,511,13,265
"Bryan County, Georgia",33151,63327,4487,13,029
"Camden County, Georgia",51445,52473,6365,13,039
"Crawford County, Georgia",12539,41825,2122,13,079
"Coffee County, Georgia",43003,33965,9975,13,069
"Gilmer County, Georgia",28673,40228,6664,13,123
"Walton County, Georgia",86201,54453,11801,13,297
"Dodge County, Georgia",21180,34271,4279,13,091
"Benton County, Indiana",8752,47046,1181,18,007
"Brown County, Indiana",15011,54615,1865,18,013
"Clinton County, Indiana",32835,48478,4504,18,023
"Putnam County, Indiana",37650,51355,3245,18,133
"Union County, Indiana",7299,44277,754,18,161
"Washington County, Indiana",27930,41289,4190,18,175
"Daviess County, Indiana",32411,47342,4192,18,027
"Dearborn County, Indiana",49679,58680,4553,18,029
"Henry County, Indiana",49146,41855,7465,18,065
"Knox County, Indiana",38062,42725,5630,18,083
"Lawrence County, Indiana",45814,45875,5850,18,093
"Madison County, Indiana",130280,44195,21089,18,095
"Perry County, Indiana",19414,47470,2276,18,123
"Pike County, Indiana",12687,44399,1243,18,125
"Pulaski County, Indiana",13047,43836,1808,18,131
"Steuben County, Indiana",34267,48472,3542,18,151
"Warren County, Indiana",8367,56042,740,18,171
"Wells County, Indiana",27796,51101,3306,18,179
"Decatur County, Indiana",26240,49799,3647,18,031
"Delaware County, Indiana",117335,38830,24209,18,035
"Jefferson County, Indiana",32453,45718,4343,18,077
"Jennings County, Indiana",28113,44736,4390,18,079
"Miami County, Indiana",36211,45184,5174,18,103
"Morgan County, Indiana",69403,55432,8237,18,109
"Newton County, Indiana",14057,46895,1892,18,111
"St. Joseph County, Indiana",267246,45471,45532,18,141
"Kosciusko County, Indiana",77983,52821,8645,18,085
"Switzerland County, Indiana",10500,44061,2022,18,155
"Vanderburgh County, Indiana",181305,43046,28870,18,163
"Carroll County, Indiana",20014,52005,2149,18,015
"Monroe County, Indiana",142404,42404,31707,18,105
"Fountain County, Indiana",16888,46760,1992,18,045
"Starke County, Indiana",23117,42208,3682,18,149
"Crawford County, Indiana",10591,38695,2166,18,025
"Greene County, Indiana",32815,45397,4398,18,055
"Marion County, Indiana",926335,42168,191309,18,097
"Benton County, Iowa",25803,60606,2440,19,011
"Dubuque County, Iowa",95906,54605,11189,19,061
"Fremont County, Iowa",7106,53324,757,19,071
"Pocahontas County, Iowa",7127,45069,987,19,151
"Taylor County, Iowa",6213,44246,860,19,173
"Van Buren County, Iowa",7432,45111,1095,19,177
"Ringgold County, Iowa",5061,47042,514,19,159
"Adams County, Iowa",3892,48043,388,19,003
"Audubon County, Iowa",5869,46979,552,19,009
"Clarke County, Iowa",9280,43327,1493,19,039
"Davis County, Iowa",8742,48888,1657,19,051
"Ida County, Iowa",7071,46993,809,19,093
"Johnson County, Iowa",139436,55700,23537,19,103
"Monroe County, Iowa",8002,46304,944,19,135
"Wapello County, Iowa",35315,42095,6399,19,179
"Sioux County, Iowa",34509,61627,2663,19,167
"Calhoun County, Iowa",9914,44921,1384,19,025
"Carroll County, Iowa",20629,50559,2047,19,027
"Cerro Gordo County, Iowa",43481,46122,5665,19,033
"Greene County, Iowa",9174,46898,1135,19,073
"Hardin County, Iowa",17393,51019,1454,19,083
"Lucas County, Iowa",8731,43962,1126,19,117
"Lyon County, Iowa",11723,57130,843,19,119
"Independence County, Arkansas",36952,36265,7783,05,063
"Winnebago County, Iowa",10614,47668,995,19,189
"Lincoln County, Maine",34156,50462,4073,23,015
"Waldo County, Maine",38976,44082,6243,23,027
"Penobscot County, Maine",153437,44271,24933,23,019
"Lincoln County, Arkansas",14062,32580,2257,05,079
"Logan County, Arkansas",22001,35325,4158,05,083
"Grant County, Arkansas",18054,46171,2134,05,053
"Crittenden County, Arkansas",49765,38004,11802,05,035
"Franklin County, Arkansas",17866,39285,3854,05,047
"Faulkner County, Arkansas",119343,51223,17768,05,045
"Pike County, Arkansas",11087,33097,2199,05,109
"Jefferson County, Arkansas",73548,36747,17205,05,069
"Marion County, Arkansas",16458,34195,3064,05,089
"Montgomery County, Arkansas",9197,33037,1620,05,097
"Scott County, Arkansas",10870,37321,2165,05,127
"Searcy County, Arkansas",7965,33083,1855,05,129
"Sebastian County, Arkansas",127273,38575,28975,05,131
"Crawford County, Arkansas",61748,41268,11304,05,033
"Benton County, Arkansas",238198,56239,28804,05,007
"Chicot County, Arkansas",11353,28913,3385,05,017
"Hot Spring County, Arkansas",33316,40000,5975,05,059
"Johnson County, Arkansas",25930,34139,5574,05,071
"Lee County, Arkansas",9966,28393,2304,05,077
"Madison County, Arkansas",15702,37691,3183,05,087
"Fulton County, Arkansas",12224,37066,2383,05,049
"Howard County, Arkansas",13555,34229,2910,05,061
"Mississippi County, Arkansas",44864,34612,11781,05,093
"Prairie County, Arkansas",8402,35833,1766,05,117
"Union County, Arkansas",40633,38678,8172,05,139
"Cleburne County, Arkansas",25711,42905,3676,05,023
"Cleveland County, Arkansas",8510,43158,1751,05,025
"Hempstead County, Arkansas",22336,32122,5940,05,057
"Sharp County, Arkansas",17055,30691,3944,05,135
"Washington County, Arkansas",216432,43524,41846,05,143
"Ashley County, Arkansas",21229,34263,4352,05,003
"Craighead County, Arkansas",101409,42475,19715,05,031
"Lafayette County, Arkansas",7270,31194,1731,05,073
"Perry County, Arkansas",10300,42346,1624,05,105
"Poinsett County, Arkansas",24210,33070,5416,05,111
"Sevier County, Arkansas",17268,36579,3755,05,133
"Calhoun County, Arkansas",5245,36899,907,05,013
"Bradley County, Arkansas",11206,33701,3218,05,011
"Lawrence County, Arkansas",17029,32379,3899,05,075
"Polk County, Arkansas",20364,33702,4878,05,113
"Conway County, Arkansas",21110,37732,4709,05,029
"Newton County, Arkansas",8052,34536,1637,05,101
"Little River County, Arkansas",12720,36205,2402,05,081
"Lonoke County, Arkansas",70691,53631,8697,05,085
"Miller County, Arkansas",43652,40317,8594,05,091
"St. Francis County, Arkansas",27345,32105,5857,05,123
"White County, Arkansas",78660,42554,14175,05,145
"Merced County, California",263885,42462,67417,06,047
"Mariposa County, California",17789,47681,2651,06,043
"Yuba County, California",73437,46892,15862,06,115
"Contra Costa County, California",1096068,80185,117915,06,013
"Lassen County, California",32645,51555,3563,06,035
"Stanislaus County, California",527367,50125,105927,06,099
"Sonoma County, California",495078,64240,57179,06,097
"Tehama County, California",63152,41001,12313,06,103
"Mono County, California",14146,56944,684,06,051
"San Benito County, California",57557,71077,6202,06,069
"Sacramento County, California",1465832,55987,262251,06,067
"El Dorado County, California",182093,69584,18831,06,017
"Palo Alto County, Iowa",9208,47113,948,19,147
"Shelby County, Iowa",11992,50952,1307,19,165
"Appanoose County, Iowa",12669,41394,1719,19,007
"Henry County, Iowa",20080,49321,2695,19,087
"Iowa County, Iowa",16344,59375,1391,19,095
"Jasper County, Iowa",36726,55033,3342,19,099
"Page County, Iowa",15660,43912,2262,19,145
"Winneshiek County, Iowa",20884,54429,1507,19,191
"Poweshiek County, Iowa",18705,51006,1767,19,157
"Pottawattamie County, Iowa",93213,51976,11779,19,155
"Marshall County, Iowa",40962,53351,4429,19,127
"Clayton County, Iowa",17806,48007,1941,19,043
"Boone County, Iowa",26401,52985,2588,19,015
"Bremer County, Iowa",24539,62163,1894,19,017
"Buena Vista County, Iowa",20507,48195,2452,19,021
"Howard County, Iowa",9494,49869,1081,19,089
"Emmet County, Iowa",9917,47795,1250,19,063
"Guthrie County, Iowa",10740,51013,1199,19,077
"Hancock County, Iowa",11092,52981,924,19,081
"Madison County, Iowa",15644,60060,1164,19,121
"Marion County, Iowa",33248,54693,3124,19,125
"Wright County, Iowa",12936,43698,1412,19,197
"Cass County, Iowa",13590,43750,1855,19,029
"Crawford County, Iowa",17252,48084,3367,19,047
"Fayette County, Iowa",20589,44928,2550,19,065
"Harrison County, Iowa",14467,53567,1398,19,085
"Mills County, Iowa",14862,63979,1300,19,129
"Monona County, Iowa",9088,40302,1233,19,133
"Osceola County, Iowa",6211,49448,521,19,143
"Webster County, Iowa",37295,42408,5210,19,187
"Story County, Iowa",93586,50438,19109,19,169
"Black Hawk County, Iowa",132496,48369,19887,19,013
"Grundy County, Iowa",12407,56750,757,19,075
"Jones County, Iowa",20560,55060,1950,19,105
"Mitchell County, Iowa",10762,49488,1005,19,131
"Montgomery County, Iowa",10465,42418,1717,19,137
"Sac County, Iowa",10101,49572,805,19,161
"Mahaska County, Iowa",22396,48726,3206,19,123
"Buchanan County, Iowa",20998,56150,1970,19,019
"Clinton County, Iowa",48365,50498,6608,19,045
"Decatur County, Iowa",8249,38560,1541,19,053
"Jefferson County, Iowa",17318,42899,2311,19,101
"Allamakee County, Iowa",14060,45890,1491,19,005
"Linn County, Iowa",216640,59322,20747,19,113
"Dallas County, Iowa",74892,76320,4796,19,049
"O'Brien County, Iowa",14092,55227,1013,19,141
"Stanton County, Kansas",2149,43780,113,20,187
"Meade County, Kansas",4383,52250,481,20,119
"Montgomery County, Kansas",34184,41083,6303,20,125
"Pratt County, Kansas",9739,49550,1144,20,151
"Rawlins County, Kansas",2545,41579,250,20,153
"Anderson County, Kansas",7896,40696,1362,20,003
"Ellsworth County, Kansas",6410,47736,484,20,053
"Geary County, Kansas",36787,43992,4463,20,061
"Ford County, Kansas",34714,50777,6183,20,057
"Russell County, Kansas",6988,41102,885,20,167
"Marshall County, Kansas",10005,45374,1087,20,117
"Allen County, Kansas",13081,38698,2257,20,001
"Cheyenne County, Kansas",2682,44500,214,20,023
"Cowley County, Kansas",36079,43860,5971,20,035
"Elk County, Kansas",2683,36458,483,20,049
"Piscataquis County, Maine",17156,37495,3520,23,021
"Androscoggin County, Maine",107393,47537,16332,23,001
"Aroostook County, Maine",70005,36923,12608,23,003
"Washington County, Maine",32191,38083,5946,23,029
"Cumberland County, Maine",286119,60051,32339,23,005
"Knox County, Maine",39723,50693,4304,23,013
"Sagadahoc County, Maine",35092,53298,4200,23,023
"York County, Maine",199682,57919,19192,23,031
"Kennebec County, Maine",121112,46917,16256,23,011
"Franklin County, Maine",30402,42811,4318,23,007
"Somerset County, Maine",51577,40066,8907,23,025
"Hancock County, Maine",54658,47030,7196,23,009
"Worcester County, Maryland",51519,56773,5567,24,047
"Baltimore city, Maryland",622454,42241,141654,24,510
"Somerset County, Maryland",25980,35154,4681,24,039
"Talbot County, Maryland",37799,58228,4202,24,041
"Harford County, Maryland",248966,80465,19854,24,025
"Howard County, Maryland",304115,110238,15759,24,027
"Prince George's County, Maryland",892816,74260,84018,24,033
"Baltimore County, Maryland",822959,67095,75464,24,005
"Frederick County, Maryland",241373,83700,16204,24,021
"Garrett County, Maryland",29813,45432,3615,24,023
"Kent County, Maryland",19923,58147,2051,24,029
"Carroll County, Maryland",167444,85385,9205,24,013
"Queen Anne's County, Maryland",48600,85963,3588,24,035
"Charles County, Maryland",152754,90607,11905,24,017
"Washington County, Maryland",149270,56228,18094,24,043
"Wicomico County, Maryland",101182,52278,15493,24,045
"Caroline County, Maryland",32661,52465,5086,24,011
"Suffolk County, Massachusetts",758919,55044,148278,25,025
"Dukes County, Massachusetts",17048,64222,1970,25,007
"Middlesex County, Massachusetts",1556116,85118,124958,25,017
"Bristol County, Massachusetts",552763,56842,68016,25,005
"Hampden County, Massachusetts",468041,50461,79308,25,013
"Essex County, Massachusetts",763849,69068,85417,25,009
"Franklin County, Massachusetts",71144,55221,8210,25,011
"Worcester County, Massachusetts",810935,65313,92288,25,027
"Hampshire County, Massachusetts",160759,61368,20317,25,015
"Chippewa County, Michigan",38586,41993,6485,26,033
"Allegan County, Michigan",112837,54264,14185,26,005
"Oakland County, Michigan",1229503,67465,123086,26,125
"Alger County, Michigan",9476,39300,1213,26,003
"Muskegon County, Michigan",171483,42829,31550,26,121
"Leelanau County, Michigan",21772,56189,2245,26,089
"Lapeer County, Michigan",88235,52996,9152,26,087
"Sanilac County, Michigan",42014,41100,6522,26,151
"Isabella County, Michigan",70669,39377,19390,26,073
"Ontonagon County, Michigan",6298,34459,967,26,131
"Tuscola County, Michigan",54420,43768,8317,26,157
"Alcona County, Michigan",10550,38033,1575,26,001
"Ionia County, Michigan",64064,49124,9084,26,067
"Kalkaska County, Michigan",17230,40534,2875,26,079
"Berrien County, Michigan",155565,44993,26719,26,021
"Oscoda County, Michigan",8444,33021,1656,26,135
"Wexford County, Michigan",32751,41534,5631,26,165
"Clinton County, Michigan",76905,60909,8933,26,037
"Dickinson County, Michigan",26012,43779,3523,26,043
"Huron County, Michigan",32290,42161,4486,26,063
"Ingham County, Michigan",283491,45679,59468,26,065
"Monterey County, California",428441,58783,69475,06,053
"Sierra County, California",3021,42833,438,06,091
"Cherokee County, Georgia",225944,68926,24273,13,057
"Lee County, Georgia",28946,61537,3417,13,177
"Pickens County, Georgia",29740,54123,3418,13,227
"Cook County, Georgia",17033,35683,4244,13,075
"Fulton County, Georgia",983903,57207,167391,13,121
"Hawaii County, Hawaii",191482,52108,36756,15,001
"Kauai County, Hawaii",69691,65101,7384,15,007
"Cassia County, Idaho",23369,45695,3645,16,031
"Lincoln County, Idaho",5260,43273,709,16,063
"Franklin County, Idaho",12914,48133,1696,16,041
"Canyon County, Idaho",198921,42888,37945,16,027
"Latah County, Idaho",38339,42439,7597,16,057
"Benewah County, Idaho",9088,39863,1490,16,009
"Clark County, Idaho",901,33672,163,16,033
"Fremont County, Idaho",12945,47988,1266,16,043
"Idaho County, Idaho",16312,38191,2528,16,049
"Power County, Idaho",7731,44779,1034,16,077
"Madison County, Illinois",267356,53431,34818,17,119
"Mercer County, Illinois",16107,54757,1498,17,131
"Sangamon County, Illinois",199016,56167,30297,17,167
"Randolph County, Illinois",33069,48158,3816,17,157
"Ogle County, Illinois",52397,54849,5477,17,141
"Stephenson County, Illinois",46625,45331,6849,17,177
"White County, Illinois",14464,44648,1916,17,193
"Henderson County, Illinois",7042,47672,692,17,071
"McLean County, Illinois",173114,62211,23795,17,113
"Pike County, Illinois",16144,40588,2133,17,149
"Rock Island County, Illinois",147161,48817,21223,17,161
"Wabash County, Illinois",11652,47491,1447,17,185
"Cumberland County, Illinois",10943,46061,1700,17,035
"Kane County, Illinois",524886,70696,59033,17,089
"Brown County, Illinois",6859,50739,565,17,009
"Marshall County, Illinois",12173,53423,1201,17,123
"Christian County, Illinois",34200,45334,4714,17,021
"Jackson County, Illinois",59534,33871,16853,17,077
"Union County, Illinois",17551,42606,2971,17,181
"Saline County, Illinois",24783,38258,5534,17,165
"Whiteside County, Illinois",57525,47401,6740,17,195
"DeKalb County, Illinois",104345,54101,18336,17,037
"Jasper County, Illinois",9635,54209,881,17,079
"Will County, Illinois",683995,76101,53482,17,197
"Douglas County, Illinois",19826,51810,2019,17,041
"Greene County, Illinois",13502,42565,2231,17,061
"Hardin County, Illinois",4228,38838,864,17,069
"Knox County, Illinois",52112,39976,9013,17,095
"Massac County, Illinois",15016,40977,2705,17,127
"Tazewell County, Illinois",135697,58194,11559,17,179
"Franklin County, Kansas",25753,51081,3264,20,059
"Hodgeman County, Kansas",1939,54856,88,20,083
"Isanti County, Minnesota",38296,59865,2802,27,059
"Mower County, Minnesota",39227,49427,5410,27,099
"Olmsted County, Minnesota",148736,68023,13237,27,109
"St. Clair County, Alabama",85864,51859,13417,01,115
"Baldwin County, Alabama",195121,50254,25798,01,003
"Houston County, Alabama",103534,41571,18746,01,069
"Tuscaloosa County, Alabama",200458,46565,36274,01,125
"Coffee County, Alabama",50884,46729,8581,01,031
"Pike County, Alabama",33155,32825,8158,01,109
"Grant County, Minnesota",5961,50174,533,27,051
"Mahnomen County, Minnesota",5496,41118,1350,27,087
"Yellow Medicine County, Minnesota",10092,53041,1175,27,173
"Blue Earth County, Minnesota",65125,50061,11745,27,013
"Lake of the Woods County, Minnesota",3949,42263,363,27,077
"St. Louis County, Minnesota",200506,48331,30869,27,137
"Dakota County, Minnesota",408456,75567,31270,27,037
"Lyon County, Minnesota",25699,51600,3456,27,083
"Renville County, Minnesota",15171,52149,1646,27,129
"Cook County, Minnesota",5194,52299,588,27,031
"Clarke County, Alabama",25070,32011,6107,01,025
"Montgomery County, Alabama",228138,44369,49918,01,101
"Henry County, Alabama",17252,41997,2657,01,067
"Tallapoosa County, Alabama",41153,39206,9117,01,123
"Aleutians West Census Area, Alaska",5684,84306,499,02,016
"Northwest Arctic Borough, Alaska",7732,63648,1824,02,188
"Sitka City and Borough, Alaska",8943,70376,798,02,220
"Ketchikan Gateway Borough, Alaska",13699,64222,1640,02,130
"Dillingham Census Area, Alaska",4979,54173,894,02,070
"Juneau City and Borough, Alaska",32531,85746,2110,02,110
"Yukon-Koyukuk Census Area, Alaska",5644,38491,1252,02,290
"Denali Borough, Alaska",2060,81544,254,02,068
"Hoonah-Angoon Census Area, Alaska",2128,52419,252,02,105
"Wrangell City and Borough, Alaska",2387,48603,279,02,275
"Pima County, Arizona",998537,46162,187250,04,019
"Graham County, Arizona",37407,45964,7446,04,009
"Cochise County, Arizona",129647,45075,21102,04,003
"Apache County, Arizona",72124,31757,25852,04,001
"Yuma County, Arizona",202987,40743,40508,04,027
"Navajo County, Arizona",107656,35921,32141,04,017
"Clay County, Arkansas",15400,32552,3324,05,021
"Drew County, Arkansas",18740,32819,5023,05,043
"Randolph County, Arkansas",17695,34044,3651,05,121
"Boone County, Arkansas",37227,39251,6465,05,009
"Desha County, Arkansas",12379,27197,4029,05,041
"Garland County, Arkansas",96954,38733,19802,05,051
"Pope County, Arkansas",62830,39810,11818,05,115
"Banks County, Georgia",18336,41472,3026,13,011
"Bulloch County, Georgia",72386,36032,21794,13,031
"San Diego County, California",3223096,64309,454876,06,073
"Tulare County, California",454033,42031,125775,06,107
"Yolo County, California",207320,54989,39688,06,113
"Humboldt County, California",135034,42197,28158,06,023
"Nevada County, California",98570,56521,12367,06,057
"Alpine County, California",1131,52917,195,06,003
"Madera County, California",153187,45073,33968,06,039
"Mendocino County, California",87544,42980,17527,06,045
"Santa Cruz County, California",269278,67256,39053,06,087
"Trinity County, California",13373,34974,2562,06,105
"Clarke County, Georgia",120905,32162,40559,13,059
"Clay County, Georgia",3104,20438,1285,13,061
"Echols County, Georgia",4048,32959,1170,13,101
"Glynn County, Georgia",81743,45918,14981,13,127
"DeKalb County, Georgia",716331,51376,135469,13,089
"Haralson County, Georgia",28565,41910,5724,13,143
"Jackson County, Georgia",61420,53379,8314,13,157
"Jefferson County, Georgia",16374,26557,4889,13,163
"Jones County, Georgia",28738,51857,4770,13,169
"Lincoln County, Georgia",7720,34243,1912,13,181
"Murray County, Georgia",39401,35539,7765,13,213
"Muscogee County, Georgia",200285,42306,38921,13,215
"Pulaski County, Georgia",11590,38750,1929,13,235
"Rabun County, Georgia",16266,35211,3458,13,241
"Stewart County, Georgia",5868,21118,1645,13,259
"Towns County, Georgia",10800,37000,1862,13,281
"Treutlen County, Georgia",6762,38596,1242,13,283
"Turner County, Georgia",8338,31806,2027,13,287
"Atkinson County, Georgia",8294,30933,2370,13,003
"Appling County, Georgia",18417,37135,3745,13,001
"Brantley County, Georgia",18452,37206,3812,13,025
"Ben Hill County, Georgia",17477,29994,6024,13,017
"Catoosa County, Georgia",65375,50876,8061,13,047
"Chattooga County, Georgia",25241,32913,5488,13,055
"Columbia County, Georgia",136204,71021,12517,13,073
"Floyd County, Georgia",96169,41549,19605,13,115
"Forsyth County, Georgia",196236,88816,13547,13,117
"Hart County, Georgia",25498,37653,5403,13,147
"Lowndes County, Georgia",113203,36834,28907,13,185
"Meriwether County, Georgia",21297,35832,4733,13,199
"Putnam County, Georgia",21247,44299,3446,13,237
"Sumter County, Georgia",31429,32758,9741,13,261
"Warren County, Georgia",5561,29176,1485,13,301
"Baker County, Georgia",3292,44297,752,13,007
"Butts County, Georgia",23445,41667,4329,13,035
"Candler County, Georgia",11031,30185,3398,13,043
"Carroll County, Georgia",112595,43586,22441,13,045
"Early County, Georgia",10579,31680,2916,13,099
"Crisp County, Georgia",23314,31615,7468,13,081
"Coweta County, Georgia",133416,62461,17489,13,077
"Cobb County, Georgia",719133,65873,87880,13,067
"Dade County, Georgia",16445,46434,2300,13,083
"Wilkes County, Georgia",9991,32727,2795,13,317
"Brooks County, Georgia",15637,32663,4265,13,027
"Gordon County, Georgia",55889,41612,11188,13,129
"Elbert County, Georgia",19537,35388,3664,13,105
"Fayette County, Georgia",108655,79066,9129,13,113
"Jenkins County, Georgia",8922,24604,2984,13,165
"Newton County, Georgia",102645,49179,17281,13,217
"Greene County, Georgia",16331,42408,4033,13,133
"Colquitt County, Georgia",46024,32409,12086,13,071
"Dawson County, Georgia",22673,56943,3156,13,085
"Clayton County, Georgia",267234,40938,65787,13,063
"Hall County, Georgia",187916,51202,34120,13,139
"Honolulu County, Hawaii",984178,74460,92404,15,003
"Maui County, Hawaii",160863,66476,17388,15,009
"Kalawao County, Hawaii",85,66250,12,15,005
"Oneida County, Idaho",4245,41338,615,16,071
"Gem County, Idaho",16731,40828,2980,16,045
"Valley County, Idaho",9720,48384,1434,16,085
"Jewell County, Kansas",3038,40553,466,20,089
"Kearny County, Kansas",3952,50506,412,20,093
"Rice County, Kansas",10014,48460,1365,20,159
"Stafford County, Kansas",4320,47377,675,20,185
"McPherson County, Kansas",29252,56128,1993,20,113
"Osage County, Kansas",16080,49915,1997,20,139
"Greeley County, Kansas",1224,47750,97,20,071
"Coffey County, Kansas",8458,57433,833,20,031
"Crawford County, Kansas",39304,36534,8219,20,037
"Ellis County, Kansas",28993,45579,4353,20,051
"Los Angeles County, California",10038388,56196,1800265,06,037
"Riverside County, California",2298032,56603,379985,06,065
"San Bernardino County, California",2094769,53433,397766,06,071
"Santa Clara County, California",1868149,96310,175690,06,085
"Marin County, California",258349,93257,20964,06,041
"Placer County, California",366280,73948,32427,06,061
"Siskiyou County, California",43895,37170,10026,06,093
"Shasta County, California",178942,44620,31707,06,089
"Solano County, California",425753,66828,55534,06,095
"Del Norte County, California",27788,40847,5207,06,015
"Glenn County, California",28029,39349,5721,06,021
"Butte County, California",222564,43444,47532,06,007
"Plumas County, California",18966,47333,2687,06,063
"San Luis Obispo County, California",276517,60691,38630,06,079
"Kern County, California",865736,49026,195744,06,029
"Ventura County, California",840833,77348,91880,06,111
"Calaveras County, California",44767,53233,5590,06,009
"San Mateo County, California",748731,93623,59232,06,081
"Tuolumne County, California",54079,50306,7010,06,109
"Amador County, California",36995,54171,4191,06,005
"Phillips County, Colorado",4371,43639,658,08,095
"Denver County, Colorado",649654,53637,110299,08,031
"Kiowa County, Colorado",1463,40304,189,08,061
"Baca County, Colorado",3701,38000,736,08,009
"Gilpin County, Colorado",5605,65670,413,08,047
"Kit Carson County, Colorado",7980,40603,1157,08,063
"Gunnison County, Colorado",15651,48071,2509,08,051
"Jefferson County, Colorado",552344,70164,46423,08,059
"Ouray County, Colorado",4580,61624,355,08,091
"Rio Blanco County, Colorado",6712,61842,1113,08,103
"Weld County, Colorado",270948,60572,34007,08,123
"Conejos County, Colorado",8249,36652,1491,08,021
"Costilla County, Colorado",3581,31321,850,08,023
"Douglas County, Colorado",306974,102964,12110,08,035
"Eagle County, Colorado",52576,72214,4780,08,037
"La Plata County, Colorado",53182,60278,5432,08,067
"Moffat County, Colorado",13117,51387,1462,08,081
"Rio Grande County, Colorado",11745,39672,2198,08,105
"Bent County, Colorado",5895,36791,923,08,011
"Crowley County, Colorado",5551,31151,1449,08,025
"San Juan County, Colorado",606,36324,100,08,111
"Jackson County, Colorado",1335,46014,155,08,057
"Logan County, Colorado",21928,42319,3529,08,075
"Montezuma County, Colorado",25700,43553,4550,08,083
"Teller County, Colorado",23340,62372,1728,08,119
"Boulder County, Colorado",310032,70961,42167,08,013
"Las Animas County, Colorado",14503,45067,2055,08,071
"Lincoln County, Colorado",5478,39005,624,08,073
"Routt County, Colorado",23606,64963,2369,08,107
"Alamosa County, Colorado",16269,32395,4396,08,003
"Clear Creek County, Colorado",9136,67710,748,08,019
"Fremont County, Colorado",46809,40423,6272,08,043
"Harrison County, Indiana",39230,52128,5392,18,061
"Wabash County, Indiana",32358,45649,4373,18,169
"Jay County, Indiana",21255,41021,3400,18,075
"Porter County, Indiana",166570,63926,18850,18,127
"Spencer County, Indiana",20856,55247,2213,18,147
"Tippecanoe County, Indiana",180952,45932,36902,18,157
"Hamilton County, Indiana",296635,86222,13889,18,057
"Adams County, Idaho",3880,39565,495,16,003
"Clearwater County, Minnesota",8752,43421,1451,27,029
"Woodruff County, Arkansas",6983,28993,1612,05,147
"Jackson County, Arkansas",17597,31261,3819,05,067
"Stone County, Arkansas",12512,29264,3042,05,137
"Baxter County, Arkansas",41040,35396,6452,05,005
"Greene County, Arkansas",43382,41286,7572,05,055
"Phillips County, Arkansas",20391,26844,6882,05,107
"Yell County, Arkansas",21835,37804,4009,05,149
"Clark County, Arkansas",22751,35031,4716,05,019
"Monroe County, Arkansas",7713,27647,2501,05,095
"Ouachita County, Arkansas",25044,31293,5948,05,103
"Arkansas County, Arkansas",18731,36411,3705,05,001
"Carroll County, Arkansas",27635,36897,5001,05,015
"Pulaski County, Arkansas",390463,46140,67908,05,119
"Lake County, California",64158,35578,15597,06,033
"Modoc County, California",9184,37860,1673,06,049
"Inyo County, California",18373,45955,2019,06,027
"Santa Barbara County, California",435850,63985,68017,06,083
"Imperial County, California",178206,41079,40114,06,025
"Alameda County, California",1584983,75619,194639,06,001
"Napa County, California",140295,71379,14020,06,055
"San Francisco County, California",840763,81294,109524,06,075
"Colusa County, California",21396,52168,3171,06,011
"Kings County, California",150998,46481,29900,06,031
"Fresno County, California",956749,45233,252187,06,019
"Orange County, California",3116069,76509,395483,06,059
"Sutter County, California",95247,52017,16743,06,101
"San Joaquin County, California",708554,53274,129390,06,077
"Archuleta County, Colorado",12174,46646,1405,08,007
"Huerfano County, Colorado",6502,31715,1171,08,055
"Chaffee County, Colorado",18309,51092,1502,08,015
"Garfield County, Colorado",57076,56590,6786,08,045
"Mineral County, Colorado",733,48125,56,08,079
"Sedgwick County, Colorado",2365,44191,335,08,115
"Custer County, Colorado",4303,35000,736,08,027
"Adams County, Colorado",471206,58946,64241,08,001
"Lake County, Colorado",7362,45367,833,08,065
"Pitkin County, Colorado",17420,71196,1709,08,097
"Cheyenne County, Colorado",2002,52554,168,08,017
"Dolores County, Colorado",1862,31875,398,08,033
"Larimer County, Colorado",318227,59805,42338,08,069
"San Miguel County, Colorado",7676,56047,854,08,113
"Elbert County, Colorado",23855,84963,1649,08,039
"Yuma County, Colorado",10185,43105,1451,08,125
"Summit County, Colorado",28940,67983,3949,08,117
"Delta County, Colorado",30214,42452,4716,08,029
"Greenwood County, Kansas",6393,38838,945,20,073
"Labette County, Kansas",21048,41439,3651,20,099
"Linn County, Kansas",9528,46964,1246,20,107
"Sedgwick County, Kansas",506529,50657,75400,20,173
"Seward County, Kansas",23274,47134,4350,20,175
"Republic County, Kansas",4806,40449,599,20,157
"Graham County, Kansas",2593,43826,287,20,065
"Johnson County, Kansas",566814,76113,34556,20,091
"Douglas County, Kansas",114967,50939,20137,20,045
"Sheridan County, Kansas",2531,49750,165,20,179
"Miami County, Kansas",32688,60966,2949,20,121
"Wallace County, Kansas",1595,47279,129,20,199
"Stevens County, Kansas",5772,55433,1037,20,189
"Smith County, Kansas",3740,43848,543,20,183
"Jackson County, Kansas",13400,54077,1197,20,085
"Kingman County, Kansas",7790,50844,811,20,095
"Nemaha County, Kansas",10159,48653,1129,20,131
"Wyandotte County, Kansas",160806,40113,37963,20,209
"Cherokee County, Kansas",20952,41388,3511,20,021
"Clay County, Kansas",8421,52066,942,20,027
"Lincoln County, Kansas",3154,44276,333,20,105
"Sumner County, Kansas",23638,50141,2869,20,191
"Trego County, Kansas",2951,54000,119,20,195
"Wilson County, Kansas",9061,40306,1639,20,205
"Mitchell County, Kansas",6296,48217,626,20,123
"Ness County, Kansas",3077,44904,354,20,135
"Atchison County, Kansas",16633,43581,2970,20,005
"Bourbon County, Kansas",14812,38280,2757,20,011
"Hamilton County, Kansas",2586,45114,371,20,075
"Leavenworth County, Kansas",78227,63726,8223,20,103
"Shawnee County, Kansas",178792,50378,26445,20,177
"Wichita County, Kansas",2204,57171,214,20,203
"Chautauqua County, Kansas",3520,37993,579,20,019
"Norton County, Kansas",5590,47852,398,20,137
"Reno County, Kansas",64058,45288,7457,20,155
"Cloud County, Kansas",9339,39282,1202,20,029
"Edwards County, Kansas",2991,47303,335,20,047
"Haskell County, Kansas",4130,56484,562,20,081
"Rush County, Kansas",3184,38854,292,20,165
"Scott County, Kansas",4928,51850,319,20,171
"Neosho County, Kansas",16423,43195,2961,20,133
"Ottawa County, Kansas",6048,52479,466,20,143
"Phillips County, Kansas",5501,44170,494,20,147
"Barber County, Kansas",4770,51811,511,20,007
"Decatur County, Kansas",2905,40657,316,20,039
"Jefferson County, Kansas",18898,57236,1394,20,087
"Greenup County, Kentucky",36477,45370,6355,21,089
"Fleming County, Kentucky",14544,35469,2907,21,069
"Carter County, Kentucky",27326,36696,4682,21,043
"Elliott County, Kentucky",7725,28224,2079,21,063
"Jefferson County, Kentucky",755809,48695,121683,21,111
"Larue County, Kentucky",14149,38578,2460,21,123
"Mason County, Kentucky",17296,38824,3087,21,161
"Mason County, Michigan",28711,42024,4861,26,105
"Menominee County, Michigan",23717,40373,3774,26,109
"Montcalm County, Michigan",63004,41584,10924,26,117
"Missaukee County, Michigan",14988,41098,2490,26,113
"St. Joseph County, Michigan",61022,44449,10319,26,149
"St. Clair County, Michigan",160429,49730,23128,26,147
"Van Buren County, Michigan",75351,46008,14029,26,159
"Washtenaw County, Michigan",354092,61003,51965,26,161
"Arenac County, Michigan",15424,38307,3013,26,011
"Barry County, Michigan",59147,55064,6377,26,015
"Cass County, Michigan",51952,46570,7576,26,027
"Iron County, Michigan",11507,33663,1749,26,071
"Benzie County, Michigan",17437,47388,1989,26,019
"Roscommon County, Michigan",24068,35133,4885,26,143
"Schoolcraft County, Michigan",8288,34118,1735,26,153
"Wayne County, Michigan",1778969,41210,440449,26,163
"Branch County, Michigan",43706,44373,7310,26,023
"Grand Traverse County, Michigan",89907,52950,9575,26,055
"Jackson County, Michigan",159759,46326,25464,26,075
"Genesee County, Michigan",415874,42327,85696,26,049
"Antrim County, Michigan",23267,46845,3316,26,009
"Livingston County, Michigan",184591,75204,10895,26,093
"Iosco County, Michigan",25401,37317,4395,26,069
"Manistee County, Michigan",24536,41395,3918,26,101
"Montmorency County, Michigan",9401,36250,1568,26,119
"Gladwin County, Michigan",25501,38021,5211,26,051
"Mecosta County, Michigan",43301,41889,9338,26,107
"Marquette County, Michigan",67582,45409,10689,26,103
"Osceola County, Michigan",23234,38999,5032,26,133
"Otsego County, Michigan",24141,48917,3270,26,137
"Cheboygan County, Michigan",25690,40219,4595,26,031
"Luce County, Michigan",6477,37088,1059,26,095
"Macomb County, Michigan",854689,54582,106546,26,099
"Shiawassee County, Michigan",69113,48233,9790,26,155
"Baraga County, Michigan",8690,39803,992,26,013
"Charlevoix County, Michigan",26134,46554,3181,26,029
"Eaton County, Michigan",108341,54993,11524,26,045
"Gogebic County, Michigan",15824,35686,2859,26,053
"Emmet County, Michigan",33018,51018,3506,26,047
"Meeker County, Minnesota",23129,55042,2282,27,093
"Pennington County, Minnesota",14110,47127,1286,27,113
"Rice County, Minnesota",64886,59598,6469,27,131
"Wilkin County, Minnesota",6526,51476,627,27,167
"Red Lake County, Minnesota",4061,50332,431,27,125
"Clay County, Minnesota",60879,57965,7202,27,027
"Faribault County, Minnesota",14230,47540,1878,27,043
"Fillmore County, Minnesota",20843,51665,2280,27,045
"Lake County, Minnesota",10750,48417,1364,27,075
"Polk County, Minnesota",31547,53326,3987,27,119
"Roseau County, Minnesota",15615,53199,1637,27,135
"Sibley County, Minnesota",15021,56990,1584,27,143
"Watonwan County, Minnesota",11054,50604,1182,27,165
"Becker County, Minnesota",33138,52038,4160,27,005
"Big Stone County, Minnesota",5134,47794,719,27,011
"Brown County, Minnesota",25391,52598,1887,27,015
"Cass County, Minnesota",28519,46531,4656,27,021
"Goodhue County, Minnesota",46377,57062,5104,27,049
"Hubbard County, Minnesota",20574,47486,2368,27,057
"Jackson County, Minnesota",10211,50574,1085,27,063
"LaGrange County, Indiana",38084,49964,4909,18,087
"Boone County, Indiana",60511,67552,3498,18,011
"Montgomery County, Indiana",38172,48213,5153,18,107
"Clark County, Indiana",113181,51699,12009,18,019
"Clay County, Indiana",26686,47602,3807,18,021
"Franklin County, Indiana",22935,51748,2413,18,047
"Jackson County, Indiana",43471,47000,6297,18,071
"Posey County, Indiana",25567,58101,2801,18,129
"Vermillion County, Indiana",15860,43600,1996,18,165
"Allen County, Indiana",363453,49092,56542,18,003
"Floyd County, Indiana",75900,54914,9530,18,043
"Johnson County, Indiana",145645,62147,14205,18,081
"Gibson County, Indiana",33668,48303,3675,18,051
"Orange County, Indiana",19725,39812,3403,18,117
"Marshall County, Indiana",46962,48485,5594,18,099
"Blackford County, Indiana",12476,38190,1700,18,009
"Scott County, Indiana",23783,44442,4148,18,143
"Elkhart County, Indiana",200685,47913,31601,18,039
"Cass County, Indiana",38476,42290,5884,18,017
"Wayne County, Indiana",67866,38494,13732,18,177
"Butler County, Iowa",14966,52360,1322,19,023
"Hamilton County, Iowa",15297,49813,1712,19,079
"Union County, Iowa",12575,44351,1676,19,175
"Worth County, Iowa",7563,48459,887,19,195
"Adair County, Iowa",7426,46526,764,19,001
"Chickasaw County, Iowa",12244,47040,1067,19,037
"Dickinson County, Iowa",16967,57265,1100,19,059
"Keokuk County, Iowa",10291,43838,1374,19,107
"Tama County, Iowa",17479,55203,1919,19,171
"Franklin County, Iowa",10489,48605,1372,19,069
"Cedar County, Iowa",18375,59047,1393,19,031
"Floyd County, Iowa",16050,44797,1957,19,067
"Louisa County, Iowa",11271,51144,1357,19,115
"Humboldt County, Iowa",9674,47252,1155,19,091
"Washington County, Iowa",22017,56390,2013,19,183
"Cherokee County, Iowa",11853,48599,1281,19,035
"Des Moines County, Iowa",40208,44423,6010,19,057
"Kossuth County, Iowa",15280,51496,1357,19,109
"Muscatine County, Iowa",42913,53676,5219,19,139
"Polk County, Iowa",452369,60061,57143,19,153
"Martin County, Minnesota",20350,51391,2286,27,091
"Nobles County, Minnesota",21687,50625,3320,27,105
"Pine County, Minnesota",29218,44549,4015,27,115
"Nez Perce County, Idaho",39779,48160,4581,16,069
"Jerome County, Idaho",22653,41630,3676,16,053
"Kootenai County, Idaho",145046,49403,18634,16,055
"Lewis County, Idaho",3812,36505,652,16,061
"Minidoka County, Idaho",20279,44853,3501,16,067
"Twin Falls County, Idaho",80004,44048,12418,16,083
"Owyhee County, Idaho",11364,33440,3091,16,073
"Blaine County, Idaho",21309,60088,2218,16,013
"Boise County, Idaho",6885,44238,991,16,015
"Boundary County, Idaho",10961,38961,1647,16,021
"Butte County, Idaho",2653,37891,460,16,023
"Caribou County, Idaho",6808,58021,551,16,029
"Gooding County, Idaho",15233,39930,2911,16,047
"Ada County, Idaho",417501,56356,50551,16,001
"Bannock County, Idaho",83604,43779,15288,16,005
"Bear Lake County, Idaho",5939,48654,759,16,007
"Bingham County, Idaho",45407,50155,6093,16,011
"Bonneville County, Idaho",107788,50762,14025,16,019
"Camas County, Idaho",1052,42614,229,16,025
"Clearwater County, Idaho",8560,38837,985,16,035
"Jefferson County, Idaho",26792,51171,3492,16,051
"Lemhi County, Idaho",7790,34329,1430,16,059
"Payette County, Idaho",22700,44257,4152,16,075
"Bonner County, Idaho",41066,42171,6145,16,017
"Custer County, Idaho",4234,39457,806,16,037
"Elmore County, Idaho",26175,43848,4046,16,039
"Madison County, Idaho",37916,32233,13232,16,065
"Shoshone County, Idaho",12571,37665,2108,16,079
"Teton County, Idaho",10285,53474,1110,16,081
"Washington County, Idaho",10025,34775,1798,16,087
"Hancock County, Illinois",18738,47699,2159,17,067
"Grundy County, Illinois",50277,65887,4531,17,063
"Kankakee County, Illinois",112221,52110,17365,17,091
"DuPage County, Illinois",930412,79658,67941,17,043
"Alexander County, Illinois",7364,27265,2424,17,003
"Menard County, Illinois",12611,60486,1404,17,129
"LaSalle County, Illinois",112579,50633,14386,17,099
"Cook County, Illinois",5236393,55251,879499,17,031
"Macon County, Illinois",109193,47176,19411,17,115
"Morgan County, Illinois",35129,45978,4580,17,137
"Wayne County, Illinois",16555,44993,2385,17,191
"Woodford County, Illinois",39106,65852,3105,17,203
"Franklin County, Illinois",39694,39512,7191,17,055
"McDonough County, Illinois",32009,40314,6394,17,109
"McHenry County, Illinois",307357,77222,24037,17,111
"Moultrie County, Illinois",14927,49681,1929,17,139
"Perry County, Illinois",21810,42478,3380,17,145
"Pope County, Illinois",4331,39223,615,17,151
"St. Clair County, Illinois",267029,49895,47946,17,163
"Shelby County, Illinois",22115,47850,2449,17,173
"Champaign County, Illinois",205766,46495,43284,17,019
"Calhoun County, Illinois",4999,53869,606,17,013
"Ford County, Illinois",13835,49947,1790,17,053
"Jo Daviess County, Illinois",22397,53221,2032,17,085
"Kendall County, Illinois",120036,84385,6616,17,093
"Lawrence County, Illinois",16665,40841,1509,17,101
"Marion County, Illinois",38665,42238,6965,17,121
"Mason County, Illinois",14126,41567,2095,17,125
"Iroquois County, Illinois",29053,47834,4735,17,075
"Clay County, Illinois",13582,44209,1839,17,025
"Gallatin County, Illinois",5385,39636,837,17,059
"Monroe County, Illinois",33539,70859,1667,17,133
"Peoria County, Illinois",187112,51147,31194,17,143
"Pendleton County, Kentucky",14514,48353,2188,21,191
"Robertson County, Kentucky",2208,31741,473,21,201
"Russell County, Kentucky",17669,30720,4475,21,207
"Spencer County, Kentucky",17577,63000,1466,21,215
"Washington County, Kentucky",11910,40976,2034,21,229
"Bath County, Kentucky",11978,33483,3122,21,011
"Ballard County, Kentucky",8256,42244,1295,21,007
"Barren County, Kentucky",42925,38370,8598,21,009
"Monroe County, Alabama",22217,27257,6901,01,099
"Lawrence County, Alabama",33586,40003,6225,01,079
"Lee County, Alabama",150982,44570,34561,01,081
"Marion County, Alabama",30387,32299,5960,01,093
"Pickens County, Alabama",19856,30330,4801,01,107
"Sumter County, Alabama",13341,19501,5372,01,119
"Jefferson County, Alabama",659026,45610,121029,01,073
"Choctaw County, Alabama",13395,33536,3093,01,023
"Franklin County, Alabama",31634,35372,7020,01,059
"Marengo County, Alabama",20306,32042,5244,01,091
"Russell County, Alabama",58302,37049,12054,01,113
"Cherokee County, Alabama",26008,36296,4918,01,019
"Covington County, Alabama",37886,36444,7515,01,039
"Crenshaw County, Alabama",13938,36022,2288,01,041
"Dallas County, Alabama",42154,27306,14580,01,047
"Lauderdale County, Alabama",92737,43125,16232,01,077
"Lowndes County, Alabama",10742,25876,3035,01,085
"Macon County, Alabama",20018,30738,4636,01,087
"Limestone County, Alabama",88805,49570,12075,01,083
"Shelby County, Alabama",203530,70187,16693,01,117
"Winston County, Alabama",24130,33194,5157,01,133
"Boyle County, Kentucky",29388,39704,4291,21,021
"Green County, Kentucky",11149,34982,2216,21,087
"Hancock County, Kentucky",8669,50476,1360,21,091
"Harlan County, Kentucky",28400,25814,8661,21,095
"Martin County, Kentucky",12631,25795,3896,21,159
"Hardin County, Kentucky",107529,50765,14886,21,093
"Lincoln County, Kentucky",24498,37139,6039,21,137
"McLean County, Kentucky",9500,40770,1983,21,149
"Monroe County, Kentucky",10765,31045,2937,21,171
"Ohio County, Kentucky",24065,40189,5208,21,183
"Powell County, Kentucky",12447,29736,3392,21,197
"Webster County, Kentucky",13357,38917,2296,21,233
"Caldwell County, Kentucky",12826,42537,2544,21,033
"Casey County, Kentucky",15954,32341,3969,21,045
"Christian County, Kentucky",74159,39521,13576,21,047
"Grayson County, Kentucky",26001,35030,6119,21,085
"Henry County, Kentucky",15455,46495,2798,21,103
"Hopkins County, Kentucky",46518,42346,7799,21,107
"Laurel County, Kentucky",59751,36020,13588,21,125
"Marshall County, Kentucky",31181,45212,3287,21,157
"Montgomery County, Kentucky",27167,39275,6956,21,173
"Nicholas County, Kentucky",7075,36097,1624,21,181
"Owen County, Kentucky",10711,41934,1780,21,187
"Scott County, Kentucky",50178,63027,5332,21,209
"Warren County, Kentucky",118950,44911,21047,21,227
"Bourbon County, Kentucky",20013,45208,3272,21,017
"Boyd County, Kentucky",48917,42319,9500,21,019
"Crittenden County, Kentucky",9222,35316,1974,21,055
"Fayette County, Kentucky",308306,49778,55900,21,067
"Johnson County, Kentucky",23350,35570,5977,21,115
"Menifee County, Kentucky",6343,31503,1851,21,165
"Morgan County, Kentucky",13428,29707,3249,21,175
"Perry County, Kentucky",28041,32667,6894,21,193
"Pulaski County, Kentucky",63635,34790,16497,21,199
"Clay County, Kentucky",21300,21549,7732,21,051
"Adair County, Kentucky",18852,33362,3789,21,001
"Breathitt County, Kentucky",13591,25817,4366,21,025
"Graves County, Kentucky",37502,39530,6342,21,083
"Hart County, Kentucky",18441,34774,4507,21,099
"Butler County, Kentucky",12835,33536,3667,21,031
"Trimble County, Kentucky",8783,47409,1486,21,223
"Harrison County, Kentucky",18648,35681,4069,21,097
"Hickman County, Kentucky",4720,41218,675,21,105
"Lyon County, Kentucky",8402,46931,1002,21,143
"Wayne County, Kentucky",20655,28573,5477,21,231
"Lewis County, Kentucky",13790,28630,4151,21,135
"Trigg County, Kentucky",14250,44083,2500,21,221
"Woodford County, Kentucky",25317,58750,3259,21,239
"Leslie County, Kentucky",10997,25872,3051,21,131
"Jessamine County, Kentucky",50328,50558,9190,21,113
"Lawrence County, Kentucky",15821,35935,3548,21,127
"Livingston County, Kentucky",9394,42171,1362,21,139
"McCracken County, Kentucky",65408,44067,10763,21,145
"Shelby County, Kentucky",44290,60324,5566,21,211
"Whitley County, Kentucky",35794,31014,8871,21,235
"Cullman County, Alabama",80965,38971,14814,01,043
"Elmore County, Alabama",80763,53555,10334,01,051
"Jackson County, Alabama",52860,37745,9415,01,071
"Talladega County, Alabama",81437,35155,17950,01,121
"Washington County, Alabama",16997,42811,3200,01,129
"Clay County, Alabama",13537,35327,2201,01,027
"Morgan County, Alabama",119786,45751,18936,01,103
"Chilton County, Alabama",43819,41627,8288,01,021
"Colbert County, Alabama",54444,40576,9406,01,033
"Sherburne County, Minnesota",90401,74170,6966,27,141
"Wadena County, Minnesota",13759,41906,2211,27,159
"Benton County, Minnesota",39221,52178,5732,27,009
"Carver County, Minnesota",95715,86323,4172,27,019
"Freeborn County, Minnesota",30897,47105,3679,27,047
"Itasca County, Minnesota",45354,47761,6018,27,061
"McLeod County, Minnesota",36046,56128,2866,27,085
"Pope County, Minnesota",10948,52785,1011,27,121
"Ramsey County, Minnesota",527411,56104,84589,27,123
"Stevens County, Minnesota",9771,52302,1727,27,149
"Swift County, Minnesota",9525,49035,1167,27,151
"Winona County, Minnesota",51213,50547,6933,27,169
"Cottonwood County, Minnesota",11632,46750,1905,27,033
"Scott County, Minnesota",137322,87794,7747,27,139
"Dodge County, Minnesota",20290,68116,1342,27,039
"Wabasha County, Minnesota",21381,56510,1547,27,157
"Pipestone County, Minnesota",9354,46990,1182,27,117
"Crow Wing County, Minnesota",63048,49435,7028,27,035
"Norman County, Minnesota",6692,50377,846,27,107
"Wright County, Minnesota",128691,73557,7846,27,171
"Nicollet County, Minnesota",33086,58640,3814,27,103
"Douglas County, Minnesota",36620,54531,3438,27,041
"Kittson County, Minnesota",4480,52326,474,27,069
"Le Sueur County, Minnesota",27707,60632,2482,27,079
"Chisago County, Minnesota",53834,71001,2889,27,025
"Redwood County, Minnesota",15723,47211,1825,27,127
"Todd County, Minnesota",24466,46414,3548,27,153
"Beltrami County, Minnesota",45434,44757,8118,27,007
"Houston County, Minnesota",18812,53809,2031,27,055
"Lac qui Parle County, Minnesota",7023,49903,561,27,073
"Otter Tail County, Minnesota",57511,52365,5635,27,111
"Waseca County, Minnesota",19076,53564,1544,27,161
"Anoka County, Minnesota",338764,70873,25925,27,003
"Stearns County, Minnesota",152595,56336,19570,27,145
"Lincoln County, Minnesota",5808,49575,524,27,081
"Marshall County, Minnesota",9453,54092,734,27,089
"Mille Lacs County, Minnesota",25809,49094,3080,27,095
"Washington County, Minnesota",246670,83706,13109,27,163
"Carlton County, Minnesota",35443,53227,4727,27,017
"Kanabec County, Minnesota",16003,47384,2242,27,065
"Windham County, Connecticut",117470,59392,11999,09,015
"Middlesex County, Connecticut",165165,79893,10710,09,007
"Washington County, Florida",24629,38970,4723,12,133
"Brevard County, Florida",553591,48925,76460,12,009
"Lake County, Florida",310561,46403,42497,12,069
"Polk County, Florida",626676,43162,111877,12,105
"Glades County, Florida",13272,34877,2408,12,043
"Jackson County, Florida",48900,35098,9090,12,063
"Seminole County, Florida",437346,57010,52637,12,117
"Bay County, Florida",175353,47368,26235,12,005
"Utah County, Utah",551957,62180,71110,49,049
"Duchesne County, Utah",19817,61133,2019,49,013
"Uintah County, Utah",35721,66815,3261,49,047
"Davis County, Utah",323374,71112,24718,49,011
"Emery County, Utah",10728,49787,1188,49,015
"Garfield County, Utah",5069,42614,873,49,017
"Isle of Wight County, Virginia",35740,65741,4137,51,093
"Franklin city, Virginia",8457,32399,1762,51,620
"Lexington city, Virginia",7071,34017,678,51,678
"Henry County, Virginia",52580,35293,9520,51,089
"King William County, Virginia",16097,62031,1897,51,101
"Louisa County, Virginia",33986,57829,3385,51,109
"Prince Edward County, Virginia",23022,41697,3883,51,147
"Rockingham County, Virginia",77785,53744,8471,51,165
"Surry County, Virginia",6823,53673,881,51,181
"Clarke County, Virginia",14299,71295,1556,51,043
"Mecklenburg County, Virginia",31555,37356,5975,51,117
"Augusta County, Virginia",74053,54558,6694,51,015
"Goochland County, Virginia",21721,79330,1163,51,075
"Madison County, Virginia",13147,47736,1613,51,113
"Roanoke County, Virginia",93633,60519,7607,51,161
"Brunswick County, Virginia",16930,36919,3298,51,025
"Northampton County, Virginia",12184,35055,2730,51,131
"Rockbridge County, Virginia",22444,48901,3085,51,163
"Norton city, Virginia",4007,27731,949,51,720
"Colonial Heights city, Virginia",17515,50304,1974,51,570
"Bland County, Virginia",6662,45294,621,51,021
"Botetourt County, Virginia",33155,60454,2701,51,023
"Bristol city, Virginia",17524,35368,3496,51,520
"Williamsburg city, Virginia",14754,48639,2401,51,830
"Carroll County, Virginia",29856,35000,5017,51,035
"Washington County, Virginia",54759,43310,6845,51,191
"Page County, Virginia",23843,43895,3880,51,139
"Alexandria city, Virginia",149315,89134,12359,51,510
"Hampton city, Virginia",137081,49190,20187,51,650
"Arlington County, Virginia",223945,105763,19996,51,013
"Buchanan County, Virginia",23486,29679,5841,51,027
"Stafford County, Virginia",137145,97144,6948,51,179
"Richmond city, Virginia",213735,40758,51828,51,760
"Essex County, Virginia",11151,42760,1533,51,057
"Tazewell County, Virginia",43870,37664,7518,51,185
"Manassas Park city, Virginia",15625,73528,1232,51,685
"Sussex County, Virginia",11864,39194,1362,51,183
"Manassas city, Virginia",40743,72890,3945,51,683
"Salem city, Virginia",25165,50068,2578,51,775
"Charlotte County, Virginia",12313,35079,2589,51,037
"Burleson County, Texas",17293,51821,2761,48,051
"Greensville County, Virginia",11760,38012,1490,51,081
"Thurston County, Washington",262723,61677,32101,53,067
"Columbia County, Washington",3989,38581,690,53,013
