YEAR,BENE_GEO_LVL,BENE_GEO_DESC,BENE_GEO_CD,BENES_TOTAL_CNT,ER_VISITS_PER_1000_BENES,County,Population,Median_Income,People_In_Poverty
2015,County,AK-Aleutians West,02016,239.0,104.8951,"Aleutians West Census Area, Alaska",5684,84306.0,499
2015,County,AK-Anchorage,02020,34768.0,606.9714,"Anchorage Municipality, Alaska",299107,78326.0,23914
2015,County,AK-Bethel,02050,1340.0,60.4089,"Bethel Census Area, Alaska",17776,51012.0,4364
2015,County,AK-Bristol Bay,02060,127.0,247.619,"Bristol Bay Borough, Alaska",970,79750.0,69
2015,County,AK-Denali,02068,208.0,287.234,"Denali Borough, Alaska",2060,81544.0,254
2015,County,AK-Dillingham,02070,470.0,107.438,"Dillingham Census Area, Alaska",4979,54173.0,894
2015,County,AK-Fairbanks North Star,02090,10117.0,630.3157,"Fairbanks North Star Borough, Alaska",99705,71068.0,7752
2015,County,AK-Haines,02100,550.0,332.6531,"Haines Borough, Alaska",2560,58750.0,135
2015,County,AK-Hoonah-Angoon,02105,271.0,224.6696,"Hoonah-Angoon Census Area, Alaska",2128,52419.0,252
2015,County,AK-Juneau,02110,4488.0,593.1461,"Juneau City and Borough, Alaska",32531,85746.0,2110
2015,County,AK-Kenai Peninsula,02122,10248.0,643.2222,"Kenai Peninsula Borough, Alaska",57221,63684.0,5558
2015,County,AK-Ketchikan Gateway,02130,2280.0,779.6954,"Ketchikan Gateway Borough, Alaska",13699,64222.0,1640
2015,County,AK-Kodiak Island,02150,1504.0,452.3619,"Kodiak Island Borough, Alaska",13973,70887.0,1552
2015,County,AK-Kusilvak,02158,541.0,31.0421,"Kusilvak Census Area, Alaska",7914,38229.0,2622
2015,County,AK-Lake and Peninsula,02164,177.0,147.8873,"Lake and Peninsula Borough, Alaska",1474,50781.0,247
2015,County,AK-Matanuska-Susitna,02170,12187.0,600.2681,"Matanuska-Susitna Borough, Alaska",96178,72983.0,9454
2015,County,AK-Nome,02180,827.0,1072.4409,"Nome Census Area, Alaska",9854,48868.0,2592
2015,County,AK-North Slope,02185,512.0,118.4211,"North Slope Borough, Alaska",9667,72576.0,976
2015,County,AK-Northwest Arctic,02188,580.0,107.5515,"Northwest Arctic Borough, Alaska",7732,63648.0,1824
2015,County,AK-Petersburg,02195,715.0,393.75,"Petersburg Borough, Alaska",3221,67935.0,327
2015,County,AK-Prince of Wales-Hyder,02198,906.0,259.6026,"Prince of Wales-Hyder Census Area, Alaska",6376,48523.0,921
2015,County,AK-Sitka,02220,1334.0,480.9228,"Sitka City and Borough, Alaska",8943,70376.0,798
2015,County,AK-Skagway,02230,321.0,197.8022,"Skagway Municipality, Alaska",999,69318.0,44
2015,County,AK-Southeast Fairbanks,02240,1114.0,363.0573,"Southeast Fairbanks Census Area, Alaska",7029,62670.0,1011
2015,County,AK-Valdez-Cordova,02261,1305.0,367.5676,"Valdez-Cordova Census Area, Alaska",9617,78810.0,1029
2015,County,AK-Wrangell,02275,463.0,677.3399,"Wrangell City and Borough, Alaska",2387,48603.0,279
2015,County,AK-Yakutat,02282,101.0,152.1739,"Yakutat City and Borough, Alaska",643,72500.0,35
2015,County,AK-Yukon-Koyukuk,02290,817.0,464.7239,"Yukon-Koyukuk Census Area, Alaska",5644,38491.0,1252
2015,County,AL-Autauga,01001,10420.0,729.1967,"Autauga County, Alabama",55221,51281.0,7057
2015,County,AL-Baldwin,01003,46969.0,532.8148,"Baldwin County, Alabama",195121,50254.0,25798
2015,County,AL-Barbour,01005,6390.0,873.953,"Barbour County, Alabama",26932,32964.0,6421
2015,County,AL-Bibb,01007,4961.0,751.3572,"Bibb County, Alabama",22604,38678.0,3488
2015,County,AL-Blount,01009,12400.0,631.7096,"Blount County, Alabama",57710,45813.0,9552
2015,County,AL-Bullock,01011,2053.0,782.7085,"Bullock County, Alabama",10678,31938.0,2486
2015,County,AL-Butler,01013,4893.0,869.1242,"Butler County, Alabama",20354,32229.0,5094
2015,County,AL-Calhoun,01015,27416.0,772.0334,"Calhoun County, Alabama",116648,41703.0,23325
2015,County,AL-Chambers,01017,8937.0,705.8391,"Chambers County, Alabama",34079,34177.0,7273
2015,County,AL-Cherokee,01019,7035.0,734.3655,"Cherokee County, Alabama",26008,36296.0,4918
2015,County,AL-Chilton,01021,9183.0,551.6849,"Chilton County, Alabama",43819,41627.0,8288
2015,County,AL-Choctaw,01023,3894.0,840.2138,"Choctaw County, Alabama",13395,33536.0,3093
2015,County,AL-Clarke,01025,6352.0,668.2464,"Clarke County, Alabama",25070,32011.0,6107
2015,County,AL-Clay,01027,3710.0,674.4898,"Clay County, Alabama",13537,35327.0,2201
2015,County,AL-Cleburne,01029,3555.0,746.3327,"Cleburne County, Alabama",15002,38056.0,2508
2015,County,AL-Coffee,01031,10377.0,750.6039,"Coffee County, Alabama",50884,46729.0,8581
2015,County,AL-Colbert,01033,13992.0,869.0466,"Colbert County, Alabama",54444,40576.0,9406
2015,County,AL-Conecuh,01035,3603.0,1036.8119,"Conecuh County, Alabama",12865,24900.0,4320
2015,County,AL-Coosa,01037,2592.0,836.9781,"Coosa County, Alabama",11027,31212.0,2073
2015,County,AL-Covington,01039,9835.0,936.4658,"Covington County, Alabama",37886,36444.0,7515
2015,County,AL-Crenshaw,01041,3546.0,820.5426,"Crenshaw County, Alabama",13938,36022.0,2288
2015,County,AL-Cullman,01043,19441.0,632.9283,"Cullman County, Alabama",80965,38971.0,14814
2015,County,AL-Dale,01045,10330.0,925.0059,"Dale County, Alabama",49866,45028.0,9306
2015,County,AL-Dallas,01047,10119.0,811.71,"Dallas County, Alabama",42154,27306.0,14580
2015,County,AL-DeKalb,01049,15568.0,657.158,"DeKalb County, Alabama",71068,38192.0,13133
2015,County,AL-Elmore,01051,16174.0,607.0769,"Elmore County, Alabama",80763,53555.0,10334
2015,County,AL-Escambia,01053,8863.0,973.7817,"Escambia County, Alabama",37935,32330.0,8609
2015,County,AL-Etowah,01055,25877.0,683.225,"Etowah County, Alabama",103766,39220.0,20078
2015,County,AL-Fayette,01057,4944.0,949.3545,"Fayette County, Alabama",16896,34680.0,3055
2015,County,AL-Franklin,01059,6910.0,840.2707,"Franklin County, Alabama",31634,35372.0,7020
2015,County,AL-Geneva,01061,6931.0,798.5386,"Geneva County, Alabama",26815,36024.0,6149
2015,County,AL-Greene,01063,2257.0,920.9278,"Greene County, Alabama",8697,20541.0,3479
2015,County,AL-Hale,01065,4053.0,943.3034,"Hale County, Alabama",15256,32714.0,4011
2015,County,AL-Henry,01067,4657.0,680.4155,"Henry County, Alabama",17252,41997.0,2657
2015,County,AL-Houston,01069,22857.0,724.9645,"Houston County, Alabama",103534,41571.0,18746
2015,County,AL-Jackson,01071,13087.0,688.2034,"Jackson County, Alabama",52860,37745.0,9415
2015,County,AL-Jefferson,01073,130935.0,652.7348,"Jefferson County, Alabama",659026,45610.0,121029
2015,County,AL-Lamar,01075,3977.0,935.1477,"Lamar County, Alabama",14133,35450.0,3382
2015,County,AL-Lauderdale,01077,21566.0,637.0345,"Lauderdale County, Alabama",92737,43125.0,16232
2015,County,AL-Lawrence,01079,7803.0,792.5549,"Lawrence County, Alabama",33586,40003.0,6225
2015,County,AL-Lee,01081,21583.0,549.9877,"Lee County, Alabama",150982,44570.0,34561
2015,County,AL-Limestone,01083,16652.0,774.5251,"Limestone County, Alabama",88805,49570.0,12075
2015,County,AL-Lowndes,01085,2776.0,788.084,"Lowndes County, Alabama",10742,25876.0,3035
2015,County,AL-Macon,01087,4558.0,630.6401,"Macon County, Alabama",20018,30738.0,4636
2015,County,AL-Madison,01089,61130.0,639.2818,"Madison County, Alabama",346438,57993.0,46436
2015,County,AL-Marengo,01091,5475.0,654.8458,"Marengo County, Alabama",20306,32042.0,5244
2015,County,AL-Marion,01093,7351.0,833.0614,"Marion County, Alabama",30387,32299.0,5960
2015,County,AL-Marshall,01095,20588.0,776.2282,"Marshall County, Alabama",94318,38983.0,18794
2015,County,AL-Mobile,01097,81924.0,589.198,"Mobile County, Alabama",414251,43809.0,77917
2015,County,AL-Monroe,01099,5320.0,916.6864,"Monroe County, Alabama",22217,27257.0,6901
2015,County,AL-Montgomery,01101,41779.0,641.6709,"Montgomery County, Alabama",228138,44369.0,49918
2015,County,AL-Morgan,01103,25591.0,663.1011,"Morgan County, Alabama",119786,45751.0,18936
2015,County,AL-Perry,01105,2474.0,736.0382,"Perry County, Alabama",10038,24537.0,3373
2015,County,AL-Pickens,01107,5092.0,1013.6322,"Pickens County, Alabama",19856,30330.0,4801
2015,County,AL-Pike,01109,6294.0,802.3177,"Pike County, Alabama",33155,32825.0,8158
2015,County,AL-Randolph,01111,5642.0,737.9511,"Randolph County, Alabama",22648,36924.0,4511
2015,County,AL-Russell,01113,11216.0,723.3876,"Russell County, Alabama",58302,37049.0,12054
2015,County,AL-Shelby,01117,33935.0,501.878,"Shelby County, Alabama",203530,70187.0,16693
2015,County,AL-St. Clair,01115,17425.0,590.1166,"St. Clair County, Alabama",85864,51859.0,13417
2015,County,AL-Sumter,01119,3083.0,862.2777,"Sumter County, Alabama",13341,19501.0,5372
2015,County,AL-Talladega,01121,19631.0,788.026,"Talladega County, Alabama",81437,35155.0,17950
2015,County,AL-Tallapoosa,01123,11177.0,839.2051,"Tallapoosa County, Alabama",41153,39206.0,9117
2015,County,AL-Tuscaloosa,01125,35117.0,710.7778,"Tuscaloosa County, Alabama",200458,46565.0,36274
2015,County,AL-Walker,01127,18187.0,670.489,"Walker County, Alabama",65923,35843.0,14598
2015,County,AL-Washington,01129,4107.0,681.8321,"Washington County, Alabama",16997,42811.0,3200
2015,County,AL-Wilcox,01131,3223.0,879.9102,"Wilcox County, Alabama",11235,23750.0,4126
2015,County,AL-Winston,01133,6189.0,689.5023,"Winston County, Alabama",24130,33194.0,5157
2015,County,AR-Arkansas,05001,4322.0,678.7984,"Arkansas County, Arkansas",18731,36411.0,3705
2015,County,AR-Ashley,05003,5300.0,740.7986,"Ashley County, Arkansas",21229,34263.0,4352
2015,County,AR-Baxter,05005,15184.0,575.9488,"Baxter County, Arkansas",41040,35396.0,6452
2015,County,AR-Benton,05007,39633.0,705.5486,"Benton County, Arkansas",238198,56239.0,28804
2015,County,AR-Boone,05009,10104.0,656.8297,"Boone County, Arkansas",37227,39251.0,6465
2015,County,AR-Bradley,05011,2660.0,809.2876,"Bradley County, Arkansas",11206,33701.0,3218
2015,County,AR-Calhoun,05013,1240.0,645.7023,"Calhoun County, Arkansas",5245,36899.0,907
2015,County,AR-Carroll,05015,7093.0,644.6632,"Carroll County, Arkansas",27635,36897.0,5001
2015,County,AR-Chicot,05017,2797.0,861.1488,"Chicot County, Arkansas",11353,28913.0,3385
2015,County,AR-Clark,05019,4668.0,669.1176,"Clark County, Arkansas",22751,35031.0,4716
2015,County,AR-Clay,05021,4326.0,772.2349,"Clay County, Arkansas",15400,32552.0,3324
2015,County,AR-Cleburne,05023,7954.0,603.0158,"Cleburne County, Arkansas",25711,42905.0,3676
2015,County,AR-Cleveland,05025,2034.0,679.9524,"Cleveland County, Arkansas",8510,43158.0,1751
2015,County,AR-Columbia,05027,5367.0,727.6683,"Columbia County, Arkansas",24327,36619.0,5823
2015,County,AR-Conway,05029,5192.0,662.5558,"Conway County, Arkansas",21110,37732.0,4709
2015,County,AR-Craighead,05031,18056.0,767.4691,"Craighead County, Arkansas",101409,42475.0,19715
2015,County,AR-Crawford,05033,13379.0,783.2034,"Crawford County, Arkansas",61748,41268.0,11304
2015,County,AR-Crittenden,05035,8953.0,653.993,"Crittenden County, Arkansas",49765,38004.0,11802
2015,County,AR-Cross,05037,4029.0,825.8445,"Cross County, Arkansas",17467,38103.0,3461
2015,County,AR-Dallas,05039,2025.0,737.4225,"Dallas County, Arkansas",7868,34084.0,1141
2015,County,AR-Desha,05041,2955.0,853.3333,"Desha County, Arkansas",12379,27197.0,4029
2015,County,AR-Drew,05043,3761.0,748.7844,"Drew County, Arkansas",18740,32819.0,5023
2015,County,AR-Faulkner,05045,18512.0,593.8604,"Faulkner County, Arkansas",119343,51223.0,17768
2015,County,AR-Franklin,05047,4230.0,796.5416,"Franklin County, Arkansas",17866,39285.0,3854
2015,County,AR-Fulton,05049,3623.0,685.3846,"Fulton County, Arkansas",12224,37066.0,2383
2015,County,AR-Garland,05051,28247.0,594.0819,"Garland County, Arkansas",96954,38733.0,19802
2015,County,AR-Grant,05053,3825.0,693.857,"Grant County, Arkansas",18054,46171.0,2134
2015,County,AR-Greene,05055,9516.0,774.323,"Greene County, Arkansas",43382,41286.0,7572
2015,County,AR-Hempstead,05057,4651.0,760.3428,"Hempstead County, Arkansas",22336,32122.0,5940
2015,County,AR-Hot Spring,05059,7686.0,798.3048,"Hot Spring County, Arkansas",33316,40000.0,5975
2015,County,AR-Howard,05061,3206.0,814.4033,"Howard County, Arkansas",13555,34229.0,2910
2015,County,AR-Independence,05063,8526.0,735.3561,"Independence County, Arkansas",36952,36265.0,7783
2015,County,AR-Izard,05065,3958.0,668.435,"Izard County, Arkansas",13480,32630.0,2663
2015,County,AR-Jackson,05067,3937.0,840.0859,"Jackson County, Arkansas",17597,31261.0,3819
2015,County,AR-Jefferson,05069,15623.0,718.3568,"Jefferson County, Arkansas",73548,36747.0,17205
2015,County,AR-Johnson,05071,5597.0,830.6794,"Johnson County, Arkansas",25930,34139.0,5574
2015,County,AR-Lafayette,05073,1829.0,753.6618,"Lafayette County, Arkansas",7270,31194.0,1731
2015,County,AR-Lawrence,05075,4502.0,844.4317,"Lawrence County, Arkansas",17029,32379.0,3899
2015,County,AR-Lee,05077,2078.0,761.8715,"Lee County, Arkansas",9966,28393.0,2304
2015,County,AR-Lincoln,05079,2462.0,611.2299,"Lincoln County, Arkansas",14062,32580.0,2257
2015,County,AR-Little River,05081,3242.0,920.1135,"Little River County, Arkansas",12720,36205.0,2402
2015,County,AR-Logan,05083,5727.0,889.6499,"Logan County, Arkansas",22001,35325.0,4158
2015,County,AR-Lonoke,05085,12411.0,639.8662,"Lonoke County, Arkansas",70691,53631.0,8697
2015,County,AR-Madison,05087,3764.0,558.3259,"Madison County, Arkansas",15702,37691.0,3183
2015,County,AR-Marion,05089,5352.0,555.0549,"Marion County, Arkansas",16458,34195.0,3064
2015,County,AR-Miller,05091,8791.0,830.3289,"Miller County, Arkansas",43652,40317.0,8594
2015,County,AR-Mississippi,05093,8882.0,895.7084,"Mississippi County, Arkansas",44864,34612.0,11781
2015,County,AR-Monroe,05095,2138.0,649.3011,"Monroe County, Arkansas",7713,27647.0,2501
2015,County,AR-Montgomery,05097,2636.0,529.8583,"Montgomery County, Arkansas",9197,33037.0,1620
2015,County,AR-Nevada,05099,2189.0,684.0472,"Nevada County, Arkansas",8793,30691.0,2424
2015,County,AR-Newton,05101,2475.0,529.1096,"Newton County, Arkansas",8052,34536.0,1637
2015,County,AR-Ouachita,05103,6396.0,683.0295,"Ouachita County, Arkansas",25044,31293.0,5948
2015,County,AR-Perry,05105,2725.0,611.3625,"Perry County, Arkansas",10300,42346.0,1624
2015,County,AR-Phillips,05107,4511.0,752.8576,"Phillips County, Arkansas",20391,26844.0,6882
2015,County,AR-Pike,05109,2781.0,623.7762,"Pike County, Arkansas",11087,33097.0,2199
2015,County,AR-Poinsett,05111,5997.0,817.8286,"Poinsett County, Arkansas",24210,33070.0,5416
2015,County,AR-Polk,05113,5529.0,632.8513,"Polk County, Arkansas",20364,33702.0,4878
2015,County,AR-Pope,05115,12386.0,640.632,"Pope County, Arkansas",62830,39810.0,11818
2015,County,AR-Prairie,05117,2138.0,700.5682,"Prairie County, Arkansas",8402,35833.0,1766
2015,County,AR-Pulaski,05119,74485.0,679.6993,"Pulaski County, Arkansas",390463,46140.0,67908
2015,County,AR-Randolph,05121,4733.0,622.6472,"Randolph County, Arkansas",17695,34044.0,3651
2015,County,AR-Saline,05125,23889.0,607.9443,"Saline County, Arkansas",113833,55817.0,10176
2015,County,AR-Scott,05127,2661.0,780.0668,"Scott County, Arkansas",10870,37321.0,2165
2015,County,AR-Searcy,05129,2509.0,645.2154,"Searcy County, Arkansas",7965,33083.0,1855
2015,County,AR-Sebastian,05131,25447.0,740.7715,"Sebastian County, Arkansas",127273,38575.0,28975
2015,County,AR-Sevier,05133,2995.0,898.581,"Sevier County, Arkansas",17268,36579.0,3755
2015,County,AR-Sharp,05135,6067.0,733.6792,"Sharp County, Arkansas",17055,30691.0,3944
2015,County,AR-St. Francis,05123,5107.0,792.0792,"St. Francis County, Arkansas",27345,32105.0,5857
2015,County,AR-Stone,05137,4123.0,697.2909,"Stone County, Arkansas",12512,29264.0,3042
2015,County,AR-Union,05139,9898.0,650.0065,"Union County, Arkansas",40633,38678.0,8172
2015,County,AR-Van Buren,05141,5176.0,584.7324,"Van Buren County, Arkansas",17002,32312.0,3574
2015,County,AR-Washington,05143,31567.0,649.2227,"Washington County, Arkansas",216432,43524.0,41846
2015,County,AR-White,05145,16484.0,722.057,"White County, Arkansas",78660,42554.0,14175
2015,County,AR-Woodruff,05147,1923.0,774.4845,"Woodruff County, Arkansas",6983,28993.0,1612
2015,County,AR-Yell,05149,4691.0,669.7838,"Yell County, Arkansas",21835,37804.0,4009
2015,County,AZ-Apache,04001,11801.0,497.6407,"Apache County, Arizona",72124,31757.0,25852
2015,County,AZ-Cochise,04003,29634.0,591.7473,"Cochise County, Arizona",129647,45075.0,21102
2015,County,AZ-Coconino,04005,18158.0,477.8881,"Coconino County, Arizona",136701,50234.0,28824
2015,County,AZ-Gila,04007,15942.0,661.7162,"Gila County, Arizona",53165,39751.0,11839
2015,County,AZ-Graham,04009,5467.0,659.5276,"Graham County, Arizona",37407,45964.0,7446
2015,County,AZ-Greenlee,04011,1278.0,503.612,"Greenlee County, Arizona",9023,51628.0,1215
2015,County,AZ-La Paz,04012,5373.0,659.9327,"La Paz County, Arizona",20335,34466.0,3824
2015,County,AZ-Maricopa,04013,635484.0,582.8035,"Maricopa County, Arizona",4018143,54229.0,673527
2015,County,AZ-Mohave,04015,60468.0,698.5437,"Mohave County, Arizona",203362,38488.0,38874
2015,County,AZ-Navajo,04017,21379.0,443.0397,"Navajo County, Arizona",107656,35921.0,32141
2015,County,AZ-Pima,04019,205754.0,496.4342,"Pima County, Arizona",998537,46162.0,187250
2015,County,AZ-Pinal,04021,68020.0,640.9948,"Pinal County, Arizona",389772,49477.0,63201
2015,County,AZ-Santa Cruz,04023,8772.0,340.2778,"Santa Cruz County, Arizona",47073,40140.0,10970
2015,County,AZ-Yavapai,04025,72542.0,542.8942,"Yavapai County, Arizona",215996,44748.0,34117
2015,County,AZ-Yuma,04027,32115.0,523.5099,"Yuma County, Arizona",202987,40743.0,40508
2015,County,CA-Alameda,06001,233443.0,680.7584,"Alameda County, California",1584983,75619.0,194639
2015,County,CA-Alpine,06003,234.0,438.7755,"Alpine County, California",1131,52917.0,195
2015,County,CA-Amador,06005,10683.0,718.7582,"Amador County, California",36995,54171.0,4191
2015,County,CA-Butte,06007,50028.0,718.3208,"Butte County, California",222564,43444.0,47532
2015,County,CA-Calaveras,06009,12772.0,592.1184,"Calaveras County, California",44767,53233.0,5590
2015,County,CA-Colusa,06011,3527.0,680.3251,"Colusa County, California",21396,52168.0,3171
2015,County,CA-Contra Costa,06013,187248.0,649.809,"Contra Costa County, California",1096068,80185.0,117915
2015,County,CA-Del Norte,06015,5981.0,850.1777,"Del Norte County, California",27788,40847.0,5207
2015,County,CA-El Dorado,06017,40105.0,602.8956,"El Dorado County, California",182093,69584.0,18831
2015,County,CA-Fresno,06019,133590.0,611.2364,"Fresno County, California",956749,45233.0,252187
2015,County,CA-Glenn,06021,5600.0,693.2649,"Glenn County, California",28029,39349.0,5721
2015,County,CA-Humboldt,06023,27816.0,521.0775,"Humboldt County, California",135034,42197.0,28158
2015,County,CA-Imperial,06025,28932.0,834.9069,"Imperial County, California",178206,41079.0,40114
2015,County,CA-Inyo,06027,4506.0,613.2265,"Inyo County, California",18373,45955.0,2019
2015,County,CA-Kern,06029,111668.0,693.4682,"Kern County, California",865736,49026.0,195744
2015,County,CA-Kings,06031,16551.0,739.8881,"Kings County, California",150998,46481.0,29900
2015,County,CA-Lake,06033,17371.0,767.8953,"Lake County, California",64158,35578.0,15597
2015,County,CA-Lassen,06035,4939.0,836.2956,"Lassen County, California",32645,51555.0,3563
2015,County,CA-Los Angeles,06037,1432884.0,578.2944,"Los Angeles County, California",10038388,56196.0,1800265
2015,County,CA-Madera,06039,23510.0,564.3209,"Madera County, California",153187,45073.0,33968
2015,County,CA-Marin,06041,56161.0,496.3518,"Marin County, California",258349,93257.0,20964
2015,County,CA-Mariposa,06043,4845.0,644.1703,"Mariposa County, California",17789,47681.0,2651
2015,County,CA-Mendocino,06045,21810.0,692.7183,"Mendocino County, California",87544,42980.0,17527
2015,County,CA-Merced,06047,34575.0,691.7639,"Merced County, California",263885,42462.0,67417
2015,County,CA-Modoc,06049,2535.0,755.6792,"Modoc County, California",9184,37860.0,1673
2015,County,CA-Mono,06051,1558.0,502.583,"Mono County, California",14146,56944.0,684
2015,County,CA-Monterey,06053,61259.0,574.3522,"Monterey County, California",428441,58783.0,69475
2015,County,CA-Napa,06055,28539.0,628.9206,"Napa County, California",140295,71379.0,14020
2015,County,CA-Nevada,06057,27701.0,551.3686,"Nevada County, California",98570,56521.0,12367
2015,County,CA-Orange,06059,473858.0,501.8474,"Orange County, California",3116069,76509.0,395483
2015,County,CA-Placer,06061,77258.0,505.1267,"Placer County, California",366280,73948.0,32427
2015,County,CA-Plumas,06063,5921.0,735.8342,"Plumas County, California",18966,47333.0,2687
2015,County,CA-Riverside,06065,345947.0,597.1143,"Riverside County, California",2298032,56603.0,379985
2015,County,CA-Sacramento,06067,243224.0,671.9139,"Sacramento County, California",1465832,55987.0,262251
2015,County,CA-San Benito,06069,8094.0,629.6018,"San Benito County, California",57557,71077.0,6202
2015,County,CA-San Bernardino,06071,276971.0,693.9388,"San Bernardino County, California",2094769,53433.0,397766
2015,County,CA-San Diego,06073,496681.0,542.509,"San Diego County, California",3223096,64309.0,454876
2015,County,CA-San Francisco,06075,145203.0,650.9206,"San Francisco County, California",840763,81294.0,109524
2015,County,CA-San Joaquin,06077,105832.0,702.6802,"San Joaquin County, California",708554,53274.0,129390
2015,County,CA-San Luis Obispo,06079,58274.0,584.6816,"San Luis Obispo County, California",276517,60691.0,38630
2015,County,CA-San Mateo,06081,123155.0,463.6427,"San Mateo County, California",748731,93623.0,59232
2015,County,CA-Santa Barbara,06083,73775.0,609.4931,"Santa Barbara County, California",435850,63985.0,68017
2015,County,CA-Santa Clara,06085,260717.0,469.9886,"Santa Clara County, California",1868149,96310.0,175690
2015,County,CA-Santa Cruz,06087,45652.0,446.0109,"Santa Cruz County, California",269278,67256.0,39053
2015,County,CA-Shasta,06089,46873.0,682.0984,"Shasta County, California",178942,44620.0,31707
2015,County,CA-Sierra,06091,893.0,424.2424,"Sierra County, California",3021,42833.0,438
2015,County,CA-Siskiyou,06093,12891.0,686.7503,"Siskiyou County, California",43895,37170.0,10026
2015,County,CA-Solano,06095,72944.0,691.8564,"Solano County, California",425753,66828.0,55534
2015,County,CA-Sonoma,06097,99919.0,600.3571,"Sonoma County, California",495078,64240.0,57179
2015,County,CA-Stanislaus,06099,83621.0,777.758,"Stanislaus County, California",527367,50125.0,105927
2015,County,CA-Sutter,06101,16857.0,540.7032,"Sutter County, California",95247,52017.0,16743
2015,County,CA-Tehama,06103,14723.0,728.4684,"Tehama County, California",63152,41001.0,12313
2015,County,CA-Trinity,06105,3721.0,567.1275,"Trinity County, California",13373,34974.0,2562
2015,County,CA-Tulare,06107,60088.0,629.4184,"Tulare County, California",454033,42031.0,125775
2015,County,CA-Tuolumne,06109,15211.0,730.3647,"Tuolumne County, California",54079,50306.0,7010
2015,County,CA-Ventura,06111,139164.0,560.6511,"Ventura County, California",840833,77348.0,91880
2015,County,CA-Yolo,06113,29178.0,603.6518,"Yolo County, California",207320,54989.0,39688
2015,County,CA-Yuba,06115,12055.0,623.8458,"Yuba County, California",73437,46892.0,15862
2015,County,CO-Adams,08001,57796.0,746.921,"Adams County, Colorado",471206,58946.0,64241
2015,County,CO-Alamosa,08003,2740.0,692.607,"Alamosa County, Colorado",16269,32395.0,4396
2015,County,CO-Arapahoe,08005,86315.0,637.5347,"Arapahoe County, Colorado",608310,63265.0,67679
2015,County,CO-Archuleta,08007,3231.0,489.5414,"Archuleta County, Colorado",12174,46646.0,1405
2015,County,CO-Baca,08009,1026.0,761.2565,"Baca County, Colorado",3701,38000.0,736
2015,County,CO-Bent,08011,1057.0,787.5587,"Bent County, Colorado",5895,36791.0,923
2015,County,CO-Boulder,08013,45971.0,528.5221,"Boulder County, Colorado",310032,70961.0,42167
2015,County,CO-Broomfield,08014,8885.0,585.5131,"Broomfield County, Colorado",60699,81898.0,3930
2015,County,CO-Chaffee,08015,4939.0,474.1935,"Chaffee County, Colorado",18309,51092.0,1502
2015,County,CO-Cheyenne,08017,345.0,633.8983,"Cheyenne County, Colorado",2002,52554.0,168
2015,County,CO-Clear Creek,08019,1708.0,452.0548,"Clear Creek County, Colorado",9136,67710.0,748
2015,County,CO-Conejos,08021,1843.0,797.2727,"Conejos County, Colorado",8249,36652.0,1491
2015,County,CO-Costilla,08023,1141.0,634.6705,"Costilla County, Colorado",3581,31321.0,850
2015,County,CO-Crowley,08025,816.0,732.0261,"Crowley County, Colorado",5551,31151.0,1449
2015,County,CO-Custer,08027,1433.0,429.4004,"Custer County, Colorado",4303,35000.0,736
2015,County,CO-Delta,08029,8415.0,540.365,"Delta County, Colorado",30214,42452.0,4716
2015,County,CO-Denver,08031,88917.0,746.1745,"Denver County, Colorado",649654,53637.0,110299
2015,County,CO-Dolores,08033,534.0,520.8333,"Dolores County, Colorado",1862,31875.0,398
2015,County,CO-Douglas,08035,37531.0,520.9364,"Douglas County, Colorado",306974,102964.0,12110
2015,County,CO-Eagle,08037,4846.0,325.2452,"Eagle County, Colorado",52576,72214.0,4780
2015,County,CO-El Paso,08041,97039.0,633.2853,"El Paso County, Colorado",655024,58206.0,75033
2015,County,CO-Elbert,08039,3835.0,407.3403,"Elbert County, Colorado",23855,84963.0,1649
2015,County,CO-Fremont,08043,11627.0,598.0461,"Fremont County, Colorado",46809,40423.0,6272
2015,County,CO-Garfield,08045,7472.0,551.5935,"Garfield County, Colorado",57076,56590.0,6786
2015,County,CO-Gilpin,08047,842.0,424.3176,"Gilpin County, Colorado",5605,65670.0,413
2015,County,CO-Grand,08049,2258.0,412.828,"Grand County, Colorado",14411,63628.0,1543
2015,County,CO-Gunnison,08051,2112.0,534.8578,"Gunnison County, Colorado",15651,48071.0,2509
2015,County,CO-Hinsdale,08053,225.0,172.973,"Hinsdale County, Colorado",874,57083.0,70
2015,County,CO-Huerfano,08055,2250.0,683.2524,"Huerfano County, Colorado",6502,31715.0,1171
2015,County,CO-Jackson,08057,324.0,390.411,"Jackson County, Colorado",1335,46014.0,155
2015,County,CO-Jefferson,08059,98909.0,595.1763,"Jefferson County, Colorado",552344,70164.0,46423
2015,County,CO-Kiowa,08061,333.0,456.3758,"Kiowa County, Colorado",1463,40304.0,189
2015,County,CO-Kit Carson,08063,1501.0,467.9104,"Kit Carson County, Colorado",7980,40603.0,1157
2015,County,CO-La Plata,08067,9232.0,530.0726,"La Plata County, Colorado",53182,60278.0,5432
2015,County,CO-Lake,08065,937.0,526.8676,"Lake County, Colorado",7362,45367.0,833
2015,County,CO-Larimer,08069,54518.0,573.7248,"Larimer County, Colorado",318227,59805.0,42338
2015,County,CO-Las Animas,08071,3829.0,916.9307,"Las Animas County, Colorado",14503,45067.0,2055
2015,County,CO-Lincoln,08073,1007.0,725.9343,"Lincoln County, Colorado",5478,39005.0,624
2015,County,CO-Logan,08075,4055.0,690.0852,"Logan County, Colorado",21928,42319.0,3529
2015,County,CO-Mesa,08077,30733.0,508.2323,"Mesa County, Colorado",147834,49322.0,22545
2015,County,CO-Mineral,08079,250.0,416.2437,"Mineral County, Colorado",733,48125.0,56
2015,County,CO-Moffat,08081,2092.0,630.4348,"Moffat County, Colorado",13117,51387.0,1462
2015,County,CO-Montezuma,08083,6007.0,653.3277,"Montezuma County, Colorado",25700,43553.0,4550
2015,County,CO-Montrose,08085,10065.0,545.3237,"Montrose County, Colorado",40815,43999.0,7644
2015,County,CO-Morgan,08087,4885.0,769.5214,"Morgan County, Colorado",28359,48450.0,3218
2015,County,CO-Otero,08089,4602.0,776.2056,"Otero County, Colorado",18572,32311.0,4396
2015,County,CO-Ouray,08091,1161.0,290.0,"Ouray County, Colorado",4580,61624.0,355
2015,County,CO-Park,08093,3095.0,389.5131,"Park County, Colorado",16189,56969.0,1170
2015,County,CO-Phillips,08095,946.0,565.9277,"Phillips County, Colorado",4371,43639.0,658
2015,County,CO-Pitkin,08097,2709.0,418.6655,"Pitkin County, Colorado",17420,71196.0,1709
2015,County,CO-Prowers,08099,2428.0,776.6945,"Prowers County, Colorado",12235,40179.0,2264
2015,County,CO-Pueblo,08101,36130.0,833.2511,"Pueblo County, Colorado",161519,41286.0,31017
2015,County,CO-Rio Blanco,08103,1054.0,711.3402,"Rio Blanco County, Colorado",6712,61842.0,1113
2015,County,CO-Rio Grande,08105,3016.0,637.6884,"Rio Grande County, Colorado",11745,39672.0,2198
2015,County,CO-Routt,08107,3289.0,395.6248,"Routt County, Colorado",23606,64963.0,2369
2015,County,CO-Saguache,08109,1137.0,448.3188,"Saguache County, Colorado",6238,33393.0,1450
2015,County,CO-San Juan,08111,147.0,390.2439,"San Juan County, Colorado",606,36324.0,100
2015,County,CO-San Miguel,08113,905.0,253.2562,"San Miguel County, Colorado",7676,56047.0,854
2015,County,CO-Sedgwick,08115,675.0,629.2517,"Sedgwick County, Colorado",2365,44191.0,335
2015,County,CO-Summit,08117,3081.0,290.9546,"Summit County, Colorado",28940,67983.0,3949
2015,County,CO-Teller,08119,5328.0,605.8105,"Teller County, Colorado",23340,62372.0,1728
2015,County,CO-Washington,08121,1003.0,508.4746,"Washington County, Colorado",4795,45541.0,466
2015,County,CO-Weld,08123,38324.0,694.2852,"Weld County, Colorado",270948,60572.0,34007
2015,County,CO-Yuma,08125,1936.0,497.4242,"Yuma County, Colorado",10185,43105.0,1451
2015,County,CT-Fairfield,09001,153594.0,662.365,"Fairfield County, Connecticut",939983,84233.0,82743
2015,County,CT-Hartford,09003,169886.0,727.8642,"Hartford County, Connecticut",896943,66395.0,104196
2015,County,CT-Litchfield,09005,40382.0,723.3313,"Litchfield County, Connecticut",186304,72061.0,12893
2015,County,CT-Middlesex,09007,34299.0,742.7464,"Middlesex County, Connecticut",165165,79893.0,10710
2015,County,CT-New Haven,09009,162378.0,802.8972,"New Haven County, Connecticut",862224,61640.0,108533
2015,County,CT-New London,09011,53485.0,890.687,"New London County, Connecticut",273185,66233.0,25766
2015,County,CT-Tolland,09013,25318.0,704.3021,"Tolland County, Connecticut",151948,79626.0,9511
2015,County,CT-Windham,09015,22366.0,879.9463,"Windham County, Connecticut",117470,59392.0,11999
2015,County,DE-Kent,10001,33533.0,655.439,"Kent County, Delaware",169509,54976.0,22074
2015,County,DE-New Castle,10003,95100.0,647.5426,"New Castle County, Delaware",549643,65476.0,60487
2015,County,DE-Sussex,10005,60613.0,609.6907,"Sussex County, Delaware",207302,53751.0,25754
2015,County,FL-Alachua,12001,40658.0,685.3602,"Alachua County, Florida",254218,43073.0,58203
2015,County,FL-Baker,12003,4586.0,898.0725,"Baker County, Florida",27135,47121.0,4393
2015,County,FL-Bay,12005,36686.0,662.2414,"Bay County, Florida",175353,47368.0,26235
2015,County,FL-Bradford,12007,5515.0,444.0424,"Bradford County, Florida",27223,41606.0,4896
2015,County,FL-Brevard,12009,146710.0,652.994,"Brevard County, Florida",553591,48925.0,76460
2015,County,FL-Broward,12011,306676.0,781.8582,"Broward County, Florida",1843152,51968.0,265880
2015,County,FL-Calhoun,12013,2785.0,990.2965,"Calhoun County, Florida",14615,34510.0,2407
2015,County,FL-Charlotte,12015,62711.0,588.1459,"Charlotte County, Florida",165783,44244.0,19760
2015,County,FL-Citrus,12017,55162.0,531.2211,"Citrus County, Florida",139654,38312.0,23903
2015,County,FL-Clay,12019,37263.0,620.1253,"Clay County, Florida",197417,58290.0,20580
2015,County,FL-Collier,12021,89754.0,480.441,"Collier County, Florida",341091,57452.0,47436
2015,County,FL-Columbia,12023,14777.0,872.7607,"Columbia County, Florida",67806,41926.0,12498
2015,County,FL-DeSoto,12027,6876.0,826.9271,"DeSoto County, Florida",34957,35165.0,10123
2015,County,FL-Dixie,12029,4086.0,614.1986,"Dixie County, Florida",16091,36292.0,3061
2015,County,FL-Duval,12031,150596.0,762.0446,"Duval County, Florida",890673,47690.0,150792
2015,County,FL-Escambia,12033,66522.0,754.7873,"Escambia County, Florida",306327,45390.0,45308
2015,County,FL-Flagler,12035,33358.0,565.8355,"Flagler County, Florida",100783,47866.0,14814
2015,County,FL-Franklin,12037,2750.0,876.6304,"Franklin County, Florida",11628,40401.0,1977
2015,County,FL-Gadsden,12039,9730.0,954.8872,"Gadsden County, Florida",46424,35567.0,11907
2015,County,FL-Gilchrist,12041,3797.0,593.75,"Gilchrist County, Florida",16992,40623.0,3598
2015,County,FL-Glades,12043,2426.0,691.6502,"Glades County, Florida",13272,34877.0,2408
2015,County,FL-Gulf,12045,3578.0,823.8971,"Gulf County, Florida",15785,41788.0,1924
2015,County,FL-Hamilton,12047,2812.0,595.2733,"Hamilton County, Florida",14395,35048.0,3234
2015,County,FL-Hardee,12049,4315.0,483.116,"Hardee County, Florida",27468,35457.0,7029
2015,County,FL-Hendry,12051,5544.0,852.3435,"Hendry County, Florida",38363,36771.0,9696
2015,County,FL-Hernando,12053,57009.0,657.2195,"Hernando County, Florida",174809,40945.0,27375
2015,County,FL-Highlands,12055,32217.0,755.4055,"Highlands County, Florida",98328,35093.0,18863
2015,County,FL-Hillsborough,12057,218069.0,720.023,"Hillsborough County, Florida",1302884,50579.0,217684
2015,County,FL-Holmes,12059,4841.0,822.656,"Holmes County, Florida",19635,35020.0,4903
2015,County,FL-Indian River,12061,46729.0,563.5417,"Indian River County, Florida",142866,45798.0,20272
2015,County,FL-Jackson,12063,11300.0,825.7656,"Jackson County, Florida",48900,35098.0,9090
2015,County,FL-Jefferson,12065,3397.0,781.9549,"Jefferson County, Florida",14198,43355.0,1862
2015,County,FL-Lafayette,12067,1085.0,593.5252,"Lafayette County, Florida",8801,35864.0,1425
2015,County,FL-Lake,12069,93014.0,624.1289,"Lake County, Florida",310561,46403.0,42497
2015,County,FL-Lee,12071,174363.0,518.5661,"Lee County, Florida",663675,48537.0,105166
2015,County,FL-Leon,12073,40182.0,804.6447,"Leon County, Florida",282940,46745.0,60286
2015,County,FL-Levy,12075,11132.0,623.5071,"Levy County, Florida",39821,35782.0,8601
2015,County,FL-Liberty,12077,1329.0,992.0213,"Liberty County, Florida",8295,39406.0,1237
2015,County,FL-Madison,12079,4207.0,795.1681,"Madison County, Florida",18729,32164.0,4269
2015,County,FL-Manatee,12081,90523.0,542.9284,"Manatee County, Florida",343729,49675.0,51595
2015,County,FL-Marion,12083,107277.0,602.9703,"Marion County, Florida",336811,39459.0,60207
2015,County,FL-Martin,12085,43765.0,602.6587,"Martin County, Florida",151586,51593.0,17965
2015,County,FL-Miami-Dade,12086,449838.0,803.675,"Miami-Dade County, Florida",2639042,43129.0,530006
2015,County,FL-Monroe,12087,16541.0,627.4987,"Monroe County, Florida",75901,57290.0,9998
2015,County,FL-Nassau,12089,18616.0,620.0257,"Nassau County, Florida",75880,54116.0,9652
2015,County,FL-Okaloosa,12091,37513.0,684.3781,"Okaloosa County, Florida",192237,55880.0,24595
2015,County,FL-Okeechobee,12093,8176.0,885.3463,"Okeechobee County, Florida",39255,35405.0,9965
2015,County,FL-Orange,12095,171251.0,676.5272,"Orange County, Florida",1229039,47943.0,212489
2015,County,FL-Osceola,12097,51827.0,773.6294,"Osceola County, Florida",300870,44254.0,58146
2015,County,FL-Palm Beach,12099,308910.0,629.742,"Palm Beach County, Florida",1378806,53363.0,197340
2015,County,FL-Pasco,12101,123977.0,692.6318,"Pasco County, Florida",479288,45064.0,66144
2015,County,FL-Pinellas,12103,235915.0,705.4805,"Pinellas County, Florida",931477,45819.0,131643
2015,County,FL-Polk,12105,143161.0,680.1239,"Polk County, Florida",626676,43162.0,111877
2015,County,FL-Putnam,12107,18722.0,726.4081,"Putnam County, Florida",72696,31715.0,20397
2015,County,FL-Santa Rosa,12113,31170.0,733.082,"Santa Rosa County, Florida",161021,58923.0,19063
2015,County,FL-Sarasota,12115,131292.0,508.1987,"Sarasota County, Florida",392038,51766.0,42386
2015,County,FL-Seminole,12117,74732.0,652.2955,"Seminole County, Florida",437346,57010.0,52637
2015,County,FL-St. Johns,12109,46742.0,584.3321,"St. Johns County, Florida",210495,66194.0,19706
2015,County,FL-St. Lucie,12111,71475.0,762.1962,"St. Lucie County, Florida",288006,43459.0,52201
2015,County,FL-Sumter,12119,64270.0,402.1692,"Sumter County, Florida",108501,50350.0,10802
2015,County,FL-Suwannee,12121,10966.0,463.541,"Suwannee County, Florida",43595,36289.0,10012
2015,County,FL-Taylor,12123,4806.0,801.3917,"Taylor County, Florida",22685,36181.0,2720
2015,County,FL-Union,12125,2084.0,868.984,"Union County, Florida",15191,39163.0,2002
2015,County,FL-Volusia,12127,138615.0,702.8925,"Volusia County, Florida",503719,41117.0,85881
2015,County,FL-Wakulla,12129,5405.0,711.3586,"Wakulla County, Florida",31128,50340.0,4101
2015,County,FL-Walton,12131,13075.0,719.6153,"Walton County, Florida",59487,44966.0,9804
2015,County,FL-Washington,12133,5592.0,810.7306,"Washington County, Florida",24629,38970.0,4723
2015,County,GA-Appling,13001,3720.0,753.9936,"Appling County, Georgia",18417,37135.0,3745
2015,County,GA-Atkinson,13003,1384.0,796.2348,"Atkinson County, Georgia",8294,30933.0,2370
2015,County,GA-Bacon,13005,2144.0,1136.9565,"Bacon County, Georgia",11222,37162.0,1919
2015,County,GA-Baker,13007,684.0,670.6161,"Baker County, Georgia",3292,44297.0,752
2015,County,GA-Baldwin,13009,8493.0,887.0929,"Baldwin County, Georgia",45795,32460.0,13201
2015,County,GA-Banks,13011,3588.0,666.5215,"Banks County, Georgia",18336,41472.0,3026
2015,County,GA-Barrow,13013,11407.0,788.003,"Barrow County, Georgia",72012,52012.0,10902
2015,County,GA-Bartow,13015,17428.0,849.0652,"Bartow County, Georgia",101336,48893.0,15819
2015,County,GA-Ben Hill,13017,3753.0,931.3973,"Ben Hill County, Georgia",17477,29994.0,6024
2015,County,GA-Berrien,13019,3795.0,910.4901,"Berrien County, Georgia",19019,31835.0,4923
2015,County,GA-Bibb,13021,30551.0,1074.093,"Bibb County, Georgia",154816,36519.0,40611
2015,County,GA-Bleckley,13023,2585.0,872.9989,"Bleckley County, Georgia",12746,38991.0,2616
2015,County,GA-Brantley,13025,3324.0,698.5035,"Brantley County, Georgia",18452,37206.0,3812
2015,County,GA-Brooks,13027,3528.0,911.3322,"Brooks County, Georgia",15637,32663.0,4265
2015,County,GA-Bryan,13029,4871.0,549.8143,"Bryan County, Georgia",33151,63327.0,4487
2015,County,GA-Bulloch,13031,9653.0,755.8591,"Bulloch County, Georgia",72386,36032.0,21794
2015,County,GA-Burke,13033,4455.0,725.8719,"Burke County, Georgia",23007,33641.0,7131
2015,County,GA-Butts,13035,4557.0,562.5253,"Butts County, Georgia",23445,41667.0,4329
2015,County,GA-Calhoun,13037,1180.0,674.581,"Calhoun County, Georgia",6489,25513.0,1924
2015,County,GA-Camden,13039,7604.0,754.9793,"Camden County, Georgia",51445,52473.0,6365
2015,County,GA-Candler,13043,2288.0,1062.4556,"Candler County, Georgia",11031,30185.0,3398
2015,County,GA-Carroll,13045,19879.0,866.2238,"Carroll County, Georgia",112595,43586.0,22441
2015,County,GA-Catoosa,13047,12923.0,764.7915,"Catoosa County, Georgia",65375,50876.0,8061
2015,County,GA-Charlton,13049,2042.0,726.3158,"Charlton County, Georgia",13130,42778.0,2010
2015,County,GA-Chatham,13051,46753.0,662.9061,"Chatham County, Georgia",279290,47218.0,50980
2015,County,GA-Chattahoochee,13053,568.0,637.6812,"Chattahoochee County, Georgia",11914,43378.0,960
2015,County,GA-Chattooga,13055,5761.0,879.127,"Chattooga County, Georgia",25241,32913.0,5488
2015,County,GA-Cherokee,13057,34564.0,604.0481,"Cherokee County, Georgia",225944,68926.0,24273
2015,County,GA-Clarke,13059,15905.0,783.8218,"Clarke County, Georgia",120905,32162.0,40559
2015,County,GA-Clay,13061,780.0,571.7391,"Clay County, Georgia",3104,20438.0,1285
2015,County,GA-Clayton,13063,32433.0,712.2449,"Clayton County, Georgia",267234,40938.0,65787
2015,County,GA-Clinch,13065,1476.0,1394.3809,"Clinch County, Georgia",6791,24015.0,2339
2015,County,GA-Cobb,13067,94817.0,580.1242,"Cobb County, Georgia",719133,65873.0,87880
2015,County,GA-Coffee,13069,7078.0,990.7591,"Coffee County, Georgia",43003,33965.0,9975
2015,County,GA-Colquitt,13071,8820.0,918.8198,"Colquitt County, Georgia",46024,32409.0,12086
2015,County,GA-Columbia,13073,20193.0,502.1123,"Columbia County, Georgia",136204,71021.0,12517
2015,County,GA-Cook,13075,3418.0,794.9401,"Cook County, Georgia",17033,35683.0,4244
2015,County,GA-Coweta,13077,20893.0,679.8442,"Coweta County, Georgia",133416,62461.0,17489
2015,County,GA-Crawford,13079,2601.0,812.4586,"Crawford County, Georgia",12539,41825.0,2122
2015,County,GA-Crisp,13081,4454.0,816.272,"Crisp County, Georgia",23314,31615.0,7468
2015,County,GA-Dade,13083,3497.0,709.3128,"Dade County, Georgia",16445,46434.0,2300
2015,County,GA-Dawson,13085,4364.0,620.2441,"Dawson County, Georgia",22673,56943.0,3156
2015,County,GA-DeKalb,13089,96482.0,671.2194,"DeKalb County, Georgia",716331,51376.0,135469
2015,County,GA-Decatur,13087,5620.0,807.3569,"Decatur County, Georgia",27378,31284.0,7418
2015,County,GA-Dodge,13091,4035.0,897.1891,"Dodge County, Georgia",21180,34271.0,4279
2015,County,GA-Dooly,13093,2274.0,719.2982,"Dooly County, Georgia",14293,28696.0,3673
2015,County,GA-Dougherty,13095,17292.0,757.6679,"Dougherty County, Georgia",93310,32084.0,27557
2015,County,GA-Douglas,13097,19043.0,814.71,"Douglas County, Georgia",136520,53881.0,22118
2015,County,GA-Early,13099,2413.0,816.7467,"Early County, Georgia",10579,31680.0,2916
2015,County,GA-Echols,13101,491.0,635.0575,"Echols County, Georgia",4048,32959.0,1170
2015,County,GA-Effingham,13103,8005.0,643.441,"Effingham County, Georgia",54630,63100.0,5749
2015,County,GA-Elbert,13105,5009.0,673.1965,"Elbert County, Georgia",19537,35388.0,3664
2015,County,GA-Emanuel,13107,4964.0,873.3199,"Emanuel County, Georgia",22731,32229.0,6700
2015,County,GA-Evans,13109,2112.0,799.3755,"Evans County, Georgia",10814,37865.0,2857
2015,County,GA-Fannin,13111,7442.0,697.8739,"Fannin County, Georgia",23742,37049.0,5404
2015,County,GA-Fayette,13113,20984.0,520.8673,"Fayette County, Georgia",108655,79066.0,9129
2015,County,GA-Floyd,13115,20093.0,940.6767,"Floyd County, Georgia",96169,41549.0,19605
2015,County,GA-Forsyth,13117,24259.0,561.2622,"Forsyth County, Georgia",196236,88816.0,13547
2015,County,GA-Franklin,13119,5424.0,799.0945,"Franklin County, Georgia",22110,33816.0,5122
2015,County,GA-Fulton,13121,127342.0,715.7629,"Fulton County, Georgia",983903,57207.0,167391
2015,County,GA-Gilmer,13123,7555.0,752.2241,"Gilmer County, Georgia",28673,40228.0,6664
2015,County,GA-Glascock,13125,614.0,628.4289,"Glascock County, Georgia",3087,40759.0,483
2015,County,GA-Glynn,13127,17657.0,550.2344,"Glynn County, Georgia",81743,45918.0,14981
2015,County,GA-Gordon,13129,10028.0,884.0864,"Gordon County, Georgia",55889,41612.0,11188
2015,County,GA-Grady,13131,5107.0,778.485,"Grady County, Georgia",25243,34187.0,7648
2015,County,GA-Greene,13133,5221.0,638.7283,"Greene County, Georgia",16331,42408.0,4033
2015,County,GA-Gwinnett,13135,93156.0,569.6761,"Gwinnett County, Georgia",859234,60289.0,117553
2015,County,GA-Habersham,13137,9257.0,713.9184,"Habersham County, Georgia",43527,40907.0,7220
2015,County,GA-Hall,13139,32835.0,608.3183,"Hall County, Georgia",187916,51202.0,34120
2015,County,GA-Hancock,13141,2253.0,726.5416,"Hancock County, Georgia",8881,24925.0,2113
2015,County,GA-Haralson,13143,6173.0,864.1249,"Haralson County, Georgia",28565,41910.0,5724
2015,County,GA-Harris,13145,6203.0,490.0529,"Harris County, Georgia",32776,63824.0,2991
2015,County,GA-Hart,13147,6266.0,575.6131,"Hart County, Georgia",25498,37653.0,5403
2015,County,GA-Heard,13149,2254.0,784.7534,"Heard County, Georgia",11617,41525.0,2349
2015,County,GA-Henry,13151,29808.0,575.316,"Henry County, Georgia",211512,60424.0,27162
2015,County,GA-Houston,13153,23075.0,739.2328,"Houston County, Georgia",147570,53270.0,25111
2015,County,GA-Irwin,13155,2046.0,819.0547,"Irwin County, Georgia",9408,34156.0,2300
2015,County,GA-Jackson,13157,11442.0,679.096,"Jackson County, Georgia",61420,53379.0,8314
2015,County,GA-Jasper,13159,2894.0,725.7876,"Jasper County, Georgia",13593,42368.0,2785
2015,County,GA-Jeff Davis,13161,2815.0,818.4183,"Jeff Davis County, Georgia",14990,36385.0,3309
2015,County,GA-Jefferson,13163,3797.0,681.6239,"Jefferson County, Georgia",16374,26557.0,4889
2015,County,GA-Jenkins,13165,1763.0,958.0897,"Jenkins County, Georgia",8922,24604.0,2984
2015,County,GA-Johnson,13167,1828.0,750.0,"Johnson County, Georgia",9794,34438.0,2125
2015,County,GA-Jones,13169,5531.0,786.5059,"Jones County, Georgia",28738,51857.0,4770
2015,County,GA-Lamar,13171,3834.0,649.2537,"Lamar County, Georgia",18114,40344.0,3713
2015,County,GA-Lanier,13173,1570.0,938.2022,"Lanier County, Georgia",10403,37605.0,2675
2015,County,GA-Laurens,13175,10482.0,711.3916,"Laurens County, Georgia",47886,32356.0,12823
2015,County,GA-Lee,13177,4225.0,585.2551,"Lee County, Georgia",28946,61537.0,3417
2015,County,GA-Liberty,13179,6334.0,637.9147,"Liberty County, Georgia",64427,42201.0,11047
2015,County,GA-Lincoln,13181,1982.0,590.4523,"Lincoln County, Georgia",7720,34243.0,1912
2015,County,GA-Long,13183,1441.0,868.4211,"Long County, Georgia",16588,48863.0,2936
2015,County,GA-Lowndes,13185,16947.0,662.6009,"Lowndes County, Georgia",113203,36834.0,28907
2015,County,GA-Lumpkin,13187,5849.0,637.9928,"Lumpkin County, Georgia",30921,43804.0,5559
2015,County,GA-Macon,13193,2377.0,746.708,"Macon County, Georgia",14045,28684.0,3639
2015,County,GA-Madison,13195,6028.0,671.9979,"Madison County, Georgia",28232,41912.0,4798
2015,County,GA-Marion,13197,1599.0,493.5484,"Marion County, Georgia",8739,36242.0,1836
2015,County,GA-McDuffie,13189,4619.0,760.7876,"McDuffie County, Georgia",21582,36656.0,5410
2015,County,GA-McIntosh,13191,2898.0,549.1803,"McIntosh County, Georgia",14007,42988.0,2956
2015,County,GA-Meriwether,13199,5065.0,852.5969,"Meriwether County, Georgia",21297,35832.0,4733
2015,County,GA-Miller,13201,1341.0,787.3051,"Miller County, Georgia",5936,33983.0,1608
2015,County,GA-Mitchell,13205,4500.0,768.4526,"Mitchell County, Georgia",22982,31915.0,5905
2015,County,GA-Monroe,13207,5568.0,750.4174,"Monroe County, Georgia",26915,48744.0,3492
2015,County,GA-Montgomery,13209,1745.0,829.5142,"Montgomery County, Georgia",8968,34672.0,2076
2015,County,GA-Morgan,13211,4186.0,728.4254,"Morgan County, Georgia",17900,51820.0,2529
2015,County,GA-Murray,13213,7294.0,922.4695,"Murray County, Georgia",39401,35539.0,7765
2015,County,GA-Muscogee,13215,33757.0,686.9628,"Muscogee County, Georgia",200285,42306.0,38921
2015,County,GA-Newton,13217,16805.0,743.0804,"Newton County, Georgia",102645,49179.0,17281
2015,County,GA-Oconee,13219,5865.0,493.4126,"Oconee County, Georgia",34400,72182.0,2487
2015,County,GA-Oglethorpe,13221,3048.0,698.2582,"Oglethorpe County, Georgia",14688,44226.0,2316
2015,County,GA-Paulding,13223,18307.0,793.4066,"Paulding County, Georgia",147400,60109.0,18445
2015,County,GA-Peach,13225,5175.0,804.6218,"Peach County, Georgia",27086,41588.0,5471
2015,County,GA-Pickens,13227,8370.0,703.6427,"Pickens County, Georgia",29740,54123.0,3418
2015,County,GA-Pierce,13229,4080.0,695.6063,"Pierce County, Georgia",18934,40247.0,4455
2015,County,GA-Pike,13231,3392.0,661.9923,"Pike County, Georgia",17812,51338.0,2132
2015,County,GA-Polk,13233,8686.0,1029.0261,"Polk County, Georgia",41215,37853.0,8767
2015,County,GA-Pulaski,13235,2129.0,895.6344,"Pulaski County, Georgia",11590,38750.0,1929
2015,County,GA-Putnam,13237,5396.0,690.5101,"Putnam County, Georgia",21247,44299.0,3446
2015,County,GA-Quitman,13239,748.0,889.3617,"Quitman County, Georgia",2326,31487.0,558
2015,County,GA-Rabun,13241,4844.0,674.221,"Rabun County, Georgia",16266,35211.0,3458
2015,County,GA-Randolph,13243,1677.0,854.4699,"Randolph County, Georgia",7315,28377.0,2145
2015,County,GA-Richmond,13245,35363.0,669.2217,"Richmond County, Georgia",201291,37424.0,48498
2015,County,GA-Rockdale,13247,14543.0,701.2276,"Rockdale County, Georgia",86901,50455.0,14155
2015,County,GA-Schley,13249,803.0,600.432,"Schley County, Georgia",5074,39375.0,1187
2015,County,GA-Screven,13251,3166.0,870.9842,"Screven County, Georgia",14206,34466.0,3482
2015,County,GA-Seminole,13253,2347.0,752.8662,"Seminole County, Georgia",8769,34905.0,1595
2015,County,GA-Spalding,13255,13994.0,774.2098,"Spalding County, Georgia",63873,40246.0,14238
2015,County,GA-Stephens,13257,6497.0,766.4797,"Stephens County, Georgia",25620,40315.0,4707
2015,County,GA-Stewart,13259,1057.0,496.337,"Stewart County, Georgia",5868,21118.0,1645
2015,County,GA-Sumter,13261,6195.0,856.5097,"Sumter County, Georgia",31429,32758.0,9741
2015,County,GA-Talbot,13263,1560.0,694.813,"Talbot County, Georgia",6490,34078.0,1291
2015,County,GA-Taliaferro,13265,476.0,906.9767,"Taliaferro County, Georgia",1721,26306.0,511
2015,County,GA-Tattnall,13267,3974.0,571.1235,"Tattnall County, Georgia",25302,33980.0,5646
2015,County,GA-Taylor,13269,1839.0,799.2495,"Taylor County, Georgia",8401,28143.0,2351
2015,County,GA-Telfair,13271,2496.0,891.1392,"Telfair County, Georgia",16416,26449.0,3565
2015,County,GA-Terrell,13273,2224.0,615.5718,"Terrell County, Georgia",9213,28688.0,3216
2015,County,GA-Thomas,13275,10312.0,681.9172,"Thomas County, Georgia",44824,36641.0,10335
2015,County,GA-Tift,13277,7484.0,838.0688,"Tift County, Georgia",40787,37653.0,11372
2015,County,GA-Toombs,13279,5707.0,846.6209,"Toombs County, Georgia",27210,33679.0,6674
2015,County,GA-Towns,13281,4420.0,671.7632,"Towns County, Georgia",10800,37000.0,1862
2015,County,GA-Treutlen,13283,1384.0,811.7359,"Treutlen County, Georgia",6762,38596.0,1242
2015,County,GA-Troup,13285,12535.0,941.1691,"Troup County, Georgia",68867,41489.0,14388
2015,County,GA-Turner,13287,2040.0,820.38,"Turner County, Georgia",8338,31806.0,2027
2015,County,GA-Twiggs,13289,2323.0,938.9193,"Twiggs County, Georgia",8509,30468.0,2324
2015,County,GA-Union,13291,7667.0,699.1217,"Union County, Georgia",21725,40799.0,2860
2015,County,GA-Upson,13293,6537.0,838.5773,"Upson County, Georgia",26528,35774.0,6137
2015,County,GA-Walker,13295,14820.0,809.3717,"Walker County, Georgia",68285,41632.0,11818
2015,County,GA-Walton,13297,15431.0,721.9866,"Walton County, Georgia",86201,54453.0,11801
2015,County,GA-Ware,13299,8235.0,819.7456,"Ware County, Georgia",35723,34909.0,9686
2015,County,GA-Warren,13301,1399.0,718.6701,"Warren County, Georgia",5561,29176.0,1485
2015,County,GA-Washington,13303,4437.0,687.5274,"Washington County, Georgia",20785,37932.0,4961
2015,County,GA-Wayne,13305,5898.0,853.0623,"Wayne County, Georgia",30046,38955.0,5633
2015,County,GA-Webster,13307,527.0,543.6242,"Webster County, Georgia",2720,37063.0,608
2015,County,GA-Wheeler,13309,1164.0,735.6643,"Wheeler County, Georgia",7956,27620.0,1177
2015,County,GA-White,13311,6615.0,612.582,"White County, Georgia",27791,40888.0,5195
2015,County,GA-Whitfield,13313,16823.0,796.9009,"Whitfield County, Georgia",103456,40596.0,19270
2015,County,GA-Wilcox,13315,1740.0,993.6073,"Wilcox County, Georgia",8972,32043.0,1599
2015,County,GA-Wilkes,13317,2686.0,750.298,"Wilkes County, Georgia",9991,32727.0,2795
2015,County,GA-Wilkinson,13319,2350.0,759.3244,"Wilkinson County, Georgia",9386,38485.0,1640
2015,County,GA-Worth,13321,4095.0,769.6836,"Worth County, Georgia",21156,37974.0,4445
2015,County,HI-Hawaii,15001,39956.0,518.2516,"Hawaii County, Hawaii",191482,52108.0,36756
2015,County,HI-Honolulu,15003,176166.0,497.3137,"Honolulu County, Hawaii",984178,74460.0,92404
2015,County,HI-Kauai,15007,13941.0,580.4827,"Kauai County, Hawaii",69691,65101.0,7384
2015,County,HI-Maui,15009,27353.0,461.3308,"Maui County, Hawaii",160863,66476.0,17388
2015,County,IA-Adair,19001,1686.0,621.0303,"Adair County, Iowa",7426,46526.0,764
2015,County,IA-Adams,19003,1026.0,543.3839,"Adams County, Iowa",3892,48043.0,388
2015,County,IA-Allamakee,19005,3432.0,536.4078,"Allamakee County, Iowa",14060,45890.0,1491
2015,County,IA-Appanoose,19007,3330.0,777.037,"Appanoose County, Iowa",12669,41394.0,1719
2015,County,IA-Audubon,19009,1586.0,508.7474,"Audubon County, Iowa",5869,46979.0,552
2015,County,IA-Benton,19011,5149.0,606.5189,"Benton County, Iowa",25803,60606.0,2440
2015,County,IA-Black Hawk,19013,25036.0,751.0555,"Black Hawk County, Iowa",132496,48369.0,19887
2015,County,IA-Boone,19015,5729.0,660.0567,"Boone County, Iowa",26401,52985.0,2588
2015,County,IA-Bremer,19017,5153.0,618.7018,"Bremer County, Iowa",24539,62163.0,1894
2015,County,IA-Buchanan,19019,4141.0,688.8686,"Buchanan County, Iowa",20998,56150.0,1970
2015,County,IA-Buena Vista,19021,3519.0,576.509,"Buena Vista County, Iowa",20507,48195.0,2452
2015,County,IA-Butler,19023,3652.0,629.3047,"Butler County, Iowa",14966,52360.0,1322
2015,County,IA-Calhoun,19025,2553.0,576.1388,"Calhoun County, Iowa",9914,44921.0,1384
2015,County,IA-Carroll,19027,4709.0,501.7073,"Carroll County, Iowa",20629,50559.0,2047
2015,County,IA-Cass,19029,3588.0,543.0335,"Cass County, Iowa",13590,43750.0,1855
2015,County,IA-Cedar,19031,3801.0,549.3362,"Cedar County, Iowa",18375,59047.0,1393
2015,County,IA-Cerro Gordo,19033,10825.0,718.3896,"Cerro Gordo County, Iowa",43481,46122.0,5665
2015,County,IA-Cherokee,19035,2889.0,612.4224,"Cherokee County, Iowa",11853,48599.0,1281
2015,County,IA-Chickasaw,19037,2790.0,592.5926,"Chickasaw County, Iowa",12244,47040.0,1067
2015,County,IA-Clarke,19039,1986.0,805.1559,"Clarke County, Iowa",9280,43327.0,1493
2015,County,IA-Clay,19041,3875.0,618.2663,"Clay County, Iowa",16537,50389.0,1848
2015,County,IA-Clayton,19043,4509.0,578.6127,"Clayton County, Iowa",17806,48007.0,1941
2015,County,IA-Clinton,19045,10677.0,690.6254,"Clinton County, Iowa",48365,50498.0,6608
2015,County,IA-Crawford,19047,3439.0,518.3673,"Crawford County, Iowa",17252,48084.0,3367
2015,County,IA-Dallas,19049,10291.0,522.7421,"Dallas County, Iowa",74892,76320.0,4796
2015,County,IA-Davis,19051,1732.0,645.0967,"Davis County, Iowa",8742,48888.0,1657
2015,County,IA-Decatur,19053,1690.0,693.9929,"Decatur County, Iowa",8249,38560.0,1541
2015,County,IA-Delaware,19055,3481.0,529.3669,"Delaware County, Iowa",17507,58274.0,1717
2015,County,IA-Des Moines,19057,9421.0,804.5242,"Des Moines County, Iowa",40208,44423.0,6010
2015,County,IA-Dickinson,19059,4794.0,555.6839,"Dickinson County, Iowa",16967,57265.0,1100
2015,County,IA-Dubuque,19061,19329.0,731.2661,"Dubuque County, Iowa",95906,54605.0,11189
2015,County,IA-Emmet,19063,2286.0,730.7139,"Emmet County, Iowa",9917,47795.0,1250
2015,County,IA-Fayette,19065,4941.0,747.5892,"Fayette County, Iowa",20589,44928.0,2550
2015,County,IA-Floyd,19067,3927.0,643.1831,"Floyd County, Iowa",16050,44797.0,1957
2015,County,IA-Franklin,19069,2388.0,624.4823,"Franklin County, Iowa",10489,48605.0,1372
2015,County,IA-Fremont,19071,1781.0,639.8136,"Fremont County, Iowa",7106,53324.0,757
2015,County,IA-Greene,19073,2369.0,692.4665,"Greene County, Iowa",9174,46898.0,1135
2015,County,IA-Grundy,19075,2818.0,558.5624,"Grundy County, Iowa",12407,56750.0,757
2015,County,IA-Guthrie,19077,2799.0,567.713,"Guthrie County, Iowa",10740,51013.0,1199
2015,County,IA-Hamilton,19079,3483.0,611.858,"Hamilton County, Iowa",15297,49813.0,1712
2015,County,IA-Hancock,19081,2511.0,646.1268,"Hancock County, Iowa",11092,52981.0,924
2015,County,IA-Hardin,19083,4158.0,655.8229,"Hardin County, Iowa",17393,51019.0,1454
2015,County,IA-Harrison,19085,3281.0,584.425,"Harrison County, Iowa",14467,53567.0,1398
2015,County,IA-Henry,19087,4323.0,748.9655,"Henry County, Iowa",20080,49321.0,2695
2015,County,IA-Howard,19089,2183.0,570.8622,"Howard County, Iowa",9494,49869.0,1081
2015,County,IA-Humboldt,19091,2252.0,678.7149,"Humboldt County, Iowa",9674,47252.0,1155
2015,County,IA-Ida,19093,1727.0,676.6135,"Ida County, Iowa",7071,46993.0,809
2015,County,IA-Iowa,19095,3482.0,555.5973,"Iowa County, Iowa",16344,59375.0,1391
2015,County,IA-Jackson,19097,4645.0,635.6033,"Jackson County, Iowa",19572,49028.0,2343
2015,County,IA-Jasper,19099,8039.0,550.5323,"Jasper County, Iowa",36726,55033.0,3342
2015,County,IA-Jefferson,19101,3895.0,749.0458,"Jefferson County, Iowa",17318,42899.0,2311
2015,County,IA-Johnson,19103,17600.0,639.3325,"Johnson County, Iowa",139436,55700.0,23537
2015,County,IA-Jones,19105,4363.0,729.1925,"Jones County, Iowa",20560,55060.0,1950
2015,County,IA-Keokuk,19107,2421.0,778.6096,"Keokuk County, Iowa",10291,43838.0,1374
2015,County,IA-Kossuth,19109,4043.0,473.0458,"Kossuth County, Iowa",15280,51496.0,1357
2015,County,IA-Lee,19111,8334.0,896.9116,"Lee County, Iowa",35369,43312.0,5791
2015,County,IA-Linn,19113,38715.0,713.4758,"Linn County, Iowa",216640,59322.0,20747
2015,County,IA-Louisa,19115,2217.0,684.7004,"Louisa County, Iowa",11271,51144.0,1357
2015,County,IA-Lucas,19117,2061.0,633.6574,"Lucas County, Iowa",8731,43962.0,1126
2015,County,IA-Lyon,19119,2206.0,438.6423,"Lyon County, Iowa",11723,57130.0,843
2015,County,IA-Madison,19121,3025.0,524.0406,"Madison County, Iowa",15644,60060.0,1164
2015,County,IA-Mahaska,19123,4547.0,703.8755,"Mahaska County, Iowa",22396,48726.0,3206
2015,County,IA-Marion,19125,6834.0,733.8269,"Marion County, Iowa",33248,54693.0,3124
2015,County,IA-Marshall,19127,8696.0,590.6323,"Marshall County, Iowa",40962,53351.0,4429
2015,County,IA-Mills,19129,3122.0,544.2782,"Mills County, Iowa",14862,63979.0,1300
2015,County,IA-Mitchell,19131,2497.0,465.3846,"Mitchell County, Iowa",10762,49488.0,1005
2015,County,IA-Monona,19133,2423.0,822.6575,"Monona County, Iowa",9088,40302.0,1233
2015,County,IA-Monroe,19135,1816.0,666.6667,"Monroe County, Iowa",8002,46304.0,944
2015,County,IA-Montgomery,19137,2641.0,600.6138,"Montgomery County, Iowa",10465,42418.0,1717
2015,County,IA-Muscatine,19139,8136.0,806.446,"Muscatine County, Iowa",42913,53676.0,5219
2015,County,IA-O'Brien,19141,3341.0,554.6302,"O'Brien County, Iowa",14092,55227.0,1013
2015,County,IA-Osceola,19143,1407.0,448.0831,"Osceola County, Iowa",6211,49448.0,521
2015,County,IA-Page,19145,3911.0,758.4883,"Page County, Iowa",15660,43912.0,2262
2015,County,IA-Palo Alto,19147,2162.0,621.853,"Palo Alto County, Iowa",9208,47113.0,948
2015,County,IA-Plymouth,19149,5002.0,575.0192,"Plymouth County, Iowa",24853,57130.0,1907
2015,County,IA-Pocahontas,19151,1851.0,720.4819,"Pocahontas County, Iowa",7127,45069.0,987
2015,County,IA-Polk,19153,70066.0,588.325,"Polk County, Iowa",452369,60061.0,57143
2015,County,IA-Pottawattamie,19155,18964.0,735.4726,"Pottawattamie County, Iowa",93213,51976.0,11779
2015,County,IA-Poweshiek,19157,4056.0,634.8724,"Poweshiek County, Iowa",18705,51006.0,1767
2015,County,IA-Ringgold,19159,1341.0,620.285,"Ringgold County, Iowa",5061,47042.0,514
2015,County,IA-Sac,19161,2557.0,567.2869,"Sac County, Iowa",10101,49572.0,805
2015,County,IA-Scott,19163,31180.0,774.922,"Scott County, Iowa",169994,55114.0,20229
2015,County,IA-Shelby,19165,3086.0,682.7068,"Shelby County, Iowa",11992,50952.0,1307
2015,County,IA-Sioux,19167,5753.0,552.7049,"Sioux County, Iowa",34509,61627.0,2663
2015,County,IA-Story,19169,12286.0,565.8311,"Story County, Iowa",93586,50438.0,19109
2015,County,IA-Tama,19171,3984.0,642.1152,"Tama County, Iowa",17479,55203.0,1919
2015,County,IA-Taylor,19173,1575.0,618.8859,"Taylor County, Iowa",6213,44246.0,860
2015,County,IA-Union,19175,2927.0,748.7961,"Union County, Iowa",12575,44351.0,1676
2015,County,IA-Van Buren,19177,1849.0,774.0448,"Van Buren County, Iowa",7432,45111.0,1095
2015,County,IA-Wapello,19179,7836.0,840.2967,"Wapello County, Iowa",35315,42095.0,6399
2015,County,IA-Warren,19181,8570.0,442.0417,"Warren County, Iowa",47542,64447.0,3124
2015,County,IA-Washington,19183,4880.0,636.596,"Washington County, Iowa",22017,56390.0,2013
2015,County,IA-Wayne,19185,1607.0,650.0766,"Wayne County, Iowa",6384,43358.0,834
2015,County,IA-Webster,19187,8168.0,667.7349,"Webster County, Iowa",37295,42408.0,5210
2015,County,IA-Winnebago,19189,2498.0,499.7753,"Winnebago County, Iowa",10614,47668.0,995
2015,County,IA-Winneshiek,19191,4411.0,593.8311,"Winneshiek County, Iowa",20884,54429.0,1507
2015,County,IA-Woodbury,19193,18226.0,608.9897,"Woodbury County, Iowa",102530,46720.0,14557
2015,County,IA-Worth,19195,1676.0,546.1485,"Worth County, Iowa",7563,48459.0,887
2015,County,IA-Wright,19197,3144.0,629.7602,"Wright County, Iowa",12936,43698.0,1412
2015,County,ID-Ada,16001,68193.0,657.0216,"Ada County, Idaho",417501,56356.0,50551
2015,County,ID-Adams,16003,1184.0,453.3947,"Adams County, Idaho",3880,39565.0,495
2015,County,ID-Bannock,16005,13965.0,712.671,"Bannock County, Idaho",83604,43779.0,15288
2015,County,ID-Bear Lake,16007,1415.0,479.4521,"Bear Lake County, Idaho",5939,48654.0,759
2015,County,ID-Benewah,16009,2533.0,655.9735,"Benewah County, Idaho",9088,39863.0,1490
2015,County,ID-Bingham,16011,7447.0,547.7059,"Bingham County, Idaho",45407,50155.0,6093
2015,County,ID-Blaine,16013,4027.0,444.0407,"Blaine County, Idaho",21309,60088.0,2218
2015,County,ID-Boise,16015,1806.0,493.4132,"Boise County, Idaho",6885,44238.0,991
2015,County,ID-Bonner,16017,10907.0,490.6686,"Bonner County, Idaho",41066,42171.0,6145
2015,County,ID-Bonneville,16019,17032.0,585.9708,"Bonneville County, Idaho",107788,50762.0,14025
2015,County,ID-Boundary,16021,2876.0,571.7514,"Boundary County, Idaho",10961,38961.0,1647
2015,County,ID-Butte,16023,600.0,631.1787,"Butte County, Idaho",2653,37891.0,460
2015,County,ID-Camas,16025,214.0,482.0144,"Camas County, Idaho",1052,42614.0,229
2015,County,ID-Canyon,16027,33216.0,805.9335,"Canyon County, Idaho",198921,42888.0,37945
2015,County,ID-Caribou,16029,1337.0,501.9569,"Caribou County, Idaho",6808,58021.0,551
2015,County,ID-Cassia,16031,3931.0,660.5048,"Cassia County, Idaho",23369,45695.0,3645
2015,County,ID-Clark,16033,121.0,301.2048,"Clark County, Idaho",901,33672.0,163
2015,County,ID-Clearwater,16035,2709.0,704.3734,"Clearwater County, Idaho",8560,38837.0,985
2015,County,ID-Custer,16037,1177.0,364.9706,"Custer County, Idaho",4234,39457.0,806
2015,County,ID-Elmore,16039,3998.0,721.5529,"Elmore County, Idaho",26175,43848.0,4046
2015,County,ID-Franklin,16041,2104.0,493.2866,"Franklin County, Idaho",12914,48133.0,1696
2015,County,ID-Fremont,16043,2443.0,412.4324,"Fremont County, Idaho",12945,47988.0,1266
2015,County,ID-Gem,16045,4349.0,563.1159,"Gem County, Idaho",16731,40828.0,2980
2015,County,ID-Gooding,16047,2853.0,612.4186,"Gooding County, Idaho",15233,39930.0,2911
2015,County,ID-Idaho,16049,3984.0,550.9116,"Idaho County, Idaho",16312,38191.0,2528
2015,County,ID-Jefferson,16051,3722.0,423.4441,"Jefferson County, Idaho",26792,51171.0,3492
2015,County,ID-Jerome,16053,3408.0,648.9104,"Jerome County, Idaho",22653,41630.0,3676
2015,County,ID-Kootenai,16055,33187.0,536.1027,"Kootenai County, Idaho",145046,49403.0,18634
2015,County,ID-Latah,16057,5735.0,562.9264,"Latah County, Idaho",38339,42439.0,7597
2015,County,ID-Lemhi,16059,2480.0,642.2222,"Lemhi County, Idaho",7790,34329.0,1430
2015,County,ID-Lewis,16061,1834.0,518.5185,"Lewis County, Idaho",3812,36505.0,652
2015,County,ID-Lincoln,16063,1007.0,488.4038,"Lincoln County, Idaho",5260,43273.0,709
2015,County,ID-Madison,16065,2771.0,439.1371,"Madison County, Idaho",37916,32233.0,13232
2015,County,ID-Minidoka,16067,3504.0,614.6279,"Minidoka County, Idaho",20279,44853.0,3501
2015,County,ID-Nez Perce,16069,9608.0,934.0643,"Nez Perce County, Idaho",39779,48160.0,4581
2015,County,ID-Oneida,16071,953.0,549.6503,"Oneida County, Idaho",4245,41338.0,615
2015,County,ID-Owyhee,16073,2177.0,581.786,"Owyhee County, Idaho",11364,33440.0,3091
2015,County,ID-Payette,16075,5013.0,729.4756,"Payette County, Idaho",22700,44257.0,4152
2015,County,ID-Power,16077,1318.0,668.1223,"Power County, Idaho",7731,44779.0,1034
2015,County,ID-Shoshone,16079,3542.0,622.4098,"Shoshone County, Idaho",12571,37665.0,2108
2015,County,ID-Teton,16081,1210.0,456.8627,"Teton County, Idaho",10285,53474.0,1110
2015,County,ID-Twin Falls,16083,14895.0,599.4021,"Twin Falls County, Idaho",80004,44048.0,12418
2015,County,ID-Valley,16085,2385.0,537.5648,"Valley County, Idaho",9720,48384.0,1434
2015,County,ID-Washington,16087,2747.0,653.6823,"Washington County, Idaho",10025,34775.0,1798
2015,County,IL-Adams,17001,15099.0,748.3083,"Adams County, Illinois",67081,45965.0,9433
2015,County,IL-Alexander,17003,1701.0,713.582,"Alexander County, Illinois",7364,27265.0,2424
2015,County,IL-Bond,17005,3523.0,910.778,"Bond County, Illinois",17313,47946.0,2593
2015,County,IL-Boone,17007,9371.0,680.1678,"Boone County, Illinois",53851,58248.0,5841
2015,County,IL-Brown,17009,1069.0,595.4654,"Brown County, Illinois",6859,50739.0,565
2015,County,IL-Bureau,17011,7783.0,719.429,"Bureau County, Illinois",34115,50423.0,4191
2015,County,IL-Calhoun,17013,1268.0,548.9022,"Calhoun County, Illinois",4999,53869.0,606
2015,County,IL-Carroll,17015,4228.0,576.8734,"Carroll County, Illinois",14926,48631.0,1843
2015,County,IL-Cass,17017,2575.0,706.2062,"Cass County, Illinois",13254,47434.0,1688
2015,County,IL-Champaign,17019,27691.0,757.8677,"Champaign County, Illinois",205766,46495.0,43284
2015,County,IL-Christian,17021,7869.0,831.2963,"Christian County, Illinois",34200,45334.0,4714
2015,County,IL-Clark,17023,3735.0,609.1625,"Clark County, Illinois",16159,50517.0,2360
2015,County,IL-Clay,17025,3243.0,1025.3432,"Clay County, Illinois",13582,44209.0,1839
2015,County,IL-Clinton,17027,7238.0,639.7402,"Clinton County, Illinois",37929,63236.0,3193
2015,County,IL-Coles,17029,9580.0,902.2157,"Coles County, Illinois",53037,39588.0,10951
2015,County,IL-Cook,17031,814105.0,646.9344,"Cook County, Illinois",5236393,55251.0,879499
2015,County,IL-Crawford,17033,4392.0,745.7983,"Crawford County, Illinois",19541,47468.0,2310
2015,County,IL-Cumberland,17035,2325.0,686.976,"Cumberland County, Illinois",10943,46061.0,1700
2015,County,IL-DeKalb,17037,14670.0,601.7456,"DeKalb County, Illinois",104345,54101.0,18336
2015,County,IL-DeWitt,17039,3532.0,719.607,"De Witt County, Illinois",16388,53959.0,2073
2015,County,IL-Douglas,17041,3984.0,618.6837,"Douglas County, Illinois",19826,51810.0,2019
2015,County,IL-DuPage,17043,148253.0,528.876,"DuPage County, Illinois",930412,79658.0,67941
2015,County,IL-Edgar,17045,4312.0,804.3414,"Edgar County, Illinois",17992,45691.0,2999
2015,County,IL-Edwards,17047,1603.0,668.5674,"Edwards County, Illinois",6649,44497.0,851
2015,County,IL-Effingham,17049,7163.0,699.4354,"Effingham County, Illinois",34332,52224.0,3557
2015,County,IL-Fayette,17051,4634.0,823.2737,"Fayette County, Illinois",22136,43944.0,3644
2015,County,IL-Ford,17053,3007.0,636.9305,"Ford County, Illinois",13835,49947.0,1790
2015,County,IL-Franklin,17055,9869.0,829.5362,"Franklin County, Illinois",39694,39512.0,7191
2015,County,IL-Fulton,17057,8313.0,726.1761,"Fulton County, Illinois",36323,46083.0,4838
2015,County,IL-Gallatin,17059,1493.0,647.5806,"Gallatin County, Illinois",5385,39636.0,837
2015,County,IL-Greene,17061,3135.0,774.0091,"Greene County, Illinois",13502,42565.0,2231
2015,County,IL-Grundy,17063,8054.0,734.7153,"Grundy County, Illinois",50277,65887.0,4531
2015,County,IL-Hamilton,17065,1897.0,846.8869,"Hamilton County, Illinois",8322,44159.0,1211
2015,County,IL-Hancock,17067,4637.0,716.1273,"Hancock County, Illinois",18738,47699.0,2159
2015,County,IL-Hardin,17069,1235.0,994.0535,"Hardin County, Illinois",4228,38838.0,864
2015,County,IL-Henderson,17071,1778.0,714.5892,"Henderson County, Illinois",7042,47672.0,692
2015,County,IL-Henry,17073,11227.0,681.5732,"Henry County, Illinois",49883,53480.0,5256
2015,County,IL-Iroquois,17075,7108.0,844.7641,"Iroquois County, Illinois",29053,47834.0,4735
2015,County,IL-Jackson,17077,9658.0,925.1922,"Jackson County, Illinois",59534,33871.0,16853
2015,County,IL-Jasper,17079,2172.0,701.6968,"Jasper County, Illinois",9635,54209.0,881
2015,County,IL-Jefferson,17081,8293.0,967.3475,"Jefferson County, Illinois",38578,43247.0,6179
2015,County,IL-Jersey,17083,4993.0,819.05,"Jersey County, Illinois",22625,53271.0,1590
2015,County,IL-Jo Daviess,17085,6139.0,551.1608,"Jo Daviess County, Illinois",22397,53221.0,2032
2015,County,IL-Johnson,17087,3087.0,594.2678,"Johnson County, Illinois",12829,42287.0,1589
2015,County,IL-Kane,17089,71395.0,604.873,"Kane County, Illinois",524886,70696.0,59033
2015,County,IL-Kankakee,17091,21460.0,763.3319,"Kankakee County, Illinois",112221,52110.0,17365
2015,County,IL-Kendall,17093,14217.0,599.3544,"Kendall County, Illinois",120036,84385.0,6616
2015,County,IL-Knox,17095,12378.0,686.0895,"Knox County, Illinois",52112,39976.0,9013
2015,County,IL-LaSalle,17099,23898.0,728.8658,"LaSalle County, Illinois",112579,50633.0,14386
2015,County,IL-Lake,17097,103365.0,555.2953,"Lake County, Illinois",702898,78026.0,65728
2015,County,IL-Lawrence,17101,3265.0,851.983,"Lawrence County, Illinois",16665,40841.0,1509
2015,County,IL-Lee,17103,7750.0,662.2718,"Lee County, Illinois",35027,52379.0,3555
2015,County,IL-Livingston,17105,7623.0,656.1102,"Livingston County, Illinois",37689,54254.0,3897
2015,County,IL-Logan,17107,5979.0,780.5,"Logan County, Illinois",29956,50539.0,3303
2015,County,IL-Macon,17115,24293.0,708.4405,"Macon County, Illinois",109193,47176.0,19411
2015,County,IL-Macoupin,17117,10813.0,738.1248,"Macoupin County, Illinois",46844,51206.0,5729
2015,County,IL-Madison,17119,53507.0,823.4853,"Madison County, Illinois",267356,53431.0,34818
2015,County,IL-Marion,17121,9464.0,892.2148,"Marion County, Illinois",38665,42238.0,6965
2015,County,IL-Marshall,17123,2973.0,569.3112,"Marshall County, Illinois",12173,53423.0,1201
2015,County,IL-Mason,17125,3769.0,701.2296,"Mason County, Illinois",14126,41567.0,2095
2015,County,IL-Massac,17127,3812.0,818.0637,"Massac County, Illinois",15016,40977.0,2705
2015,County,IL-McDonough,17109,6047.0,828.5714,"McDonough County, Illinois",32009,40314.0,6394
2015,County,IL-McHenry,17111,47844.0,553.0566,"McHenry County, Illinois",307357,77222.0,24037
2015,County,IL-McLean,17113,24591.0,590.054,"McLean County, Illinois",173114,62211.0,23795
2015,County,IL-Menard,17129,2648.0,612.7273,"Menard County, Illinois",12611,60486.0,1404
2015,County,IL-Mercer,17131,4024.0,604.8027,"Mercer County, Illinois",16107,54757.0,1498
2015,County,IL-Monroe,17133,6352.0,566.3035,"Monroe County, Illinois",33539,70859.0,1667
2015,County,IL-Montgomery,17135,6705.0,735.6405,"Montgomery County, Illinois",29348,46966.0,3503
2015,County,IL-Morgan,17137,7915.0,890.0135,"Morgan County, Illinois",35129,45978.0,4580
2015,County,IL-Moultrie,17139,3097.0,663.6881,"Moultrie County, Illinois",14927,49681.0,1929
2015,County,IL-Ogle,17141,10641.0,674.0661,"Ogle County, Illinois",52397,54849.0,5477
2015,County,IL-Peoria,17143,35408.0,659.1024,"Peoria County, Illinois",187112,51147.0,31194
2015,County,IL-Perry,17145,4590.0,840.7734,"Perry County, Illinois",21810,42478.0,3380
2015,County,IL-Piatt,17147,3481.0,738.4536,"Piatt County, Illinois",16495,66261.0,1019
2015,County,IL-Pike,17149,3710.0,799.5474,"Pike County, Illinois",16144,40588.0,2133
2015,County,IL-Pope,17151,922.0,664.3159,"Pope County, Illinois",4331,39223.0,615
2015,County,IL-Pulaski,17153,1526.0,697.7887,"Pulaski County, Illinois",5871,31980.0,1178
2015,County,IL-Putnam,17155,1369.0,597.6385,"Putnam County, Illinois",5822,56358.0,691
2015,County,IL-Randolph,17157,6772.0,847.7542,"Randolph County, Illinois",33069,48158.0,3816
2015,County,IL-Richland,17159,3837.0,780.7288,"Richland County, Illinois",16127,44127.0,2382
2015,County,IL-Rock Island,17161,30654.0,728.4854,"Rock Island County, Illinois",147161,48817.0,21223
2015,County,IL-Saline,17165,6242.0,803.9652,"Saline County, Illinois",24783,38258.0,5534
2015,County,IL-Sangamon,17167,39234.0,770.9062,"Sangamon County, Illinois",199016,56167.0,30297
2015,County,IL-Schuyler,17169,1629.0,741.433,"Schuyler County, Illinois",7311,47723.0,1382
2015,County,IL-Scott,17171,1034.0,773.7948,"Scott County, Illinois",5198,47222.0,712
2015,County,IL-Shelby,17173,5123.0,712.602,"Shelby County, Illinois",22115,47850.0,2449
2015,County,IL-St. Clair,17163,47308.0,849.3658,"St. Clair County, Illinois",267029,49895.0,47946
2015,County,IL-Stark,17175,1268.0,676.7568,"Stark County, Illinois",5859,50085.0,684
2015,County,IL-Stephenson,17177,11362.0,785.0877,"Stephenson County, Illinois",46625,45331.0,6849
2015,County,IL-Tazewell,17179,27590.0,629.9559,"Tazewell County, Illinois",135697,58194.0,11559
2015,County,IL-Union,17181,4584.0,786.5506,"Union County, Illinois",17551,42606.0,2971
2015,County,IL-Vermilion,17183,17949.0,810.2527,"Vermilion County, Illinois",80368,42977.0,14571
2015,County,IL-Wabash,17185,2719.0,765.1839,"Wabash County, Illinois",11652,47491.0,1447
2015,County,IL-Warren,17187,3478.0,683.2491,"Warren County, Illinois",17701,43699.0,2464
2015,County,IL-Washington,17189,3077.0,613.0714,"Washington County, Illinois",14457,53202.0,1834
2015,County,IL-Wayne,17191,3889.0,829.9015,"Wayne County, Illinois",16555,44993.0,2385
2015,County,IL-White,17193,3804.0,756.9708,"White County, Illinois",14464,44648.0,1916
2015,County,IL-Whiteside,17195,13652.0,803.8591,"Whiteside County, Illinois",57525,47401.0,6740
2015,County,IL-Will,17197,96253.0,584.759,"Will County, Illinois",683995,76101.0,53482
2015,County,IL-Williamson,17199,14800.0,827.0183,"Williamson County, Illinois",67121,44453.0,9783
2015,County,IL-Winnebago,17201,57629.0,716.3487,"Winnebago County, Illinois",290439,48225.0,47851
2015,County,IL-Woodford,17203,7279.0,548.2327,"Woodford County, Illinois",39106,65852.0,3105
2015,County,IN-Adams,18001,5837.0,677.3916,"Adams County, Indiana",34642,48188.0,5529
2015,County,IN-Allen,18003,62947.0,762.359,"Allen County, Indiana",363453,49092.0,56542
2015,County,IN-Bartholomew,18005,15213.0,782.6702,"Bartholomew County, Indiana",79488,55050.0,10027
2015,County,IN-Benton,18007,1796.0,680.1153,"Benton County, Indiana",8752,47046.0,1181
2015,County,IN-Blackford,18009,3246.0,795.0311,"Blackford County, Indiana",12476,38190.0,1700
2015,County,IN-Boone,18011,9590.0,712.3438,"Boone County, Indiana",60511,67552.0,3498
2015,County,IN-Brown,18013,3855.0,472.8114,"Brown County, Indiana",15011,54615.0,1865
2015,County,IN-Carroll,18015,4297.0,621.9396,"Carroll County, Indiana",20014,52005.0,2149
2015,County,IN-Cass,18017,7979.0,728.9415,"Cass County, Indiana",38476,42290.0,5884
2015,County,IN-Clark,18019,22716.0,783.5594,"Clark County, Indiana",113181,51699.0,12009
2015,County,IN-Clay,18021,5781.0,720.26,"Clay County, Indiana",26686,47602.0,3807
2015,County,IN-Clinton,18023,6384.0,801.0373,"Clinton County, Indiana",32835,48478.0,4504
2015,County,IN-Crawford,18025,2492.0,633.7731,"Crawford County, Indiana",10591,38695.0,2166
2015,County,IN-Daviess,18027,5573.0,808.3743,"Daviess County, Indiana",32411,47342.0,4192
2015,County,IN-DeKalb,18033,8364.0,774.2094,"DeKalb County, Indiana",42449,48341.0,6107
2015,County,IN-Dearborn,18029,10272.0,682.3197,"Dearborn County, Indiana",49679,58680.0,4553
2015,County,IN-Decatur,18031,5335.0,882.3686,"Decatur County, Indiana",26240,49799.0,3647
2015,County,IN-Delaware,18035,24042.0,710.3203,"Delaware County, Indiana",117335,38830.0,24209
2015,County,IN-Dubois,18037,8271.0,567.9519,"Dubois County, Indiana",42291,53513.0,4071
2015,County,IN-Elkhart,18039,33450.0,664.0376,"Elkhart County, Indiana",200685,47913.0,31601
2015,County,IN-Fayette,18041,6175.0,756.4207,"Fayette County, Indiana",23773,39379.0,4806
2015,County,IN-Floyd,18043,14852.0,676.0813,"Floyd County, Indiana",75900,54914.0,9530
2015,County,IN-Fountain,18045,3988.0,742.3253,"Fountain County, Indiana",16888,46760.0,1992
2015,County,IN-Franklin,18047,5330.0,612.9032,"Franklin County, Indiana",22935,51748.0,2413
2015,County,IN-Fulton,18049,4581.0,680.4963,"Fulton County, Indiana",20527,45332.0,3011
2015,County,IN-Gibson,18051,6842.0,728.6838,"Gibson County, Indiana",33668,48303.0,3675
2015,County,IN-Grant,18053,16005.0,832.7704,"Grant County, Indiana",68896,40294.0,11829
2015,County,IN-Greene,18055,7241.0,711.1791,"Greene County, Indiana",32815,45397.0,4398
2015,County,IN-Hamilton,18057,38776.0,552.8673,"Hamilton County, Indiana",296635,86222.0,13889
2015,County,IN-Hancock,18059,13922.0,624.4447,"Hancock County, Indiana",71328,66606.0,4583
2015,County,IN-Harrison,18061,8139.0,599.6675,"Harrison County, Indiana",39230,52128.0,5392
2015,County,IN-Hendricks,18063,23407.0,599.5103,"Hendricks County, Indiana",153435,70163.0,7514
2015,County,IN-Henry,18065,11317.0,806.3337,"Henry County, Indiana",49146,41855.0,7465
2015,County,IN-Howard,18067,19448.0,744.872,"Howard County, Indiana",82765,44226.0,14445
2015,County,IN-Huntington,18069,7952.0,701.2889,"Huntington County, Indiana",36863,46945.0,4241
2015,County,IN-Jackson,18071,8932.0,787.0339,"Jackson County, Indiana",43471,47000.0,6297
2015,County,IN-Jasper,18073,6712.0,637.5331,"Jasper County, Indiana",33448,55374.0,2710
2015,County,IN-Jay,18075,4604.0,765.4796,"Jay County, Indiana",21255,41021.0,3400
2015,County,IN-Jefferson,18077,7156.0,642.2693,"Jefferson County, Indiana",32453,45718.0,4343
2015,County,IN-Jennings,18079,5808.0,817.8323,"Jennings County, Indiana",28113,44736.0,4390
2015,County,IN-Johnson,18081,25555.0,644.8409,"Johnson County, Indiana",145645,62147.0,14205
2015,County,IN-Knox,18083,8049.0,1016.2194,"Knox County, Indiana",38062,42725.0,5630
2015,County,IN-Kosciusko,18085,14818.0,635.1299,"Kosciusko County, Indiana",77983,52821.0,8645
2015,County,IN-LaGrange,18087,5563.0,598.8858,"LaGrange County, Indiana",38084,49964.0,4909
2015,County,IN-LaPorte,18091,22429.0,683.7927,"LaPorte County, Indiana",111280,46872.0,17792
2015,County,IN-Lake,18089,90623.0,747.5171,"Lake County, Indiana",491596,50135.0,87203
2015,County,IN-Lawrence,18093,10484.0,706.0959,"Lawrence County, Indiana",45814,45875.0,5850
2015,County,IN-Madison,18095,29130.0,875.5201,"Madison County, Indiana",130280,44195.0,21089
2015,County,IN-Marion,18097,142781.0,862.0863,"Marion County, Indiana",926335,42168.0,191309
2015,County,IN-Marshall,18099,9080.0,629.8416,"Marshall County, Indiana",46962,48485.0,5594
2015,County,IN-Martin,18101,2320.0,702.9024,"Martin County, Indiana",10262,44589.0,1320
2015,County,IN-Miami,18103,7039.0,650.4801,"Miami County, Indiana",36211,45184.0,5174
2015,County,IN-Monroe,18105,20126.0,527.1653,"Monroe County, Indiana",142404,42404.0,31707
2015,County,IN-Montgomery,18107,7852.0,770.3747,"Montgomery County, Indiana",38172,48213.0,5153
2015,County,IN-Morgan,18109,14209.0,721.104,"Morgan County, Indiana",69403,55432.0,8237
2015,County,IN-Newton,18111,2853.0,654.9107,"Newton County, Indiana",14057,46895.0,1892
2015,County,IN-Noble,18113,8727.0,846.4067,"Noble County, Indiana",47546,49331.0,5665
2015,County,IN-Ohio,18115,1248.0,628.8889,"Ohio County, Indiana",6033,48780.0,470
2015,County,IN-Orange,18117,4621.0,786.6242,"Orange County, Indiana",19725,39812.0,3403
2015,County,IN-Owen,18119,4747.0,599.9409,"Owen County, Indiana",21192,43948.0,3172
2015,County,IN-Parke,18121,3486.0,648.0363,"Parke County, Indiana",17107,40781.0,2486
2015,County,IN-Perry,18123,3987.0,704.293,"Perry County, Indiana",19414,47470.0,2276
2015,County,IN-Pike,18125,3033.0,707.0207,"Pike County, Indiana",12687,44399.0,1243
2015,County,IN-Porter,18127,30612.0,693.6195,"Porter County, Indiana",166570,63926.0,18850
2015,County,IN-Posey,18129,5245.0,545.7785,"Posey County, Indiana",25567,58101.0,2801
2015,County,IN-Pulaski,18131,2991.0,673.774,"Pulaski County, Indiana",13047,43836.0,1808
2015,County,IN-Putnam,18133,7152.0,757.6134,"Putnam County, Indiana",37650,51355.0,3245
2015,County,IN-Randolph,18135,5932.0,714.9273,"Randolph County, Indiana",25596,40810.0,4522
2015,County,IN-Ripley,18137,5541.0,758.1245,"Ripley County, Indiana",28612,51170.0,2403
2015,County,IN-Rush,18139,3656.0,775.5102,"Rush County, Indiana",16991,45121.0,2946
2015,County,IN-Scott,18143,5470.0,826.6277,"Scott County, Indiana",23783,44442.0,4148
2015,County,IN-Shelby,18145,8740.0,865.5869,"Shelby County, Indiana",44441,53584.0,5302
2015,County,IN-Spencer,18147,4395.0,582.8689,"Spencer County, Indiana",20856,55247.0,2213
2015,County,IN-St. Joseph,18141,48331.0,639.0294,"St. Joseph County, Indiana",267246,45471.0,45532
2015,County,IN-Starke,18149,5610.0,738.1008,"Starke County, Indiana",23117,42208.0,3682
2015,County,IN-Steuben,18151,7420.0,671.17,"Steuben County, Indiana",34267,48472.0,3542
2015,County,IN-Sullivan,18153,4354.0,723.3304,"Sullivan County, Indiana",21111,45023.0,3534
2015,County,IN-Switzerland,18155,1779.0,580.6686,"Switzerland County, Indiana",10500,44061.0,2022
2015,County,IN-Tippecanoe,18157,23539.0,740.0824,"Tippecanoe County, Indiana",180952,45932.0,36902
2015,County,IN-Tipton,18159,3460.0,710.6241,"Tipton County, Indiana",15573,51613.0,1529
2015,County,IN-Union,18161,1477.0,633.4552,"Union County, Indiana",7299,44277.0,754
2015,County,IN-Vanderburgh,18163,36472.0,805.0711,"Vanderburgh County, Indiana",181305,43046.0,28870
2015,County,IN-Vermillion,18165,3802.0,725.097,"Vermillion County, Indiana",15860,43600.0,1996
2015,County,IN-Vigo,18167,21381.0,770.2774,"Vigo County, Indiana",108268,40313.0,20245
2015,County,IN-Wabash,18169,8051.0,622.1484,"Wabash County, Indiana",32358,45649.0,4373
2015,County,IN-Warren,18171,1857.0,860.5281,"Warren County, Indiana",8367,56042.0,740
2015,County,IN-Warrick,18173,11960.0,617.0708,"Warrick County, Indiana",60995,62185.0,5926
2015,County,IN-Washington,18175,5904.0,744.8673,"Washington County, Indiana",27930,41289.0,4190
2015,County,IN-Wayne,18177,16022.0,745.0635,"Wayne County, Indiana",67866,38494.0,13732
2015,County,IN-Wells,18179,5802.0,718.0784,"Wells County, Indiana",27796,51101.0,3306
2015,County,IN-White,18181,5586.0,755.9565,"White County, Indiana",24388,52154.0,2309
2015,County,IN-Whitley,18183,6708.0,681.7872,"Whitley County, Indiana",33330,54389.0,2633
2015,County,KS-Allen,20001,3081.0,817.0502,"Allen County, Kansas",13081,38698.0,2257
2015,County,KS-Anderson,20003,1907.0,798.5824,"Anderson County, Kansas",7896,40696.0,1362
2015,County,KS-Atchison,20005,3157.0,804.1011,"Atchison County, Kansas",16633,43581.0,2970
2015,County,KS-Barber,20007,1202.0,546.7422,"Barber County, Kansas",4770,51811.0,511
2015,County,KS-Barton,20009,5639.0,701.0912,"Barton County, Kansas",27399,44013.0,4261
2015,County,KS-Bourbon,20011,3374.0,690.1754,"Bourbon County, Kansas",14812,38280.0,2757
2015,County,KS-Brown,20013,2279.0,591.7387,"Brown County, Kansas",9880,43724.0,1598
2015,County,KS-Butler,20015,11344.0,655.9973,"Butler County, Kansas",66092,58897.0,6620
2015,County,KS-Chase,20017,609.0,463.0631,"Chase County, Kansas",2722,38707.0,360
2015,County,KS-Chautauqua,20019,993.0,682.8194,"Chautauqua County, Kansas",3520,37993.0,579
2015,County,KS-Cherokee,20021,4668.0,708.8575,"Cherokee County, Kansas",20952,41388.0,3511
2015,County,KS-Cheyenne,20023,778.0,458.3921,"Cheyenne County, Kansas",2682,44500.0,214
2015,County,KS-Clark,20025,497.0,602.6786,"Clark County, Kansas",2145,42589.0,311
2015,County,KS-Clay,20027,1981.0,560.7102,"Clay County, Kansas",8421,52066.0,942
2015,County,KS-Cloud,20029,2341.0,633.9962,"Cloud County, Kansas",9339,39282.0,1202
2015,County,KS-Coffey,20031,2090.0,623.0395,"Coffey County, Kansas",8458,57433.0,833
2015,County,KS-Comanche,20033,511.0,541.1255,"Comanche County, Kansas",2010,45288.0,140
2015,County,KS-Cowley,20035,7457.0,609.9787,"Cowley County, Kansas",36079,43860.0,5971
2015,County,KS-Crawford,20037,7317.0,678.4265,"Crawford County, Kansas",39304,36534.0,8219
2015,County,KS-Decatur,20039,868.0,586.2516,"Decatur County, Kansas",2905,40657.0,316
2015,County,KS-Dickinson,20041,4302.0,738.3945,"Dickinson County, Kansas",19516,49096.0,2005
2015,County,KS-Doniphan,20043,1634.0,527.4348,"Doniphan County, Kansas",7859,47209.0,892
2015,County,KS-Douglas,20045,15646.0,597.5702,"Douglas County, Kansas",114967,50939.0,20137
2015,County,KS-Edwards,20047,679.0,454.3947,"Edwards County, Kansas",2991,47303.0,335
2015,County,KS-Elk,20049,855.0,591.0256,"Elk County, Kansas",2683,36458.0,483
2015,County,KS-Ellis,20051,4876.0,697.4299,"Ellis County, Kansas",28993,45579.0,4353
2015,County,KS-Ellsworth,20053,1463.0,642.1531,"Ellsworth County, Kansas",6410,47736.0,484
2015,County,KS-Finney,20055,4412.0,717.9346,"Finney County, Kansas",37133,49227.0,6222
2015,County,KS-Ford,20057,4195.0,559.5971,"Ford County, Kansas",34714,50777.0,6183
2015,County,KS-Franklin,20059,5277.0,754.4532,"Franklin County, Kansas",25753,51081.0,3264
2015,County,KS-Geary,20061,3773.0,871.4794,"Geary County, Kansas",36787,43992.0,4463
2015,County,KS-Gove,20063,704.0,570.7547,"Gove County, Kansas",2735,46364.0,219
2015,County,KS-Graham,20065,777.0,583.0946,"Graham County, Kansas",2593,43826.0,287
2015,County,KS-Grant,20067,1103.0,600.2055,"Grant County, Kansas",7816,55432.0,795
2015,County,KS-Gray,20069,993.0,353.0067,"Gray County, Kansas",6065,61000.0,597
2015,County,KS-Greeley,20071,307.0,816.2544,"Greeley County, Kansas",1224,47750.0,97
2015,County,KS-Greenwood,20073,1760.0,805.6075,"Greenwood County, Kansas",6393,38838.0,945
2015,County,KS-Hamilton,20075,413.0,1138.8889,"Hamilton County, Kansas",2586,45114.0,371
2015,County,KS-Harper,20077,1441.0,853.2731,"Harper County, Kansas",5861,43973.0,933
2015,County,KS-Harvey,20079,7558.0,595.1502,"Harvey County, Kansas",34835,51327.0,4415
2015,County,KS-Haskell,20081,591.0,704.1985,"Haskell County, Kansas",4130,56484.0,562
2015,County,KS-Hodgeman,20083,450.0,488.0952,"Hodgeman County, Kansas",1939,54856.0,88
2015,County,KS-Jackson,20085,2999.0,567.2926,"Jackson County, Kansas",13400,54077.0,1197
2015,County,KS-Jefferson,20087,3927.0,519.7881,"Jefferson County, Kansas",18898,57236.0,1394
2015,County,KS-Jewell,20089,929.0,598.5401,"Jewell County, Kansas",3038,40553.0,466
2015,County,KS-Johnson,20091,87135.0,608.0297,"Johnson County, Kansas",566814,76113.0,34556
2015,County,KS-Kearny,20093,626.0,639.5564,"Kearny County, Kansas",3952,50506.0,412
2015,County,KS-Kingman,20095,1844.0,749.0931,"Kingman County, Kansas",7790,50844.0,811
2015,County,KS-Kiowa,20097,577.0,599.6132,"Kiowa County, Kansas",2536,43963.0,364
2015,County,KS-Labette,20099,5090.0,754.8033,"Labette County, Kansas",21048,41439.0,3651
2015,County,KS-Lane,20101,442.0,649.635,"Lane County, Kansas",1674,56507.0,149
2015,County,KS-Leavenworth,20103,12624.0,604.6512,"Leavenworth County, Kansas",78227,63726.0,8223
2015,County,KS-Lincoln,20105,794.0,731.3019,"Lincoln County, Kansas",3154,44276.0,333
2015,County,KS-Linn,20107,2369.0,603.3453,"Linn County, Kansas",9528,46964.0,1246
2015,County,KS-Logan,20109,650.0,592.1986,"Logan County, Kansas",2793,46875.0,232
2015,County,KS-Lyon,20111,5872.0,684.169,"Lyon County, Kansas",33462,40021.0,6919
2015,County,KS-Marion,20115,3076.0,565.7613,"Marion County, Kansas",12290,45927.0,1306
2015,County,KS-Marshall,20117,2508.0,516.2439,"Marshall County, Kansas",10005,45374.0,1087
2015,County,KS-McPherson,20113,6325.0,625.0704,"McPherson County, Kansas",29252,56128.0,1993
2015,County,KS-Meade,20119,866.0,538.4615,"Meade County, Kansas",4383,52250.0,481
2015,County,KS-Miami,20121,5992.0,656.7164,"Miami County, Kansas",32688,60966.0,2949
2015,County,KS-Mitchell,20123,1538.0,571.0187,"Mitchell County, Kansas",6296,48217.0,626
2015,County,KS-Montgomery,20125,7747.0,722.633,"Montgomery County, Kansas",34184,41083.0,6303
2015,County,KS-Morris,20127,1500.0,575.8468,"Morris County, Kansas",5750,47089.0,505
2015,County,KS-Morton,20129,608.0,852.6703,"Morton County, Kansas",3106,46028.0,325
2015,County,KS-Nemaha,20131,2238.0,444.9275,"Nemaha County, Kansas",10159,48653.0,1129
2015,County,KS-Neosho,20133,3647.0,826.6626,"Neosho County, Kansas",16423,43195.0,2961
2015,County,KS-Ness,20135,805.0,584.5942,"Ness County, Kansas",3077,44904.0,354
2015,County,KS-Norton,20137,1218.0,721.2348,"Norton County, Kansas",5590,47852.0,398
2015,County,KS-Osage,20139,3687.0,570.4657,"Osage County, Kansas",16080,49915.0,1997
2015,County,KS-Osborne,20141,1008.0,516.9029,"Osborne County, Kansas",3782,40216.0,564
2015,County,KS-Ottawa,20143,1344.0,470.5401,"Ottawa County, Kansas",6048,52479.0,466
2015,County,KS-Pawnee,20145,1460.0,707.9848,"Pawnee County, Kansas",6911,43250.0,464
2015,County,KS-Phillips,20147,1458.0,561.6957,"Phillips County, Kansas",5501,44170.0,494
2015,County,KS-Pottawatomie,20149,3714.0,646.9256,"Pottawatomie County, Kansas",22625,60216.0,1992
2015,County,KS-Pratt,20151,2026.0,797.9744,"Pratt County, Kansas",9739,49550.0,1144
2015,County,KS-Rawlins,20153,726.0,603.2689,"Rawlins County, Kansas",2545,41579.0,250
2015,County,KS-Reno,20155,14020.0,549.37,"Reno County, Kansas",64058,45288.0,7457
2015,County,KS-Republic,20157,1435.0,504.1762,"Republic County, Kansas",4806,40449.0,599
2015,County,KS-Rice,20159,2078.0,525.7842,"Rice County, Kansas",10014,48460.0,1365
2015,County,KS-Riley,20161,7338.0,646.5575,"Riley County, Kansas",75022,44437.0,14922
2015,County,KS-Rooks,20163,1265.0,529.7203,"Rooks County, Kansas",5186,43558.0,723
2015,County,KS-Rush,20165,875.0,552.5982,"Rush County, Kansas",3184,38854.0,292
2015,County,KS-Russell,20167,1836.0,716.3037,"Russell County, Kansas",6988,41102.0,885
2015,County,KS-Saline,20169,11075.0,816.6703,"Saline County, Kansas",55735,47801.0,8700
2015,County,KS-Scott,20171,1029.0,809.0615,"Scott County, Kansas",4928,51850.0,319
2015,County,KS-Sedgwick,20173,83420.0,671.9825,"Sedgwick County, Kansas",506529,50657.0,75400
2015,County,KS-Seward,20175,2419.0,662.7737,"Seward County, Kansas",23274,47134.0,4350
2015,County,KS-Shawnee,20177,37686.0,715.8132,"Shawnee County, Kansas",178792,50378.0,26445
2015,County,KS-Sheridan,20179,583.0,542.7509,"Sheridan County, Kansas",2531,49750.0,165
2015,County,KS-Sherman,20181,1360.0,696.8725,"Sherman County, Kansas",6054,39029.0,1125
2015,County,KS-Smith,20183,1167.0,501.4058,"Smith County, Kansas",3740,43848.0,543
2015,County,KS-Stafford,20185,957.0,488.0274,"Stafford County, Kansas",4320,47377.0,675
2015,County,KS-Stanton,20187,362.0,487.3418,"Stanton County, Kansas",2149,43780.0,113
2015,County,KS-Stevens,20189,823.0,647.1409,"Stevens County, Kansas",5772,55433.0,1037
2015,County,KS-Sumner,20191,4949.0,488.0383,"Sumner County, Kansas",23638,50141.0,2869
2015,County,KS-Thomas,20193,1434.0,596.4091,"Thomas County, Kansas",7925,48504.0,733
2015,County,KS-Trego,20195,749.0,673.4694,"Trego County, Kansas",2951,54000.0,119
2015,County,KS-Wabaunsee,20197,1476.0,488.3901,"Wabaunsee County, Kansas",6997,54688.0,404
2015,County,KS-Wallace,20199,360.0,544.9275,"Wallace County, Kansas",1595,47279.0,129
2015,County,KS-Washington,20201,1553.0,496.788,"Washington County, Kansas",5686,45159.0,649
2015,County,KS-Wichita,20203,435.0,682.5,"Wichita County, Kansas",2204,57171.0,214
2015,County,KS-Wilson,20205,2290.0,774.6411,"Wilson County, Kansas",9061,40306.0,1639
2015,County,KS-Woodson,20207,780.0,572.2461,"Woodson County, Kansas",3211,35787.0,714
2015,County,KS-Wyandotte,20209,24477.0,841.077,"Wyandotte County, Kansas",160806,40113.0,37963
2015,County,KY-Adair,21001,4258.0,860.8807,"Adair County, Kentucky",18852,33362.0,3789
2015,County,KY-Allen,21003,4409.0,821.4062,"Allen County, Kentucky",20355,41326.0,3454
2015,County,KY-Anderson,21005,4300.0,735.1485,"Anderson County, Kentucky",21761,53974.0,2223
2015,County,KY-Ballard,21007,1955.0,610.7784,"Ballard County, Kentucky",8256,42244.0,1295
2015,County,KY-Barren,21009,9792.0,761.2626,"Barren County, Kentucky",42925,38370.0,8598
2015,County,KY-Bath,21011,2839.0,915.5844,"Bath County, Kentucky",11978,33483.0,3122
2015,County,KY-Bell,21013,7219.0,1012.5798,"Bell County, Kentucky",27950,22443.0,10233
2015,County,KY-Boone,21015,19407.0,710.4975,"Boone County, Kentucky",124617,66730.0,10156
2015,County,KY-Bourbon,21017,4507.0,799.8445,"Bourbon County, Kentucky",20013,45208.0,3272
2015,County,KY-Boyd,21019,12219.0,1029.0495,"Boyd County, Kentucky",48917,42319.0,9500
2015,County,KY-Boyle,21021,6849.0,735.8245,"Boyle County, Kentucky",29388,39704.0,4291
2015,County,KY-Bracken,21023,1845.0,691.6525,"Bracken County, Kentucky",8425,36327.0,1544
2015,County,KY-Breathitt,21025,3569.0,1076.2987,"Breathitt County, Kentucky",13591,25817.0,4366
2015,County,KY-Breckinridge,21027,4708.0,752.514,"Breckinridge County, Kentucky",20061,43479.0,3422
2015,County,KY-Bullitt,21029,14647.0,712.076,"Bullitt County, Kentucky",76961,55975.0,7911
2015,County,KY-Butler,21031,2913.0,600.1037,"Butler County, Kentucky",12835,33536.0,3667
2015,County,KY-Caldwell,21033,3387.0,768.6718,"Caldwell County, Kentucky",12826,42537.0,2544
2015,County,KY-Calloway,21035,7671.0,695.1589,"Calloway County, Kentucky",38106,37034.0,8015
2015,County,KY-Campbell,21037,16076.0,749.9705,"Campbell County, Kentucky",91475,54621.0,12883
2015,County,KY-Carlisle,21039,1293.0,788.9813,"Carlisle County, Kentucky",4984,38829.0,970
2015,County,KY-Carroll,21041,2407.0,956.1728,"Carroll County, Kentucky",10830,41439.0,2898
2015,County,KY-Carter,21043,6740.0,773.0684,"Carter County, Kentucky",27326,36696.0,4682
2015,County,KY-Casey,21045,3869.0,775.7555,"Casey County, Kentucky",15954,32341.0,3969
2015,County,KY-Christian,21047,11078.0,787.3303,"Christian County, Kentucky",74159,39521.0,13576
2015,County,KY-Clark,21049,7956.0,854.8857,"Clark County, Kentucky",35657,47959.0,5401
2015,County,KY-Clay,21051,5015.0,1241.5432,"Clay County, Kentucky",21300,21549.0,7732
2015,County,KY-Clinton,21053,2618.0,876.3305,"Clinton County, Kentucky",10188,28025.0,2435
2015,County,KY-Crittenden,21055,2281.0,770.797,"Crittenden County, Kentucky",9222,35316.0,1974
2015,County,KY-Cumberland,21057,1794.0,1271.4617,"Cumberland County, Kentucky",6807,32019.0,1682
2015,County,KY-Daviess,21059,21447.0,768.921,"Daviess County, Kentucky",98173,45989.0,14948
2015,County,KY-Edmonson,21061,2912.0,756.7437,"Edmonson County, Kentucky",12105,41710.0,2296
2015,County,KY-Elliott,21063,1591.0,785.957,"Elliott County, Kentucky",7725,28224.0,2079
2015,County,KY-Estill,21065,3616.0,921.2315,"Estill County, Kentucky",14476,29770.0,4199
2015,County,KY-Fayette,21067,46178.0,715.569,"Fayette County, Kentucky",308306,49778.0,55900
2015,County,KY-Fleming,21069,3550.0,931.0489,"Fleming County, Kentucky",14544,35469.0,2907
2015,County,KY-Floyd,21071,10782.0,1041.309,"Floyd County, Kentucky",38649,30096.0,11441
2015,County,KY-Franklin,21073,13358.0,1201.1623,"Franklin County, Kentucky",49778,47964.0,6990
2015,County,KY-Fulton,21075,1743.0,871.7035,"Fulton County, Kentucky",6422,28359.0,1641
2015,County,KY-Gallatin,21077,1174.0,980.4469,"Gallatin County, Kentucky",8567,48370.0,1294
2015,County,KY-Garrard,21079,3857.0,729.572,"Garrard County, Kentucky",16976,44243.0,3653
2015,County,KY-Grant,21081,5099.0,1019.1354,"Grant County, Kentucky",24670,44824.0,4445
2015,County,KY-Graves,21083,8689.0,918.4409,"Graves County, Kentucky",37502,39530.0,6342
2015,County,KY-Grayson,21085,6099.0,923.4439,"Grayson County, Kentucky",26001,35030.0,6119
2015,County,KY-Green,21087,2889.0,1111.7424,"Green County, Kentucky",11149,34982.0,2216
2015,County,KY-Greenup,21089,9717.0,849.4073,"Greenup County, Kentucky",36477,45370.0,6355
2015,County,KY-Hancock,21091,1931.0,756.393,"Hancock County, Kentucky",8669,50476.0,1360
2015,County,KY-Hardin,21093,18390.0,697.454,"Hardin County, Kentucky",107529,50765.0,14886
2015,County,KY-Harlan,21095,7678.0,979.8159,"Harlan County, Kentucky",28400,25814.0,8661
2015,County,KY-Harrison,21097,4096.0,878.3784,"Harrison County, Kentucky",18648,35681.0,4069
2015,County,KY-Hart,21099,4121.0,699.0228,"Hart County, Kentucky",18441,34774.0,4507
2015,County,KY-Henderson,21101,9975.0,914.4552,"Henderson County, Kentucky",46396,41036.0,8602
2015,County,KY-Henry,21103,3421.0,683.3919,"Henry County, Kentucky",15455,46495.0,2798
2015,County,KY-Hickman,21105,1349.0,727.1863,"Hickman County, Kentucky",4720,41218.0,675
2015,County,KY-Hopkins,21107,10757.0,631.6482,"Hopkins County, Kentucky",46518,42346.0,7799
2015,County,KY-Jackson,21109,3065.0,825.9293,"Jackson County, Kentucky",13357,29826.0,4163
2015,County,KY-Jefferson,21111,144604.0,737.2117,"Jefferson County, Kentucky",755809,48695.0,121683
2015,County,KY-Jessamine,21113,8733.0,817.9888,"Jessamine County, Kentucky",50328,50558.0,9190
2015,County,KY-Johnson,21115,6119.0,1001.6754,"Johnson County, Kentucky",23350,35570.0,5977
2015,County,KY-Kenton,21117,27266.0,795.7542,"Kenton County, Kentucky",163007,54296.0,23432
2015,County,KY-Knott,21119,3947.0,729.6479,"Knott County, Kentucky",16000,30411.0,4308
2015,County,KY-Knox,21121,7961.0,960.6846,"Knox County, Kentucky",31809,26599.0,10093
2015,County,KY-Larue,21123,3270.0,671.0415,"Larue County, Kentucky",14149,38578.0,2460
2015,County,KY-Laurel,21125,13567.0,800.3916,"Laurel County, Kentucky",59751,36020.0,13588
2015,County,KY-Lawrence,21127,3993.0,1040.9696,"Lawrence County, Kentucky",15821,35935.0,3548
2015,County,KY-Lee,21129,1822.0,929.9461,"Lee County, Kentucky",7119,22698.0,2003
2015,County,KY-Leslie,21131,2964.0,900.8789,"Leslie County, Kentucky",10997,25872.0,3051
2015,County,KY-Letcher,21133,6300.0,758.3519,"Letcher County, Kentucky",23671,30333.0,6614
2015,County,KY-Lewis,21135,3017.0,800.3705,"Lewis County, Kentucky",13790,28630.0,4151
2015,County,KY-Lincoln,21137,5862.0,768.0754,"Lincoln County, Kentucky",24498,37139.0,6039
2015,County,KY-Livingston,21139,2566.0,684.9817,"Livingston County, Kentucky",9394,42171.0,1362
2015,County,KY-Logan,21141,6101.0,925.7873,"Logan County, Kentucky",26851,38570.0,5103
2015,County,KY-Lyon,21143,2337.0,612.2324,"Lyon County, Kentucky",8402,46931.0,1002
2015,County,KY-Madison,21151,15413.0,837.7452,"Madison County, Kentucky",85838,42390.0,16792
2015,County,KY-Magoffin,21153,3198.0,714.2857,"Magoffin County, Kentucky",12979,28500.0,3672
2015,County,KY-Marion,21155,3995.0,834.9812,"Marion County, Kentucky",19717,38826.0,3784
2015,County,KY-Marshall,21157,8450.0,659.8122,"Marshall County, Kentucky",31181,45212.0,3287
2015,County,KY-Martin,21159,2901.0,1077.0741,"Martin County, Kentucky",12631,25795.0,3896
2015,County,KY-Mason,21161,3981.0,882.7483,"Mason County, Kentucky",17296,38824.0,3087
2015,County,KY-McCracken,21145,15964.0,754.6308,"McCracken County, Kentucky",65408,44067.0,10763
2015,County,KY-McCreary,21147,4008.0,714.3351,"McCreary County, Kentucky",18001,19328.0,6723
2015,County,KY-McLean,21149,2376.0,635.1515,"McLean County, Kentucky",9500,40770.0,1983
2015,County,KY-Meade,21163,5116.0,630.8866,"Meade County, Kentucky",29098,49884.0,4810
2015,County,KY-Menifee,21165,1733.0,817.8218,"Menifee County, Kentucky",6343,31503.0,1851
2015,County,KY-Mercer,21167,5135.0,800.5399,"Mercer County, Kentucky",21342,42083.0,3862
2015,County,KY-Metcalfe,21169,2518.0,715.98,"Metcalfe County, Kentucky",9985,32294.0,2158
2015,County,KY-Monroe,21171,2813.0,899.659,"Monroe County, Kentucky",10765,31045.0,2937
2015,County,KY-Montgomery,21173,5850.0,840.9598,"Montgomery County, Kentucky",27167,39275.0,6956
2015,County,KY-Morgan,21175,2954.0,925.864,"Morgan County, Kentucky",13428,29707.0,3249
2015,County,KY-Muhlenberg,21177,7777.0,823.6819,"Muhlenberg County, Kentucky",31309,38961.0,6000
2015,County,KY-Nelson,21179,9071.0,693.1694,"Nelson County, Kentucky",44564,49298.0,7072
2015,County,KY-Nicholas,21181,1681.0,796.2963,"Nicholas County, Kentucky",7075,36097.0,1624
2015,County,KY-Ohio,21183,5630.0,888.6921,"Ohio County, Kentucky",24065,40189.0,5208
2015,County,KY-Oldham,21185,9048.0,584.2447,"Oldham County, Kentucky",63037,85452.0,3503
2015,County,KY-Owen,21187,2343.0,933.2425,"Owen County, Kentucky",10711,41934.0,1780
2015,County,KY-Owsley,21189,1166.0,986.5526,"Owsley County, Kentucky",4616,20985.0,1710
2015,County,KY-Pendleton,21191,3059.0,725.8157,"Pendleton County, Kentucky",14514,48353.0,2188
2015,County,KY-Perry,21193,7129.0,803.5402,"Perry County, Kentucky",28041,32667.0,6894
2015,County,KY-Pike,21195,16843.0,926.8577,"Pike County, Kentucky",63434,33183.0,14256
2015,County,KY-Powell,21197,3075.0,832.997,"Powell County, Kentucky",12447,29736.0,3392
2015,County,KY-Pulaski,21199,16679.0,717.9487,"Pulaski County, Kentucky",63635,34790.0,16497
2015,County,KY-Robertson,21201,507.0,783.1325,"Robertson County, Kentucky",2208,31741.0,473
2015,County,KY-Rockcastle,21203,4017.0,1107.4178,"Rockcastle County, Kentucky",16942,31555.0,4105
2015,County,KY-Rowan,21205,4583.0,1013.8941,"Rowan County, Kentucky",23608,36860.0,5410
2015,County,KY-Russell,21207,4432.0,872.1187,"Russell County, Kentucky",17669,30720.0,4475
2015,County,KY-Scott,21209,7453.0,778.0193,"Scott County, Kentucky",50178,63027.0,5332
2015,County,KY-Shelby,21211,7888.0,709.3213,"Shelby County, Kentucky",44290,60324.0,5566
2015,County,KY-Simpson,21213,3820.0,736.3378,"Simpson County, Kentucky",17704,39679.0,3473
2015,County,KY-Spencer,21215,3071.0,580.0,"Spencer County, Kentucky",17577,63000.0,1466
2015,County,KY-Taylor,21217,6130.0,1033.4381,"Taylor County, Kentucky",24993,33340.0,5658
2015,County,KY-Todd,21219,2476.0,765.3061,"Todd County, Kentucky",12524,40497.0,2277
2015,County,KY-Trigg,21221,3816.0,696.1347,"Trigg County, Kentucky",14250,44083.0,2500
2015,County,KY-Trimble,21223,1903.0,760.5075,"Trimble County, Kentucky",8783,47409.0,1486
2015,County,KY-Union,21225,3126.0,859.5937,"Union County, Kentucky",15138,40120.0,4091
2015,County,KY-Warren,21227,19528.0,791.676,"Warren County, Kentucky",118950,44911.0,21047
2015,County,KY-Washington,21229,2674.0,768.5907,"Washington County, Kentucky",11910,40976.0,2034
2015,County,KY-Wayne,21231,5161.0,851.8624,"Wayne County, Kentucky",20655,28573.0,5477
2015,County,KY-Webster,21233,3105.0,672.9287,"Webster County, Kentucky",13357,38917.0,2296
2015,County,KY-Whitley,21235,8817.0,954.6302,"Whitley County, Kentucky",35794,31014.0,8871
2015,County,KY-Wolfe,21237,2009.0,1159.4635,"Wolfe County, Kentucky",7261,20504.0,3058
2015,County,KY-Woodford,21239,5290.0,639.3386,"Woodford County, Kentucky",25317,58750.0,3259
2015,County,LA-Acadia,22001,11008.0,753.9024,"Acadia Parish, Louisiana",62163,37649.0,12539
2015,County,LA-Allen,22003,4516.0,904.8673,"Allen Parish, Louisiana",25653,40948.0,3501
2015,County,LA-Ascension,22005,15833.0,769.9043,"Ascension Parish, Louisiana",114738,70551.0,13447
2015,County,LA-Assumption,22007,4569.0,1010.6349,"Assumption Parish, Louisiana",23057,49167.0,3643
2015,County,LA-Avoyelles,22009,8787.0,943.8761,"Avoyelles Parish, Louisiana",41389,33739.0,8750
2015,County,LA-Beauregard,22011,6824.0,879.3852,"Beauregard Parish, Louisiana",36259,45969.0,7137
2015,County,LA-Bienville,22013,3373.0,800.2323,"Bienville Parish, Louisiana",13977,32876.0,3754
2015,County,LA-Bossier,22015,19558.0,717.8544,"Bossier Parish, Louisiana",123403,52892.0,17303
2015,County,LA-Caddo,22017,48856.0,802.1768,"Caddo Parish, Louisiana",254742,41234.0,53752
2015,County,LA-Calcasieu,22019,36537.0,851.6037,"Calcasieu Parish, Louisiana",195887,45312.0,32864
2015,County,LA-Caldwell,22021,2145.0,969.0323,"Caldwell Parish, Louisiana",9990,33294.0,2053
2015,County,LA-Cameron,22023,1108.0,799.7573,"Cameron Parish, Louisiana",6706,64231.0,650
2015,County,LA-Catahoula,22025,2253.0,869.9602,"Catahoula Parish, Louisiana",10247,34904.0,1890
2015,County,LA-Claiborne,22027,3428.0,911.9758,"Claiborne Parish, Louisiana",16639,32072.0,4058
2015,County,LA-Concordia,22029,4258.0,857.0119,"Concordia Parish, Louisiana",20449,29654.0,5598
2015,County,LA-DeSoto,22031,5838.0,757.3351,"De Soto Parish, Louisiana",26965,41468.0,7059
2015,County,LA-East Baton Rouge,22033,71334.0,664.3164,"East Baton Rouge Parish, Louisiana",444690,49285.0,85254
2015,County,LA-East Carroll,22035,1398.0,817.5403,"East Carroll Parish, Louisiana",7501,21099.0,2903
2015,County,LA-East Feliciana,22037,4231.0,748.7158,"East Feliciana Parish, Louisiana",19855,45520.0,3317
2015,County,LA-Evangeline,22039,6909.0,1038.1628,"Evangeline Parish, Louisiana",33768,30009.0,8373
2015,County,LA-Franklin,22041,4510.0,964.1387,"Franklin Parish, Louisiana",20550,30275.0,5847
2015,County,LA-Grant,22043,4238.0,748.48,"Grant Parish, Louisiana",22362,39914.0,3460
2015,County,LA-Iberia,22045,13770.0,796.1694,"Iberia Parish, Louisiana",73938,45261.0,14277
2015,County,LA-Iberville,22047,6098.0,875.9071,"Iberville Parish, Louisiana",33229,45117.0,5612
2015,County,LA-Jackson,22049,3528.0,733.9056,"Jackson Parish, Louisiana",16109,38029.0,3981
2015,County,LA-Jefferson,22051,84469.0,800.1868,"Jefferson Parish, Louisiana",435092,47947.0,72319
2015,County,LA-Jefferson Davis,22053,5915.0,734.1595,"Jefferson Davis Parish, Louisiana",31434,39063.0,6462
2015,County,LA-LaSalle,22059,2895.0,1150.9761,"LaSalle Parish, Louisiana",14899,37310.0,2857
2015,County,LA-Lafayette,22055,34721.0,768.1837,"Lafayette Parish, Louisiana",231811,51869.0,36346
2015,County,LA-Lafourche,22057,17357.0,838.7501,"Lafourche Parish, Louisiana",97474,51030.0,14117
2015,County,LA-Lincoln,22061,7025.0,722.7781,"Lincoln Parish, Louisiana",47349,33467.0,14146
2015,County,LA-Livingston,22063,20733.0,750.2609,"Livingston Parish, Louisiana",133949,58251.0,19086
2015,County,LA-Madison,22065,1994.0,946.6328,"Madison Parish, Louisiana",11873,23854.0,3962
2015,County,LA-Morehouse,22067,6304.0,888.1103,"Morehouse Parish, Louisiana",27012,28003.0,7432
2015,County,LA-Natchitoches,22069,7469.0,801.7196,"Natchitoches Parish, Louisiana",39330,31345.0,11208
2015,County,LA-Orleans,22071,59971.0,936.0832,"Orleans Parish, Louisiana",376738,36792.0,98823
2015,County,LA-Ouachita,22073,27745.0,815.3366,"Ouachita Parish, Louisiana",155769,37754.0,36312
2015,County,LA-Plaquemines,22075,3488.0,702.8405,"Plaquemines Parish, Louisiana",23599,50314.0,3775
2015,County,LA-Pointe Coupee,22077,4665.0,886.3346,"Pointe Coupee Parish, Louisiana",22498,43825.0,4368
2015,County,LA-Rapides,22079,27459.0,840.1776,"Rapides Parish, Louisiana",132225,40734.0,26645
2015,County,LA-Red River,22081,1669.0,877.2803,"Red River Parish, Louisiana",8838,38000.0,1937
2015,County,LA-Richland,22083,4290.0,824.9126,"Richland Parish, Louisiana",20777,36421.0,4154
2015,County,LA-Sabine,22085,5408.0,737.9051,"Sabine Parish, Louisiana",24248,38828.0,4626
2015,County,LA-St. Bernard,22087,5995.0,959.619,"St. Bernard Parish, Louisiana",42858,42753.0,8209
2015,County,LA-St. Charles,22089,8238.0,881.1659,"St. Charles Parish, Louisiana",52639,59990.0,6152
2015,County,LA-St. Helena,22091,2948.0,1168.035,"St. Helena Parish, Louisiana",10818,35437.0,2854
2015,County,LA-St. James,22093,4138.0,915.8924,"St. James Parish, Louisiana",21650,51107.0,3841
2015,County,LA-St. John the Baptist,22095,7773.0,958.2062,"St. John the Baptist Parish, Louisiana",44161,50921.0,7893
2015,County,LA-St. Landry,22097,18413.0,886.1789,"St. Landry Parish, Louisiana",83613,32625.0,22970
2015,County,LA-St. Martin,22099,9764.0,893.8311,"St. Martin Parish, Louisiana",53126,42794.0,9388
2015,County,LA-St. Mary,22101,10541.0,1040.1647,"St. Mary Parish, Louisiana",53441,40781.0,11746
2015,County,LA-St. Tammany,22103,46912.0,790.3491,"St. Tammany Parish, Louisiana",242960,62137.0,27482
2015,County,LA-Tangipahoa,22105,21509.0,973.2755,"Tangipahoa Parish, Louisiana",125486,41302.0,26962
2015,County,LA-Tensas,22107,1134.0,788.5714,"Tensas Parish, Louisiana",4893,22940.0,1685
2015,County,LA-Terrebonne,22109,20019.0,861.4186,"Terrebonne Parish, Louisiana",112742,47826.0,21627
2015,County,LA-Union,22111,5060.0,789.459,"Union Parish, Louisiana",22533,34992.0,6166
2015,County,LA-Vermilion,22113,10823.0,760.148,"Vermilion Parish, Louisiana",59110,45374.0,10379
2015,County,LA-Vernon,22115,7341.0,819.2946,"Vernon Parish, Louisiana",52476,46312.0,7403
2015,County,LA-Washington,22117,10538.0,1075.9166,"Washington Parish, Louisiana",46556,30705.0,11811
2015,County,LA-Webster,22119,9480.0,841.6822,"Webster Parish, Louisiana",40617,33681.0,9327
2015,County,LA-West Baton Rouge,22121,4069.0,740.6323,"West Baton Rouge Parish, Louisiana",24669,53703.0,4662
2015,County,LA-West Carroll,22123,2634.0,819.5825,"West Carroll Parish, Louisiana",11454,31926.0,2746
2015,County,LA-West Feliciana,22125,1963.0,690.7776,"West Feliciana Parish, Louisiana",15415,56685.0,1914
2015,County,LA-Winn,22127,3058.0,969.9054,"Winn Parish, Louisiana",14855,31087.0,3466
2015,County,MA-Barnstable,25001,72438.0,687.9679,"Barnstable County, Massachusetts",214766,63251.0,18392
2015,County,MA-Berkshire,25003,33735.0,815.6111,"Berkshire County, Massachusetts",129288,49956.0,16038
2015,County,MA-Bristol,25005,117154.0,856.7711,"Bristol County, Massachusetts",552763,56842.0,68016
2015,County,MA-Dukes,25007,4438.0,835.2971,"Dukes County, Massachusetts",17048,64222.0,1970
2015,County,MA-Essex,25009,151860.0,732.793,"Essex County, Massachusetts",763849,69068.0,85417
2015,County,MA-Franklin,25011,16998.0,752.4069,"Franklin County, Massachusetts",71144,55221.0,8210
2015,County,MA-Hampden,25013,99046.0,787.2079,"Hampden County, Massachusetts",468041,50461.0,79308
2015,County,MA-Hampshire,25015,31052.0,640.6997,"Hampshire County, Massachusetts",160759,61368.0,20317
2015,County,MA-Middlesex,25017,263408.0,716.1356,"Middlesex County, Massachusetts",1556116,85118.0,124958
2015,County,MA-Nantucket,25019,1792.0,797.0551,"Nantucket County, Massachusetts",10556,84057.0,1205
2015,County,MA-Norfolk,25021,127440.0,703.0939,"Norfolk County, Massachusetts",687721,88262.0,44199
2015,County,MA-Plymouth,25023,103481.0,726.9903,"Plymouth County, Massachusetts",503681,75459.0,40309
2015,County,MA-Suffolk,25025,105894.0,858.2352,"Suffolk County, Massachusetts",758919,55044.0,148278
2015,County,MA-Worcester,25027,149675.0,747.5471,"Worcester County, Massachusetts",810935,65313.0,92288
2015,County,MD-Allegany,24001,17261.0,770.7218,"Allegany County, Maryland",73549,40551.0,11927
2015,County,MD-Anne Arundel,24003,89410.0,601.7312,"Anne Arundel County, Maryland",555280,89860.0,31573
2015,County,MD-Baltimore,24005,156491.0,651.2358,"Baltimore County, Maryland",822959,67095.0,75464
2015,County,MD-Baltimore City,24510,102245.0,1081.0839,"Baltimore city, Maryland",622454,42241.0,141654
2015,County,MD-Calvert,24009,14410.0,707.3232,"Calvert County, Maryland",90114,95828.0,5207
2015,County,MD-Caroline,24011,6521.0,804.22,"Caroline County, Maryland",32661,52465.0,5086
2015,County,MD-Carroll,24013,31234.0,593.5823,"Carroll County, Maryland",167444,85385.0,9205
2015,County,MD-Cecil,24015,18129.0,752.9632,"Cecil County, Maryland",101960,66396.0,10179
2015,County,MD-Charles,24017,21130.0,740.15,"Charles County, Maryland",152754,90607.0,11905
2015,County,MD-Dorchester,24019,7867.0,866.8664,"Dorchester County, Maryland",32534,47093.0,5275
2015,County,MD-Frederick,24021,38001.0,574.0314,"Frederick County, Maryland",241373,83700.0,16204
2015,County,MD-Garrett,24023,6924.0,718.5838,"Garrett County, Maryland",29813,45432.0,3615
2015,County,MD-Harford,24025,44636.0,621.3139,"Harford County, Maryland",248966,80465.0,19854
2015,County,MD-Howard,24027,42248.0,491.6889,"Howard County, Maryland",304115,110238.0,15759
2015,County,MD-Kent,24029,5925.0,714.4191,"Kent County, Maryland",19923,58147.0,2051
2015,County,MD-Montgomery,24031,151990.0,526.0537,"Montgomery County, Maryland",1017859,99435.0,67820
2015,County,MD-Prince George's,24033,122434.0,718.9577,"Prince George's County, Maryland",892816,74260.0,84018
2015,County,MD-Queen Anne's,24035,9353.0,673.4389,"Queen Anne's County, Maryland",48600,85963.0,3588
2015,County,MD-Somerset,24039,4826.0,822.8401,"Somerset County, Maryland",25980,35154.0,4681
2015,County,MD-St. Mary's,24037,15323.0,785.6269,"St. Mary's County, Maryland",109614,86987.0,8384
2015,County,MD-Talbot,24041,10852.0,653.0485,"Talbot County, Maryland",37799,58228.0,4202
2015,County,MD-Washington,24043,29765.0,690.0256,"Washington County, Maryland",149270,56228.0,18094
2015,County,MD-Wicomico,24045,18443.0,849.9171,"Wicomico County, Maryland",101182,52278.0,15493
2015,County,MD-Worcester,24047,14807.0,737.246,"Worcester County, Maryland",51519,56773.0,5567
2015,County,ME-Androscoggin,23001,24375.0,915.7358,"Androscoggin County, Maine",107393,47537.0,16332
2015,County,ME-Aroostook,23003,19800.0,996.317,"Aroostook County, Maine",70005,36923.0,12608
2015,County,ME-Cumberland,23005,60321.0,717.6331,"Cumberland County, Maine",286119,60051.0,32339
2015,County,ME-Franklin,23007,7474.0,707.3609,"Franklin County, Maine",30402,42811.0,4318
2015,County,ME-Hancock,23009,14255.0,743.6116,"Hancock County, Maine",54658,47030.0,7196
2015,County,ME-Kennebec,23011,30863.0,806.4683,"Kennebec County, Maine",121112,46917.0,16256
2015,County,ME-Knox,23013,11030.0,785.0154,"Knox County, Maine",39723,50693.0,4304
2015,County,ME-Lincoln,23015,10319.0,758.282,"Lincoln County, Maine",34156,50462.0,4073
2015,County,ME-Oxford,23017,14806.0,842.9206,"Oxford County, Maine",57421,40630.0,9911
2015,County,ME-Penobscot,23019,35520.0,843.5179,"Penobscot County, Maine",153437,44271.0,24933
2015,County,ME-Piscataquis,23021,5202.0,826.9567,"Piscataquis County, Maine",17156,37495.0,3520
2015,County,ME-Sagadahoc,23023,8740.0,679.3576,"Sagadahoc County, Maine",35092,53298.0,4200
2015,County,ME-Somerset,23025,12186.0,965.6291,"Somerset County, Maine",51577,40066.0,8907
2015,County,ME-Waldo,23027,10046.0,727.1533,"Waldo County, Maine",38976,44082.0,6243
2015,County,ME-Washington,23029,9348.0,981.9142,"Washington County, Maine",32191,38083.0,5946
2015,County,ME-York,23031,47160.0,729.848,"York County, Maine",199682,57919.0,19192
2015,County,MI-Alcona,26001,4420.0,544.6284,"Alcona County, Michigan",10550,38033.0,1575
2015,County,MI-Alger,26003,2644.0,646.8571,"Alger County, Michigan",9476,39300.0,1213
2015,County,MI-Allegan,26005,21321.0,792.3911,"Allegan County, Michigan",112837,54264.0,14185
2015,County,MI-Alpena,26007,8748.0,695.9013,"Alpena County, Michigan",29068,38829.0,4898
2015,County,MI-Antrim,26009,7041.0,621.0619,"Antrim County, Michigan",23267,46845.0,3316
2015,County,MI-Arenac,26011,4622.0,763.308,"Arenac County, Michigan",15424,38307.0,3013
2015,County,MI-Baraga,26013,1931.0,648.7915,"Baraga County, Michigan",8690,39803.0,992
2015,County,MI-Barry,26015,12571.0,750.0402,"Barry County, Michigan",59147,55064.0,6377
2015,County,MI-Bay,26017,25812.0,733.2237,"Bay County, Michigan",106698,45583.0,15804
2015,County,MI-Benzie,26019,5079.0,663.2173,"Benzie County, Michigan",17437,47388.0,1989
2015,County,MI-Berrien,26021,35288.0,658.7131,"Berrien County, Michigan",155565,44993.0,26719
2015,County,MI-Branch,26023,9374.0,756.3596,"Branch County, Michigan",43706,44373.0,7310
2015,County,MI-Calhoun,26025,30369.0,730.9136,"Calhoun County, Michigan",134790,42520.0,22931
2015,County,MI-Cass,26027,12072.0,648.8519,"Cass County, Michigan",51952,46570.0,7576
2015,County,MI-Charlevoix,26029,6981.0,710.6131,"Charlevoix County, Michigan",26134,46554.0,3181
2015,County,MI-Cheboygan,26031,8046.0,664.8746,"Cheboygan County, Michigan",25690,40219.0,4595
2015,County,MI-Chippewa,26033,7987.0,697.0622,"Chippewa County, Michigan",38586,41993.0,6485
2015,County,MI-Clare,26035,9144.0,851.7545,"Clare County, Michigan",30710,33015.0,7895
2015,County,MI-Clinton,26037,13581.0,597.2835,"Clinton County, Michigan",76905,60909.0,8933
2015,County,MI-Crawford,26039,3844.0,853.5943,"Crawford County, Michigan",13895,41743.0,2073
2015,County,MI-Delta,26041,10331.0,589.886,"Delta County, Michigan",36712,42031.0,6227
2015,County,MI-Dickinson,26043,6791.0,600.6904,"Dickinson County, Michigan",26012,43779.0,3523
2015,County,MI-Eaton,26045,22325.0,727.0286,"Eaton County, Michigan",108341,54993.0,11524
2015,County,MI-Emmet,26047,8182.0,559.9781,"Emmet County, Michigan",33018,51018.0,3506
2015,County,MI-Genesee,26049,88452.0,781.575,"Genesee County, Michigan",415874,42327.0,85696
2015,County,MI-Gladwin,26051,8169.0,802.3193,"Gladwin County, Michigan",25501,38021.0,5211
2015,County,MI-Gogebic,26053,4439.0,799.0039,"Gogebic County, Michigan",15824,35686.0,2859
2015,County,MI-Grand Traverse,26055,20042.0,763.1034,"Grand Traverse County, Michigan",89907,52950.0,9575
2015,County,MI-Gratiot,26057,8491.0,743.388,"Gratiot County, Michigan",41878,41912.0,6792
2015,County,MI-Hillsdale,26059,9965.0,751.3506,"Hillsdale County, Michigan",46178,41961.0,8982
2015,County,MI-Houghton,26061,7443.0,713.8709,"Houghton County, Michigan",36660,37776.0,7406
2015,County,MI-Huron,26063,9154.0,826.468,"Huron County, Michigan",32290,42161.0,4486
2015,County,MI-Ingham,26065,46038.0,750.579,"Ingham County, Michigan",283491,45679.0,59468
2015,County,MI-Ionia,26067,10936.0,768.4524,"Ionia County, Michigan",64064,49124.0,9084
2015,County,MI-Iosco,26069,8998.0,761.4492,"Iosco County, Michigan",25401,37317.0,4395
2015,County,MI-Iron,26071,3833.0,743.6587,"Iron County, Michigan",11507,33663.0,1749
2015,County,MI-Isabella,26073,10323.0,920.5663,"Isabella County, Michigan",70669,39377.0,19390
2015,County,MI-Jackson,26075,33580.0,797.4793,"Jackson County, Michigan",159759,46326.0,25464
2015,County,MI-Kalamazoo,26077,46277.0,754.9783,"Kalamazoo County, Michigan",256752,47476.0,45473
2015,County,MI-Kalkaska,26079,4439.0,893.8367,"Kalkaska County, Michigan",17230,40534.0,2875
2015,County,MI-Kent,26081,102332.0,934.936,"Kent County, Michigan",622590,53063.0,93489
2015,County,MI-Keweenaw,26083,744.0,621.0317,"Keweenaw County, Michigan",2198,37813.0,336
2015,County,MI-Lake,26085,3726.0,906.3945,"Lake County, Michigan",11426,30439.0,3164
2015,County,MI-Lapeer,26087,18328.0,671.4611,"Lapeer County, Michigan",88235,52996.0,9152
2015,County,MI-Leelanau,26089,6642.0,544.6336,"Leelanau County, Michigan",21772,56189.0,2245
2015,County,MI-Lenawee,26091,22071.0,765.4202,"Lenawee County, Michigan",98902,48043.0,13427
2015,County,MI-Livingston,26093,34189.0,680.505,"Livingston County, Michigan",184591,75204.0,10895
2015,County,MI-Luce,26095,1622.0,753.9964,"Luce County, Michigan",6477,37088.0,1059
2015,County,MI-Mackinac,26097,3338.0,733.2722,"Mackinac County, Michigan",11044,38434.0,1730
2015,County,MI-Macomb,26099,170500.0,749.5519,"Macomb County, Michigan",854689,54582.0,106546
2015,County,MI-Manistee,26101,7205.0,886.9849,"Manistee County, Michigan",24536,41395.0,3918
2015,County,MI-Marquette,26103,14546.0,628.0713,"Marquette County, Michigan",67582,45409.0,10689
2015,County,MI-Mason,26105,7851.0,903.8604,"Mason County, Michigan",28711,42024.0,4861
2015,County,MI-Mecosta,26107,9162.0,813.0688,"Mecosta County, Michigan",43301,41889.0,9338
2015,County,MI-Menominee,26109,6125.0,663.4024,"Menominee County, Michigan",23717,40373.0,3774
2015,County,MI-Midland,26111,17307.0,659.6692,"Midland County, Michigan",83624,54059.0,10955
2015,County,MI-Missaukee,26113,3570.0,632.1885,"Missaukee County, Michigan",14988,41098.0,2490
2015,County,MI-Monroe,26115,30698.0,785.2367,"Monroe County, Michigan",150436,55653.0,16860
2015,County,MI-Montcalm,26117,13521.0,913.0383,"Montcalm County, Michigan",63004,41584.0,10924
2015,County,MI-Montmorency,26119,3725.0,514.2423,"Montmorency County, Michigan",9401,36250.0,1568
2015,County,MI-Muskegon,26121,37606.0,983.0957,"Muskegon County, Michigan",171483,42829.0,31550
2015,County,MI-Newaygo,26123,11437.0,907.013,"Newaygo County, Michigan",48029,43693.0,8605
2015,County,MI-Oakland,26125,231595.0,699.8969,"Oakland County, Michigan",1229503,67465.0,123086
2015,County,MI-Oceana,26127,6492.0,792.2961,"Oceana County, Michigan",26229,41617.0,5285
2015,County,MI-Ogemaw,26129,6742.0,664.9869,"Ogemaw County, Michigan",21222,36063.0,4537
2015,County,MI-Ontonagon,26131,2402.0,684.472,"Ontonagon County, Michigan",6298,34459.0,967
2015,County,MI-Osceola,26133,5936.0,854.4352,"Osceola County, Michigan",23234,38999.0,5032
2015,County,MI-Oscoda,26135,2840.0,712.0268,"Oscoda County, Michigan",8444,33021.0,1656
2015,County,MI-Otsego,26137,6071.0,685.5906,"Otsego County, Michigan",24141,48917.0,3270
2015,County,MI-Ottawa,26139,46564.0,776.3619,"Ottawa County, Michigan",273136,58989.0,27361
2015,County,MI-Presque Isle,26141,4580.0,547.7204,"Presque Isle County, Michigan",13037,41213.0,1761
2015,County,MI-Roscommon,26143,9487.0,689.2197,"Roscommon County, Michigan",24068,35133.0,4885
2015,County,MI-Saginaw,26145,44918.0,926.5688,"Saginaw County, Michigan",196479,43042.0,34825
2015,County,MI-Sanilac,26151,10311.0,822.2973,"Sanilac County, Michigan",42014,41100.0,6522
2015,County,MI-Schoolcraft,26153,2368.0,688.6121,"Schoolcraft County, Michigan",8288,34118.0,1735
2015,County,MI-Shiawassee,26155,15255.0,727.6897,"Shiawassee County, Michigan",69113,48233.0,9790
2015,County,MI-St. Clair,26147,35434.0,741.8206,"St. Clair County, Michigan",160429,49730.0,23128
2015,County,MI-St. Joseph,26149,12763.0,709.5471,"St. Joseph County, Michigan",61022,44449.0,10319
2015,County,MI-Tuscola,26157,13253.0,796.5971,"Tuscola County, Michigan",54420,43768.0,8317
2015,County,MI-Van Buren,26159,16166.0,749.529,"Van Buren County, Michigan",75351,46008.0,14029
2015,County,MI-Washtenaw,26161,54682.0,710.9211,"Washtenaw County, Michigan",354092,61003.0,51965
2015,County,MI-Wayne,26163,329984.0,882.7076,"Wayne County, Michigan",1778969,41210.0,440449
2015,County,MI-Wexford,26165,7831.0,776.3525,"Wexford County, Michigan",32751,41534.0,5631
2015,County,MN-Aitkin,27001,4617.0,806.7797,"Aitkin County, Minnesota",15839,42252.0,1937
2015,County,MN-Anoka,27003,52534.0,773.6777,"Anoka County, Minnesota",338764,70873.0,25925
2015,County,MN-Becker,27005,8138.0,637.6448,"Becker County, Minnesota",33138,52038.0,4160
2015,County,MN-Beltrami,27007,8229.0,760.8534,"Beltrami County, Minnesota",45434,44757.0,8118
2015,County,MN-Benton,27009,6656.0,877.7648,"Benton County, Minnesota",39221,52178.0,5732
2015,County,MN-Big Stone,27011,1477.0,512.9683,"Big Stone County, Minnesota",5134,47794.0,719
2015,County,MN-Blue Earth,27013,10422.0,685.6517,"Blue Earth County, Minnesota",65125,50061.0,11745
2015,County,MN-Brown,27015,6085.0,638.2759,"Brown County, Minnesota",25391,52598.0,1887
2015,County,MN-Carlton,27017,7320.0,751.5075,"Carlton County, Minnesota",35443,53227.0,4727
2015,County,MN-Carver,27019,11997.0,657.6674,"Carver County, Minnesota",95715,86323.0,4172
2015,County,MN-Cass,27021,8963.0,598.8746,"Cass County, Minnesota",28519,46531.0,4656
2015,County,MN-Chippewa,27023,2654.0,563.745,"Chippewa County, Minnesota",12154,50858.0,1454
2015,County,MN-Chisago,27025,9286.0,751.8469,"Chisago County, Minnesota",53834,71001.0,2889
2015,County,MN-Clay,27027,9590.0,760.6061,"Clay County, Minnesota",60879,57965.0,7202
2015,County,MN-Clearwater,27029,2034.0,820.2381,"Clearwater County, Minnesota",8752,43421.0,1451
2015,County,MN-Cook,27031,1544.0,456.6563,"Cook County, Minnesota",5194,52299.0,588
2015,County,MN-Cottonwood,27033,2986.0,568.3099,"Cottonwood County, Minnesota",11632,46750.0,1905
2015,County,MN-Crow Wing,27035,16449.0,773.3608,"Crow Wing County, Minnesota",63048,49435.0,7028
2015,County,MN-Dakota,27037,61937.0,652.9088,"Dakota County, Minnesota",408456,75567.0,31270
2015,County,MN-Dodge,27039,3224.0,566.3591,"Dodge County, Minnesota",20290,68116.0,1342
2015,County,MN-Douglas,27041,9999.0,760.8158,"Douglas County, Minnesota",36620,54531.0,3438
2015,County,MN-Faribault,27043,3743.0,618.3155,"Faribault County, Minnesota",14230,47540.0,1878
2015,County,MN-Fillmore,27045,4792.0,525.15,"Fillmore County, Minnesota",20843,51665.0,2280
2015,County,MN-Freeborn,27047,7811.0,750.3251,"Freeborn County, Minnesota",30897,47105.0,3679
2015,County,MN-Goodhue,27049,9902.0,702.8807,"Goodhue County, Minnesota",46377,57062.0,5104
2015,County,MN-Grant,27051,1680.0,600.8345,"Grant County, Minnesota",5961,50174.0,533
2015,County,MN-Hennepin,27053,186495.0,771.8666,"Hennepin County, Minnesota",1197776,65834.0,146382
2015,County,MN-Houston,27055,4357.0,614.3476,"Houston County, Minnesota",18812,53809.0,2031
2015,County,MN-Hubbard,27057,5625.0,656.6723,"Hubbard County, Minnesota",20574,47486.0,2368
2015,County,MN-Isanti,27059,6984.0,825.1252,"Isanti County, Minnesota",38296,59865.0,2802
2015,County,MN-Itasca,27061,11817.0,726.5566,"Itasca County, Minnesota",45354,47761.0,6018
2015,County,MN-Jackson,27063,2361.0,584.8153,"Jackson County, Minnesota",10211,50574.0,1085
2015,County,MN-Kanabec,27065,3735.0,938.1378,"Kanabec County, Minnesota",16003,47384.0,2242
2015,County,MN-Kandiyohi,27067,9172.0,628.6044,"Kandiyohi County, Minnesota",42444,52632.0,4877
2015,County,MN-Kittson,27069,1123.0,667.3428,"Kittson County, Minnesota",4480,52326.0,474
2015,County,MN-Koochiching,27071,3625.0,850.1567,"Koochiching County, Minnesota",13054,42919.0,1937
2015,County,MN-Lac qui Parle,27073,1862.0,565.337,"Lac qui Parle County, Minnesota",7023,49903.0,561
2015,County,MN-Lake,27075,3022.0,736.7347,"Lake County, Minnesota",10750,48417.0,1364
2015,County,MN-Lake of the Woods,27077,1048.0,586.4979,"Lake of the Woods County, Minnesota",3949,42263.0,363
2015,County,MN-Le Sueur,27079,5014.0,719.317,"Le Sueur County, Minnesota",27707,60632.0,2482
2015,County,MN-Lincoln,27081,1498.0,491.6667,"Lincoln County, Minnesota",5808,49575.0,524
2015,County,MN-Lyon,27083,4736.0,549.6714,"Lyon County, Minnesota",25699,51600.0,3456
2015,County,MN-Mahnomen,27087,949.0,1086.7679,"Mahnomen County, Minnesota",5496,41118.0,1350
2015,County,MN-Marshall,27089,2134.0,633.6528,"Marshall County, Minnesota",9453,54092.0,734
2015,County,MN-Martin,27091,5384.0,756.7678,"Martin County, Minnesota",20350,51391.0,2286
2015,County,MN-McLeod,27085,7442.0,667.4887,"McLeod County, Minnesota",36046,56128.0,2866
2015,County,MN-Meeker,27093,4934.0,571.6235,"Meeker County, Minnesota",23129,55042.0,2282
2015,County,MN-Mille Lacs,27095,5993.0,890.8418,"Mille Lacs County, Minnesota",25809,49094.0,3080
2015,County,MN-Morrison,27097,7278.0,636.0669,"Morrison County, Minnesota",32962,50049.0,3687
2015,County,MN-Mower,27099,8584.0,811.7966,"Mower County, Minnesota",39227,49427.0,5410
2015,County,MN-Murray,27101,2193.0,583.4633,"Murray County, Minnesota",8529,51983.0,771
2015,County,MN-Nicollet,27103,5633.0,660.1008,"Nicollet County, Minnesota",33086,58640.0,3814
2015,County,MN-Nobles,27105,3954.0,655.3535,"Nobles County, Minnesota",21687,50625.0,3320
2015,County,MN-Norman,27107,1666.0,596.01,"Norman County, Minnesota",6692,50377.0,846
2015,County,MN-Olmsted,27109,25255.0,588.3854,"Olmsted County, Minnesota",148736,68023.0,13237
2015,County,MN-Otter Tail,27111,15164.0,619.0123,"Otter Tail County, Minnesota",57511,52365.0,5635
2015,County,MN-Pennington,27113,2851.0,637.2454,"Pennington County, Minnesota",14110,47127.0,1286
2015,County,MN-Pine,27115,6587.0,797.166,"Pine County, Minnesota",29218,44549.0,4015
2015,County,MN-Pipestone,27117,2107.0,474.3893,"Pipestone County, Minnesota",9354,46990.0,1182
2015,County,MN-Polk,27119,6630.0,811.0964,"Polk County, Minnesota",31547,53326.0,3987
2015,County,MN-Pope,27121,2745.0,694.7754,"Pope County, Minnesota",10948,52785.0,1011
2015,County,MN-Ramsey,27123,86776.0,761.2535,"Ramsey County, Minnesota",527411,56104.0,84589
2015,County,MN-Red Lake,27125,880.0,520.362,"Red Lake County, Minnesota",4061,50332.0,431
2015,County,MN-Redwood,27127,3612.0,678.5714,"Redwood County, Minnesota",15723,47211.0,1825
2015,County,MN-Renville,27129,3472.0,563.5198,"Renville County, Minnesota",15171,52149.0,1646
2015,County,MN-Rice,27131,11072.0,703.7419,"Rice County, Minnesota",64886,59598.0,6469
2015,County,MN-Rock,27133,2248.0,593.5919,"Rock County, Minnesota",9563,51496.0,1067
2015,County,MN-Roseau,27135,3013.0,818.3882,"Roseau County, Minnesota",15615,53199.0,1637
2015,County,MN-Scott,27139,16130.0,716.0735,"Scott County, Minnesota",137322,87794.0,7747
2015,County,MN-Sherburne,27141,12251.0,789.6371,"Sherburne County, Minnesota",90401,74170.0,6966
2015,County,MN-Sibley,27143,3108.0,706.2818,"Sibley County, Minnesota",15021,56990.0,1584
2015,County,MN-St. Louis,27137,44638.0,819.4516,"St. Louis County, Minnesota",200506,48331.0,30869
2015,County,MN-Stearns,27145,25637.0,587.0947,"Stearns County, Minnesota",152595,56336.0,19570
2015,County,MN-Steele,27147,7114.0,758.1213,"Steele County, Minnesota",36523,57858.0,3721
2015,County,MN-Stevens,27149,1763.0,521.0177,"Stevens County, Minnesota",9771,52302.0,1727
2015,County,MN-Swift,27151,2241.0,575.8718,"Swift County, Minnesota",9525,49035.0,1167
2015,County,MN-Todd,27153,5542.0,678.209,"Todd County, Minnesota",24466,46414.0,3548
2015,County,MN-Traverse,27155,966.0,620.4082,"Traverse County, Minnesota",3429,49186.0,341
2015,County,MN-Wabasha,27157,4715.0,548.1764,"Wabasha County, Minnesota",21381,56510.0,1547
2015,County,MN-Wadena,27159,3791.0,809.7595,"Wadena County, Minnesota",13759,41906.0,2211
2015,County,MN-Waseca,27161,4014.0,614.0119,"Waseca County, Minnesota",19076,53564.0,1544
2015,County,MN-Washington,27163,39162.0,631.1993,"Washington County, Minnesota",246670,83706.0,13109
2015,County,MN-Watonwan,27165,2352.0,736.2924,"Watonwan County, Minnesota",11054,50604.0,1182
2015,County,MN-Wilkin,27167,1454.0,655.0152,"Wilkin County, Minnesota",6526,51476.0,627
2015,County,MN-Winona,27169,9087.0,766.8232,"Winona County, Minnesota",51213,50547.0,6933
2015,County,MN-Wright,27171,18178.0,727.0979,"Wright County, Minnesota",128691,73557.0,7846
2015,County,MN-Yellow Medicine,27173,2453.0,538.9408,"Yellow Medicine County, Minnesota",10092,53041.0,1175
2015,County,MO-Adair,29001,4475.0,691.3133,"Adair County, Missouri",25560,37516.0,6105
2015,County,MO-Andrew,29003,3221.0,565.2332,"Andrew County, Missouri",17328,55613.0,1531
2015,County,MO-Atchison,29005,1486.0,758.4906,"Atchison County, Missouri",5440,43933.0,693
2015,County,MO-Audrain,29007,5419.0,687.7296,"Audrain County, Missouri",25783,41310.0,4401
2015,County,MO-Barry,29009,8336.0,830.0103,"Barry County, Missouri",35726,39033.0,7072
2015,County,MO-Barton,29011,2957.0,888.3827,"Barton County, Missouri",12166,37467.0,2910
2015,County,MO-Bates,29013,3963.0,895.4451,"Bates County, Missouri",16643,41060.0,2996
2015,County,MO-Benton,29015,6508.0,556.9323,"Benton County, Missouri",18854,33042.0,3540
2015,County,MO-Bollinger,29017,3006.0,646.4315,"Bollinger County, Missouri",12356,39707.0,2654
2015,County,MO-Boone,29019,24387.0,629.077,"Boone County, Missouri",170770,49899.0,31824
2015,County,MO-Buchanan,29021,17409.0,679.2702,"Buchanan County, Missouri",89561,46315.0,15456
2015,County,MO-Butler,29023,10818.0,814.2383,"Butler County, Missouri",42951,35738.0,8942
2015,County,MO-Caldwell,29025,1953.0,522.1932,"Caldwell County, Missouri",9083,43691.0,1186
2015,County,MO-Callaway,29027,8700.0,742.0752,"Callaway County, Missouri",44566,47744.0,5865
2015,County,MO-Camden,29029,12056.0,616.5095,"Camden County, Missouri",43927,44816.0,7516
2015,County,MO-Cape Girardeau,29031,15213.0,686.6277,"Cape Girardeau County, Missouri",77606,46050.0,13626
2015,County,MO-Carroll,29033,2328.0,765.8537,"Carroll County, Missouri",9096,42415.0,1273
2015,County,MO-Carter,29035,1663.0,584.2105,"Carter County, Missouri",6284,33034.0,1319
2015,County,MO-Cass,29037,18936.0,765.1857,"Cass County, Missouri",100781,61584.0,9805
2015,County,MO-Cedar,29039,3901.0,697.4294,"Cedar County, Missouri",13892,31532.0,3381
2015,County,MO-Chariton,29041,1944.0,576.1139,"Chariton County, Missouri",7650,40642.0,1213
2015,County,MO-Christian,29043,15317.0,573.4176,"Christian County, Missouri",80904,53270.0,8879
2015,County,MO-Clark,29045,1672.0,697.5138,"Clark County, Missouri",6919,43883.0,928
2015,County,MO-Clay,29047,38855.0,652.8817,"Clay County, Missouri",230361,62099.0,20137
2015,County,MO-Clinton,29049,3973.0,640.6499,"Clinton County, Missouri",20498,54773.0,1856
2015,County,MO-Cole,29051,14013.0,679.9459,"Cole County, Missouri",76533,53088.0,9237
2015,County,MO-Cooper,29053,3700.0,741.573,"Cooper County, Missouri",17593,44549.0,2354
2015,County,MO-Crawford,29055,5935.0,796.9349,"Crawford County, Missouri",24660,36743.0,5093
2015,County,MO-Dade,29057,2047.0,491.5254,"Dade County, Missouri",7618,37035.0,1473
2015,County,MO-Dallas,29059,4267.0,625.7116,"Dallas County, Missouri",16564,38062.0,3577
2015,County,MO-Daviess,29061,1923.0,649.9683,"Daviess County, Missouri",8277,41642.0,1340
2015,County,MO-DeKalb,29063,2194.0,722.2222,"DeKalb County, Missouri",12782,41406.0,1391
2015,County,MO-Dent,29065,3972.0,807.842,"Dent County, Missouri",15612,36831.0,3642
2015,County,MO-Douglas,29067,3534.0,527.6691,"Douglas County, Missouri",13516,30508.0,2941
2015,County,MO-Dunklin,29069,7807.0,896.1391,"Dunklin County, Missouri",31562,31077.0,8536
2015,County,MO-Franklin,29071,21174.0,767.7471,"Franklin County, Missouri",101828,48480.0,11941
2015,County,MO-Gasconade,29073,3892.0,646.9231,"Gasconade County, Missouri",14948,42826.0,2316
2015,County,MO-Gentry,29075,1588.0,659.0909,"Gentry County, Missouri",6785,41912.0,1119
2015,County,MO-Greene,29077,56868.0,802.8266,"Greene County, Missouri",283206,41227.0,51533
2015,County,MO-Grundy,29079,2505.0,747.8613,"Grundy County, Missouri",10256,37656.0,2020
2015,County,MO-Harrison,29081,2205.0,869.6538,"Harrison County, Missouri",8722,39301.0,1485
2015,County,MO-Henry,29083,6159.0,683.5875,"Henry County, Missouri",22034,42181.0,4131
2015,County,MO-Hickory,29085,3289.0,575.1802,"Hickory County, Missouri",9335,32122.0,2394
2015,County,MO-Holt,29087,1188.0,537.9377,"Holt County, Missouri",4615,42500.0,555
2015,County,MO-Howard,29089,2135.0,543.6118,"Howard County, Missouri",10182,44820.0,1587
2015,County,MO-Howell,29091,10485.0,712.3522,"Howell County, Missouri",40326,32784.0,9158
2015,County,MO-Iron,29093,2845.0,949.619,"Iron County, Missouri",10322,36239.0,2293
2015,County,MO-Jackson,29095,121557.0,853.92,"Jackson County, Missouri",680905,46869.0,119678
2015,County,MO-Jasper,29097,22565.0,784.9483,"Jasper County, Missouri",117184,41811.0,19556
2015,County,MO-Jefferson,29099,41025.0,804.8364,"Jefferson County, Missouri",221577,55348.0,23937
2015,County,MO-Johnson,29101,7784.0,681.458,"Johnson County, Missouri",54155,49792.0,8407
2015,County,MO-Knox,29103,976.0,520.2781,"Knox County, Missouri",4035,38289.0,823
2015,County,MO-Laclede,29105,8466.0,888.557,"Laclede County, Missouri",35514,39712.0,6816
2015,County,MO-Lafayette,29107,7408.0,695.1798,"Lafayette County, Missouri",32916,50723.0,3706
2015,County,MO-Lawrence,29109,8799.0,772.6171,"Lawrence County, Missouri",38244,40597.0,7052
2015,County,MO-Lewis,29111,2162.0,608.6245,"Lewis County, Missouri",10172,43909.0,1215
2015,County,MO-Lincoln,29113,9408.0,823.5712,"Lincoln County, Missouri",53850,53718.0,7980
2015,County,MO-Linn,29115,3229.0,707.1376,"Linn County, Missouri",12401,37997.0,2196
2015,County,MO-Livingston,29117,3446.0,846.2614,"Livingston County, Missouri",15042,43350.0,2273
2015,County,MO-Macon,29121,3995.0,609.8917,"Macon County, Missouri",15460,36976.0,2895
2015,County,MO-Madison,29123,3256.0,762.3199,"Madison County, Missouri",12401,35097.0,2238
2015,County,MO-Maries,29125,1992.0,613.7092,"Maries County, Missouri",9057,39700.0,1721
2015,County,MO-Marion,29127,6598.0,699.1266,"Marion County, Missouri",28840,40814.0,5020
2015,County,MO-McDonald,29119,4059.0,719.7062,"McDonald County, Missouri",22763,38368.0,4876
2015,County,MO-Mercer,29129,899.0,630.8901,"Mercer County, Missouri",3718,40768.0,584
2015,County,MO-Miller,29131,5322.0,725.8105,"Miller County, Missouri",24956,38094.0,4942
2015,County,MO-Mississippi,29133,3119.0,694.4649,"Mississippi County, Missouri",14208,28347.0,3642
2015,County,MO-Moniteau,29135,2879.0,590.7871,"Moniteau County, Missouri",15801,47725.0,1885
2015,County,MO-Monroe,29137,2210.0,630.5525,"Monroe County, Missouri",8680,43138.0,1260
2015,County,MO-Montgomery,29139,2881.0,587.1301,"Montgomery County, Missouri",11939,39830.0,2025
2015,County,MO-Morgan,29141,5968.0,583.2081,"Morgan County, Missouri",20225,33525.0,4757
2015,County,MO-New Madrid,29143,3995.0,732.8726,"New Madrid County, Missouri",18411,33630.0,4094
2015,County,MO-Newton,29145,12077.0,675.7696,"Newton County, Missouri",58777,43290.0,8377
2015,County,MO-Nodaway,29147,3788.0,608.4084,"Nodaway County, Missouri",23186,35854.0,5682
2015,County,MO-Oregon,29149,2922.0,604.8998,"Oregon County, Missouri",10979,29851.0,2824
2015,County,MO-Osage,29151,2593.0,590.9746,"Osage County, Missouri",13758,52693.0,1139
2015,County,MO-Ozark,29153,2962.0,520.8655,"Ozark County, Missouri",9537,31399.0,2292
2015,County,MO-Pemiscot,29155,4096.0,913.9426,"Pemiscot County, Missouri",17837,29238.0,5068
2015,County,MO-Perry,29157,3878.0,709.2879,"Perry County, Missouri",19100,51499.0,1798
2015,County,MO-Pettis,29159,8621.0,720.9687,"Pettis County, Missouri",42215,39928.0,7484
2015,County,MO-Phelps,29161,8765.0,756.4646,"Phelps County, Missouri",45029,41618.0,8137
2015,County,MO-Pike,29163,3774.0,754.0323,"Pike County, Missouri",18517,41750.0,2482
2015,County,MO-Platte,29165,14926.0,588.9268,"Platte County, Missouri",93394,68254.0,7106
2015,County,MO-Polk,29167,6646.0,710.6259,"Polk County, Missouri",31107,41130.0,5515
2015,County,MO-Pulaski,29169,6005.0,600.2043,"Pulaski County, Missouri",53443,47931.0,5781
2015,County,MO-Putnam,29171,1405.0,652.5285,"Putnam County, Missouri",4895,36346.0,926
2015,County,MO-Ralls,29173,2425.0,537.429,"Ralls County, Missouri",10243,47345.0,1254
2015,County,MO-Randolph,29175,5237.0,788.4517,"Randolph County, Missouri",25135,37832.0,4395
2015,County,MO-Ray,29177,4834.0,703.3262,"Ray County, Missouri",23031,52526.0,3598
2015,County,MO-Reynolds,29179,1749.0,705.9649,"Reynolds County, Missouri",6578,35648.0,1361
2015,County,MO-Ripley,29181,3657.0,909.0305,"Ripley County, Missouri",13990,32444.0,3167
2015,County,MO-Saline,29195,4881.0,714.7123,"Saline County, Missouri",23334,40101.0,3808
2015,County,MO-Schuyler,29197,945.0,649.7525,"Schuyler County, Missouri",4395,37500.0,914
2015,County,MO-Scotland,29199,980.0,802.7682,"Scotland County, Missouri",4873,39772.0,730
2015,County,MO-Scott,29201,9646.0,759.6752,"Scott County, Missouri",39061,39162.0,7492
2015,County,MO-Shannon,29203,2106.0,691.0006,"Shannon County, Missouri",8317,32404.0,1938
2015,County,MO-Shelby,29205,1512.0,505.7034,"Shelby County, Missouri",6179,39087.0,1092
2015,County,MO-St. Charles,29183,62902.0,748.1934,"St. Charles County, Missouri",374805,72415.0,23022
2015,County,MO-St. Clair,29185,2771.0,590.604,"St. Clair County, Missouri",9520,32046.0,2156
2015,County,MO-St. Francois,29187,14805.0,957.9146,"St. Francois County, Missouri",66010,39741.0,11138
2015,County,MO-St. Louis,29189,199420.0,733.7361,"St. Louis County, Missouri",1001327,59755.0,106821
2015,County,MO-St. Louis City,29510,51590.0,982.2886,"St. Louis city, Missouri",317850,35599.0,83416
2015,County,MO-Ste. Genevieve,29186,3897.0,729.9342,"Ste. Genevieve County, Missouri",17990,47014.0,2540
2015,County,MO-Stoddard,29207,7698.0,813.1229,"Stoddard County, Missouri",29837,38203.0,4583
2015,County,MO-Stone,29209,9681.0,552.1297,"Stone County, Missouri",31375,40510.0,5147
2015,County,MO-Sullivan,29211,1531.0,702.1277,"Sullivan County, Missouri",6512,40197.0,1066
2015,County,MO-Taney,29213,13225.0,689.0865,"Taney County, Missouri",53555,38357.0,9825
2015,County,MO-Texas,29215,5862.0,734.6853,"Texas County, Missouri",25735,35088.0,5214
2015,County,MO-Vernon,29217,4583.0,836.4002,"Vernon County, Missouri",20878,40693.0,3764
2015,County,MO-Warren,29219,6657.0,657.5107,"Warren County, Missouri",33043,51133.0,4507
2015,County,MO-Washington,29221,5270.0,971.9071,"Washington County, Missouri",25048,35305.0,5030
2015,County,MO-Wayne,29223,3827.0,592.2297,"Wayne County, Missouri",13397,33750.0,2960
2015,County,MO-Webster,29225,7592.0,671.9424,"Webster County, Missouri",36690,44451.0,6733
2015,County,MO-Worth,29227,542.0,598.7903,"Worth County, Missouri",2082,45952.0,294
2015,County,MO-Wright,29229,4882.0,587.5308,"Wright County, Missouri",18449,29778.0,4594
2015,County,MS-Adams,28001,7275.0,799.8602,"Adams County, Mississippi",31979,28869.0,8898
2015,County,MS-Alcorn,28003,9216.0,933.6873,"Alcorn County, Mississippi",37319,36163.0,7752
2015,County,MS-Amite,28005,3293.0,748.366,"Amite County, Mississippi",12840,30704.0,2852
2015,County,MS-Attala,28007,4281.0,861.9359,"Attala County, Mississippi",19175,32886.0,4908
2015,County,MS-Benton,28009,1992.0,957.7805,"Benton County, Mississippi",8470,33141.0,1764
2015,County,MS-Bolivar,28011,7095.0,962.0338,"Bolivar County, Mississippi",33803,27585.0,11900
2015,County,MS-Calhoun,28013,3652.0,740.1112,"Calhoun County, Mississippi",14789,31098.0,3763
2015,County,MS-Carroll,28015,2706.0,774.538,"Carroll County, Mississippi",10338,37289.0,2086
2015,County,MS-Chickasaw,28017,4118.0,668.1325,"Chickasaw County, Mississippi",17391,30926.0,4493
2015,County,MS-Choctaw,28019,1809.0,830.887,"Choctaw County, Mississippi",8354,30692.0,2147
2015,County,MS-Claiborne,28021,1832.0,963.9369,"Claiborne County, Mississippi",9330,23259.0,3685
2015,County,MS-Clarke,28023,4135.0,876.4689,"Clarke County, Mississippi",16362,35993.0,3460
2015,County,MS-Clay,28025,4567.0,973.9474,"Clay County, Mississippi",20279,31669.0,5302
2015,County,MS-Coahoma,28027,5096.0,1171.1316,"Coahoma County, Mississippi",25254,28851.0,8420
2015,County,MS-Copiah,28029,6092.0,765.7591,"Copiah County, Mississippi",28921,35130.0,7629
2015,County,MS-Covington,28031,4205.0,924.1251,"Covington County, Mississippi",19471,31631.0,5162
2015,County,MS-DeSoto,28033,26324.0,684.1886,"DeSoto County, Mississippi",168586,58278.0,16338
2015,County,MS-Forrest,28035,13362.0,970.1013,"Forrest County, Mississippi",76267,36416.0,20179
2015,County,MS-Franklin,28037,1865.0,880.2211,"Franklin County, Mississippi",7857,38170.0,1464
2015,County,MS-George,28039,4363.0,916.5894,"George County, Mississippi",23104,44258.0,4154
2015,County,MS-Greene,28041,2416.0,1065.764,"Greene County, Mississippi",14129,40176.0,1566
2015,County,MS-Grenada,28043,5407.0,829.8774,"Grenada County, Mississippi",21591,31779.0,4733
2015,County,MS-Hancock,28045,9096.0,787.9768,"Hancock County, Mississippi",45627,43355.0,9807
2015,County,MS-Harrison,28047,36221.0,861.5706,"Harrison County, Mississippi",196268,41722.0,39569
2015,County,MS-Hinds,28049,41498.0,848.365,"Hinds County, Mississippi",245874,37324.0,61498
2015,County,MS-Holmes,28051,4091.0,938.0477,"Holmes County, Mississippi",18772,20732.0,7860
2015,County,MS-Humphreys,28053,1896.0,790.5792,"Humphreys County, Mississippi",8984,23216.0,3508
2015,County,MS-Issaquena,28055,170.0,768.7075,"Issaquena County, Mississippi",1291,23491.0,411
2015,County,MS-Itawamba,28057,5635.0,694.7286,"Itawamba County, Mississippi",23451,35004.0,4207
2015,County,MS-Jackson,28059,26900.0,874.6366,"Jackson County, Mississippi",140676,48406.0,21400
2015,County,MS-Jasper,28061,3934.0,729.3709,"Jasper County, Mississippi",16588,31578.0,3944
2015,County,MS-Jefferson,28063,1632.0,821.9178,"Jefferson County, Mississippi",7586,20743.0,3490
2015,County,MS-Jefferson Davis,28065,2726.0,994.863,"Jefferson Davis County, Mississippi",11941,26279.0,4028
2015,County,MS-Jones,28067,14220.0,831.047,"Jones County, Mississippi",68276,37143.0,15197
2015,County,MS-Kemper,28069,2002.0,954.1796,"Kemper County, Mississippi",10211,30056.0,2841
2015,County,MS-Lafayette,28071,7230.0,713.8009,"Lafayette County, Mississippi",51169,44643.0,11903
2015,County,MS-Lamar,28073,8677.0,715.7992,"Lamar County, Mississippi",58885,52035.0,9748
2015,County,MS-Lauderdale,28075,15241.0,758.9264,"Lauderdale County, Mississippi",79832,38132.0,17325
2015,County,MS-Lawrence,28077,3251.0,982.5961,"Lawrence County, Mississippi",12586,35634.0,2769
2015,County,MS-Leake,28079,4475.0,817.8904,"Leake County, Mississippi",23153,33452.0,6034
2015,County,MS-Lee,28081,17009.0,811.0353,"Lee County, Mississippi",85036,42784.0,15327
2015,County,MS-Leflore,28083,6094.0,1027.2381,"Leflore County, Mississippi",31516,24233.0,12558
2015,County,MS-Lincoln,28085,7514.0,872.7421,"Lincoln County, Mississippi",34765,36473.0,9091
2015,County,MS-Lowndes,28087,11700.0,1181.9847,"Lowndes County, Mississippi",59699,40239.0,13675
2015,County,MS-Madison,28089,16266.0,639.0743,"Madison County, Mississippi",100202,64376.0,13287
2015,County,MS-Marion,28091,5808.0,1077.141,"Marion County, Mississippi",26109,30668.0,7156
2015,County,MS-Marshall,28093,7521.0,873.3418,"Marshall County, Mississippi",36385,37419.0,6513
2015,County,MS-Monroe,28095,8727.0,894.8057,"Monroe County, Mississippi",36175,36783.0,7123
2015,County,MS-Montgomery,28097,2745.0,899.006,"Montgomery County, Mississippi",10464,30146.0,3058
2015,County,MS-Neshoba,28099,5973.0,1014.1069,"Neshoba County, Mississippi",29553,35645.0,6957
2015,County,MS-Newton,28101,4924.0,791.4244,"Newton County, Mississippi",21663,37045.0,4737
2015,County,MS-Noxubee,28103,2522.0,1064.086,"Noxubee County, Mississippi",11143,26677.0,3953
2015,County,MS-Oktibbeha,28105,6536.0,879.4626,"Oktibbeha County, Mississippi",49048,32485.0,14780
2015,County,MS-Panola,28107,7245.0,930.558,"Panola County, Mississippi",34373,36555.0,7793
2015,County,MS-Pearl River,28109,13270.0,863.8569,"Pearl River County, Mississippi",55196,40976.0,11590
2015,County,MS-Perry,28111,2782.0,961.9346,"Perry County, Mississippi",12187,34045.0,2287
2015,County,MS-Pike,28113,8767.0,994.2537,"Pike County, Mississippi",40075,31677.0,11334
2015,County,MS-Pontotoc,28115,6200.0,831.3755,"Pontotoc County, Mississippi",30517,40645.0,4903
2015,County,MS-Prentiss,28117,5746.0,1020.1149,"Prentiss County, Mississippi",25380,32945.0,5112
2015,County,MS-Quitman,28119,1730.0,1136.6048,"Quitman County, Mississippi",7761,24583.0,2982
2015,County,MS-Rankin,28121,26141.0,697.2698,"Rankin County, Mississippi",146761,58801.0,14067
2015,County,MS-Scott,28123,5658.0,763.0769,"Scott County, Mississippi",28293,32935.0,7743
2015,County,MS-Sharkey,28125,1120.0,785.9425,"Sharkey County, Mississippi",4805,30525.0,1380
2015,County,MS-Simpson,28127,5854.0,843.9747,"Simpson County, Mississippi",27401,35375.0,6985
2015,County,MS-Smith,28129,3398.0,803.3272,"Smith County, Mississippi",16257,32951.0,3813
2015,County,MS-Stone,28131,3610.0,855.4869,"Stone County, Mississippi",17978,45025.0,3103
2015,County,MS-Sunflower,28133,4885.0,968.0549,"Sunflower County, Mississippi",27911,27384.0,8458
2015,County,MS-Tallahatchie,28135,2802.0,804.5052,"Tallahatchie County, Mississippi",14959,29731.0,2609
2015,County,MS-Tate,28137,5726.0,735.3554,"Tate County, Mississippi",28415,42880.0,4656
2015,County,MS-Tippah,28139,5440.0,876.1354,"Tippah County, Mississippi",22054,35609.0,5311
2015,County,MS-Tishomingo,28141,5226.0,763.0923,"Tishomingo County, Mississippi",19539,35143.0,3146
2015,County,MS-Tunica,28143,1816.0,886.4985,"Tunica County, Mississippi",10477,31211.0,2824
2015,County,MS-Union,28145,6257.0,836.7942,"Union County, Mississippi",27811,35865.0,6170
2015,County,MS-Walthall,28147,3402.0,1025.9233,"Walthall County, Mississippi",14978,31384.0,4199
2015,County,MS-Warren,28149,9547.0,755.6474,"Warren County, Mississippi",48020,41121.0,10768
2015,County,MS-Washington,28151,10341.0,926.3696,"Washington County, Mississippi",49499,29144.0,17586
2015,County,MS-Wayne,28153,4236.0,943.0524,"Wayne County, Mississippi",20564,32557.0,5509
2015,County,MS-Webster,28155,2962.0,829.7074,"Webster County, Mississippi",9999,34448.0,2243
2015,County,MS-Wilkinson,28157,1976.0,750.3153,"Wilkinson County, Mississippi",9345,29931.0,2687
2015,County,MS-Winston,28159,4668.0,903.6791,"Winston County, Mississippi",18697,33202.0,5389
2015,County,MS-Yalobusha,28161,3756.0,707.4766,"Yalobusha County, Mississippi",12381,36502.0,2472
2015,County,MS-Yazoo,28163,5041.0,789.5631,"Yazoo County, Mississippi",27911,28961.0,8017
2015,County,MT-Beaverhead,30001,2182.0,658.4101,"Beaverhead County, Montana",9291,41512.0,1446
2015,County,MT-Big Horn,30003,1836.0,827.4148,"Big Horn County, Montana",13141,41622.0,3788
2015,County,MT-Blaine,30005,1107.0,454.1387,"Blaine County, Montana",6598,36744.0,1795
2015,County,MT-Broadwater,30007,1374.0,584.1889,"Broadwater County, Montana",5692,50115.0,556
2015,County,MT-Carbon,30009,2601.0,438.6818,"Carbon County, Montana",10268,49767.0,1137
2015,County,MT-Carter,30011,291.0,360.6557,"Carter County, Montana",1227,45000.0,141
2015,County,MT-Cascade,30013,17413.0,491.11,"Cascade County, Montana",82090,45205.0,12212
2015,County,MT-Chouteau,30015,1194.0,343.3668,"Chouteau County, Montana",5855,38521.0,1341
2015,County,MT-Custer,30017,2633.0,493.8664,"Custer County, Montana",11945,48750.0,1298
2015,County,MT-Daniels,30019,463.0,394.8598,"Daniels County, Montana",1758,49239.0,100
2015,County,MT-Dawson,30021,1781.0,605.0157,"Dawson County, Montana",9365,52738.0,1210
2015,County,MT-Deer Lodge,30023,2482.0,742.0949,"Deer Lodge County, Montana",9211,39399.0,1499
2015,County,MT-Fallon,30025,552.0,628.5714,"Fallon County, Montana",3057,53266.0,198
2015,County,MT-Fergus,30027,3050.0,576.5561,"Fergus County, Montana",11468,40881.0,1287
2015,County,MT-Flathead,30029,21127.0,438.0165,"Flathead County, Montana",93333,47851.0,12307
2015,County,MT-Gallatin,30031,13527.0,480.9594,"Gallatin County, Montana",95323,55553.0,12125
2015,County,MT-Garfield,30033,278.0,246.9636,"Garfield County, Montana",1047,39732.0,96
2015,County,MT-Glacier,30035,1951.0,607.4324,"Glacier County, Montana",13672,29640.0,4447
2015,County,MT-Golden Valley,30037,288.0,479.798,"Golden Valley County, Montana",756,40938.0,201
2015,County,MT-Granite,30039,916.0,455.0484,"Granite County, Montana",3168,48512.0,466
2015,County,MT-Hill,30041,2925.0,670.3749,"Hill County, Montana",16523,44633.0,3400
2015,County,MT-Jefferson,30043,2647.0,404.8518,"Jefferson County, Montana",11502,60842.0,1068
2015,County,MT-Judith Basin,30045,517.0,349.5702,"Judith Basin County, Montana",1997,44602.0,281
2015,County,MT-Lake,30047,6816.0,643.3846,"Lake County, Montana",29157,38732.0,6509
2015,County,MT-Lewis and Clark,30049,13557.0,556.0267,"Lewis and Clark County, Montana",65357,56197.0,7803
2015,County,MT-Liberty,30051,434.0,546.7033,"Liberty County, Montana",2369,47768.0,416
2015,County,MT-Lincoln,30053,6715.0,439.8331,"Lincoln County, Montana",19337,35275.0,3554
2015,County,MT-Madison,30057,2180.0,498.017,"Madison County, Montana",7767,46250.0,820
2015,County,MT-McCone,30055,331.0,346.4052,"McCone County, Montana",1728,40750.0,151
2015,County,MT-Meagher,30059,561.0,503.212,"Meagher County, Montana",1898,41641.0,265
2015,County,MT-Mineral,30061,1321.0,658.4867,"Mineral County, Montana",4238,36031.0,721
2015,County,MT-Missoula,30063,20185.0,624.7036,"Missoula County, Montana",111966,46164.0,17414
2015,County,MT-Musselshell,30065,1263.0,704.2105,"Musselshell County, Montana",4790,39517.0,774
2015,County,MT-Park,30067,3689.0,535.2897,"Park County, Montana",15708,43932.0,1918
2015,County,MT-Petroleum,30069,99.0,520.5479,"Petroleum County, Montana",443,43750.0,30
2015,County,MT-Phillips,30071,990.0,707.3171,"Phillips County, Montana",4167,36071.0,651
2015,County,MT-Pondera,30073,1362.0,551.3078,"Pondera County, Montana",6206,42264.0,1283
2015,County,MT-Powder River,30075,387.0,373.7374,"Powder River County, Montana",1703,46346.0,155
2015,County,MT-Powell,30077,1539.0,614.2857,"Powell County, Montana",6975,40000.0,735
2015,County,MT-Prairie,30079,379.0,447.205,"Prairie County, Montana",1372,42383.0,239
2015,County,MT-Ravalli,30081,11685.0,550.4074,"Ravalli County, Montana",40823,39480.0,7308
2015,County,MT-Richland,30083,1787.0,631.2849,"Richland County, Montana",11132,65084.0,1264
2015,County,MT-Roosevelt,30085,1626.0,762.6515,"Roosevelt County, Montana",11072,32974.0,3007
2015,County,MT-Rosebud,30087,1633.0,538.2775,"Rosebud County, Montana",9352,51159.0,1893
2015,County,MT-Sanders,30089,3749.0,587.833,"Sanders County, Montana",11346,32257.0,2497
2015,County,MT-Sheridan,30091,924.0,377.1084,"Sheridan County, Montana",3630,50664.0,373
2015,County,MT-Silver Bow,30093,7596.0,631.516,"Silver Bow County, Montana",34549,37749.0,6771
2015,County,MT-Stillwater,30095,2158.0,462.6667,"Stillwater County, Montana",9288,58259.0,721
2015,County,MT-Sweet Grass,30097,896.0,396.0396,"Sweet Grass County, Montana",3633,50588.0,458
2015,County,MT-Teton,30099,1484.0,438.0531,"Teton County, Montana",6074,46360.0,723
2015,County,MT-Toole,30101,911.0,509.7765,"Toole County, Montana",5150,44804.0,866
2015,County,MT-Treasure,30103,216.0,364.6409,"Treasure County, Montana",812,41103.0,178
2015,County,MT-Valley,30105,1893.0,702.6706,"Valley County, Montana",7577,49141.0,885
2015,County,MT-Wheatland,30107,545.0,457.8313,"Wheatland County, Montana",2115,32723.0,410
2015,County,MT-Wibaux,30109,263.0,487.395,"Wibaux County, Montana",986,38553.0,145
2015,County,MT-Yellowstone,30111,29151.0,647.0185,"Yellowstone County, Montana",153692,52802.0,17250
2015,County,NC-Alamance,37001,31427.0,732.2747,"Alamance County, North Carolina",155258,41814.0,29042
2015,County,NC-Alexander,37003,7976.0,695.763,"Alexander County, North Carolina",37158,39365.0,6191
2015,County,NC-Alleghany,37005,3253.0,803.7019,"Alleghany County, North Carolina",10911,36968.0,1986
2015,County,NC-Anson,37007,5450.0,1078.2236,"Anson County, North Carolina",26135,33228.0,5865
2015,County,NC-Ashe,37009,7357.0,773.9372,"Ashe County, North Carolina",27114,36267.0,5510
2015,County,NC-Avery,37011,4187.0,784.3544,"Avery County, North Carolina",17695,37777.0,2350
2015,County,NC-Beaufort,37013,13065.0,713.0895,"Beaufort County, North Carolina",47561,40391.0,8660
2015,County,NC-Bertie,37015,5293.0,1124.9724,"Bertie County, North Carolina",20518,30027.0,4304
2015,County,NC-Bladen,37017,7851.0,929.4802,"Bladen County, North Carolina",34720,30096.0,9342
2015,County,NC-Brunswick,37019,38319.0,562.5863,"Brunswick County, North Carolina",115926,46859.0,18725
2015,County,NC-Buncombe,37021,56669.0,514.8128,"Buncombe County, North Carolina",247336,45167.0,38256
2015,County,NC-Burke,37023,20256.0,741.4558,"Burke County, North Carolina",89548,39360.0,17277
2015,County,NC-Cabarrus,37025,30884.0,678.3629,"Cabarrus County, North Carolina",188375,54720.0,23384
2015,County,NC-Caldwell,37027,18875.0,742.969,"Caldwell County, North Carolina",81758,35763.0,15765
2015,County,NC-Camden,37029,1964.0,782.5279,"Camden County, North Carolina",10161,58780.0,803
2015,County,NC-Carteret,37031,17731.0,658.3842,"Carteret County, North Carolina",68228,48457.0,10056
2015,County,NC-Caswell,37033,5827.0,794.6017,"Caswell County, North Carolina",23174,37869.0,4634
2015,County,NC-Catawba,37035,34628.0,656.7799,"Catawba County, North Carolina",154610,44376.0,23629
2015,County,NC-Chatham,37037,16483.0,484.0902,"Chatham County, North Carolina",67431,56642.0,9041
2015,County,NC-Cherokee,37039,8829.0,620.4819,"Cherokee County, North Carolina",27092,34662.0,5319
2015,County,NC-Chowan,37041,4001.0,930.0239,"Chowan County, North Carolina",14656,38759.0,3832
2015,County,NC-Clay,37043,3530.0,589.0102,"Clay County, North Carolina",10656,37076.0,2235
2015,County,NC-Cleveland,37045,23347.0,928.2571,"Cleveland County, North Carolina",97178,39453.0,19156
2015,County,NC-Columbus,37047,13504.0,885.9862,"Columbus County, North Carolina",57230,34949.0,12768
2015,County,NC-Craven,37049,22259.0,712.3419,"Craven County, North Carolina",104450,47985.0,15664
2015,County,NC-Cumberland,37051,49170.0,767.199,"Cumberland County, North Carolina",324603,44171.0,54949
2015,County,NC-Currituck,37053,4460.0,633.241,"Currituck County, North Carolina",24492,60600.0,2497
2015,County,NC-Dare,37055,7941.0,589.9803,"Dare County, North Carolina",34863,54496.0,2885
2015,County,NC-Davidson,37057,35298.0,791.9716,"Davidson County, North Carolina",163867,43363.0,25655
2015,County,NC-Davie,37059,9648.0,717.918,"Davie County, North Carolina",41447,51527.0,5210
2015,County,NC-Duplin,37061,10547.0,979.9902,"Duplin County, North Carolina",59453,35035.0,15606
2015,County,NC-Durham,37063,41638.0,706.4982,"Durham County, North Carolina",288817,52503.0,49835
2015,County,NC-Edgecombe,37065,12096.0,1072.9402,"Edgecombe County, North Carolina",55280,32659.0,14210
2015,County,NC-Forsyth,37067,67884.0,795.3722,"Forsyth County, North Carolina",361684,45471.0,69100
2015,County,NC-Franklin,37069,11209.0,813.7282,"Franklin County, North Carolina",62296,42685.0,9603
2015,County,NC-Gaston,37071,42988.0,833.1148,"Gaston County, North Carolina",209807,42429.0,36027
2015,County,NC-Gates,37073,2452.0,890.1795,"Gates County, North Carolina",11724,49258.0,1651
2015,County,NC-Graham,37075,2173.0,762.6582,"Graham County, North Carolina",8700,34805.0,1884
2015,County,NC-Granville,37077,11086.0,746.19,"Granville County, North Carolina",58109,50225.0,8943
2015,County,NC-Greene,37079,3557.0,761.6218,"Greene County, North Carolina",21328,35777.0,4962
2015,County,NC-Guilford,37081,90391.0,745.4982,"Guilford County, North Carolina",506763,45651.0,86808
2015,County,NC-Halifax,37083,14107.0,992.5192,"Halifax County, North Carolina",53407,32245.0,13660
2015,County,NC-Harnett,37085,18630.0,935.769,"Harnett County, North Carolina",124320,46353.0,22094
2015,County,NC-Haywood,37087,17436.0,1036.7224,"Haywood County, North Carolina",59170,42257.0,10056
2015,County,NC-Henderson,37089,31527.0,602.7441,"Henderson County, North Carolina",109719,46448.0,14984
2015,County,NC-Hertford,37091,5215.0,906.7938,"Hertford County, North Carolina",24368,33008.0,5475
2015,County,NC-Hoke,37093,6168.0,1135.239,"Hoke County, North Carolina",51075,41542.0,11047
2015,County,NC-Hyde,37095,1066.0,489.2086,"Hyde County, North Carolina",5693,42897.0,890
2015,County,NC-Iredell,37097,31315.0,764.7059,"Iredell County, North Carolina",165066,52306.0,22803
2015,County,NC-Jackson,37099,8143.0,815.4949,"Jackson County, North Carolina",40812,38015.0,8139
2015,County,NC-Johnston,37101,29646.0,854.2975,"Johnston County, North Carolina",178396,50512.0,27086
2015,County,NC-Jones,37103,2385.0,681.25,"Jones County, North Carolina",10166,34005.0,2173
2015,County,NC-Lee,37105,11632.0,770.693,"Lee County, North Carolina",59418,45608.0,10533
2015,County,NC-Lenoir,37107,14028.0,798.5284,"Lenoir County, North Carolina",58782,34717.0,13401
2015,County,NC-Lincoln,37109,15496.0,758.6341,"Lincoln County, North Carolina",79578,49215.0,12243
2015,County,NC-Macon,37113,10806.0,711.8469,"Macon County, North Carolina",33919,39133.0,6401
2015,County,NC-Madison,37115,5475.0,506.8892,"Madison County, North Carolina",21027,37904.0,3616
2015,County,NC-Martin,37117,5774.0,995.9271,"Martin County, North Carolina",23729,35080.0,5007
2015,County,NC-McDowell,37111,11184.0,798.1626,"McDowell County, North Carolina",44961,35965.0,8897
2015,County,NC-Mecklenburg,37119,128086.0,722.1022,"Mecklenburg County, North Carolina",990288,56854.0,148326
2015,County,NC-Mitchell,37121,4372.0,768.4351,"Mitchell County, North Carolina",15330,37391.0,2910
2015,County,NC-Montgomery,37123,5668.0,904.5316,"Montgomery County, North Carolina",27601,32500.0,6716
2015,County,NC-Moore,37125,24922.0,617.9536,"Moore County, North Carolina",91743,50998.0,13808
2015,County,NC-Nash,37127,20446.0,818.5151,"Nash County, North Carolina",94722,42713.0,17141
2015,County,NC-New Hanover,37129,41756.0,622.0246,"New Hanover County, North Carolina",213091,50088.0,36717
2015,County,NC-Northampton,37131,5515.0,916.9733,"Northampton County, North Carolina",21011,30429.0,5658
2015,County,NC-Onslow,37133,21922.0,679.8027,"Onslow County, North Carolina",183753,46335.0,24916
2015,County,NC-Orange,37135,20420.0,530.9783,"Orange County, North Carolina",138644,59290.0,20236
2015,County,NC-Pamlico,37137,3874.0,562.1521,"Pamlico County, North Carolina",12982,43444.0,1674
2015,County,NC-Pasquotank,37139,8043.0,928.4072,"Pasquotank County, North Carolina",40018,45378.0,7256
2015,County,NC-Pender,37141,11851.0,706.6696,"Pender County, North Carolina",55166,44828.0,9925
2015,County,NC-Perquimans,37143,3805.0,676.4894,"Perquimans County, North Carolina",13498,44329.0,2626
2015,County,NC-Person,37145,8876.0,864.4689,"Person County, North Carolina",39262,42105.0,7708
2015,County,NC-Pitt,37147,27215.0,902.9629,"Pitt County, North Carolina",173798,41119.0,42743
2015,County,NC-Polk,37149,6116.0,593.8462,"Polk County, North Carolina",20327,46528.0,2790
2015,County,NC-Randolph,37151,29537.0,736.9155,"Randolph County, North Carolina",142370,41947.0,24770
2015,County,NC-Richmond,37153,10951.0,1115.7943,"Richmond County, North Carolina",46046,32687.0,11465
2015,County,NC-Robeson,37155,24111.0,1144.8906,"Robeson County, North Carolina",134871,30608.0,41538
2015,County,NC-Rockingham,37157,22768.0,925.9635,"Rockingham County, North Carolina",92300,38126.0,16968
2015,County,NC-Rowan,37159,30207.0,766.7884,"Rowan County, North Carolina",138361,43069.0,24194
2015,County,NC-Rutherford,37161,16381.0,865.5249,"Rutherford County, North Carolina",66865,35630.0,13077
2015,County,NC-Sampson,37163,13068.0,1031.3906,"Sampson County, North Carolina",63873,35490.0,16050
2015,County,NC-Scotland,37165,8507.0,1109.2767,"Scotland County, North Carolina",35932,30958.0,10504
2015,County,NC-Stanly,37167,13628.0,799.5866,"Stanly County, North Carolina",60586,40910.0,10356
2015,County,NC-Stokes,37169,10385.0,820.697,"Stokes County, North Carolina",46661,40696.0,7826
2015,County,NC-Surry,37171,17904.0,896.2686,"Surry County, North Carolina",73170,36164.0,14195
2015,County,NC-Swain,37173,3749.0,733.0677,"Swain County, North Carolina",14163,33931.0,3409
2015,County,NC-Transylvania,37175,9854.0,702.5381,"Transylvania County, North Carolina",32928,45114.0,4017
2015,County,NC-Tyrrell,37177,842.0,737.1429,"Tyrrell County, North Carolina",4152,32361.0,779
2015,County,NC-Union,37179,30088.0,671.7014,"Union County, North Carolina",213422,65903.0,21416
2015,County,NC-Vance,37181,10357.0,927.1696,"Vance County, North Carolina",44829,33316.0,11064
2015,County,NC-Wake,37183,127239.0,626.6219,"Wake County, North Carolina",976019,67309.0,107687
2015,County,NC-Warren,37185,4682.0,833.6526,"Warren County, North Carolina",20468,34254.0,4692
2015,County,NC-Washington,37187,3392.0,939.4699,"Washington County, North Carolina",12668,34538.0,2737
2015,County,NC-Watauga,37189,8696.0,656.1149,"Watauga County, North Carolina",52240,37656.0,14726
2015,County,NC-Wayne,37191,23515.0,768.2527,"Wayne County, North Carolina",124355,40390.0,27037
2015,County,NC-Wilkes,37193,17522.0,895.4748,"Wilkes County, North Carolina",68946,33232.0,15791
2015,County,NC-Wilson,37195,18280.0,858.2841,"Wilson County, North Carolina",81581,39847.0,18475
2015,County,NC-Yadkin,37197,8694.0,818.128,"Yadkin County, North Carolina",37971,37796.0,7643
2015,County,NC-Yancey,37199,5399.0,655.62,"Yancey County, North Carolina",17604,37484.0,3775
2015,County,ND-Adams,38001,662.0,458.4104,"Adams County, North Dakota",2341,52118.0,220
2015,County,ND-Barnes,38003,2641.0,470.31,"Barnes County, North Dakota",11097,53141.0,841
2015,County,ND-Benson,38005,1083.0,858.2949,"Benson County, North Dakota",6794,41296.0,2260
2015,County,ND-Billings,38007,161.0,395.6835,"Billings County, North Dakota",969,70469.0,100
2015,County,ND-Bottineau,38009,1644.0,544.9628,"Bottineau County, North Dakota",6634,56349.0,540
2015,County,ND-Bowman,38011,705.0,411.6638,"Bowman County, North Dakota",3221,66845.0,234
2015,County,ND-Burke,38013,486.0,426.6055,"Burke County, North Dakota",2208,60096.0,301
2015,County,ND-Burleigh,38015,15610.0,599.5261,"Burleigh County, North Dakota",88223,65254.0,6946
2015,County,ND-Cass,38017,22264.0,664.3845,"Cass County, North Dakota",162500,53289.0,19082
2015,County,ND-Cavalier,38019,1080.0,394.8256,"Cavalier County, North Dakota",3890,66806.0,180
2015,County,ND-Dickey,38021,1172.0,484.3581,"Dickey County, North Dakota",5195,53750.0,400
2015,County,ND-Divide,38023,533.0,614.433,"Divide County, North Dakota",2314,56042.0,178
2015,County,ND-Dunn,38025,679.0,515.2749,"Dunn County, North Dakota",4195,69732.0,517
2015,County,ND-Eddy,38027,628.0,396.728,"Eddy County, North Dakota",2370,48583.0,311
2015,County,ND-Emmons,38029,991.0,674.4186,"Emmons County, North Dakota",3463,44051.0,386
2015,County,ND-Foster,38031,792.0,437.0861,"Foster County, North Dakota",3366,55769.0,316
2015,County,ND-Golden Valley,38033,387.0,800.5618,"Golden Valley County, North Dakota",1822,40179.0,177
2015,County,ND-Grand Forks,38035,9768.0,708.0607,"Grand Forks County, North Dakota",68979,48676.0,11223
2015,County,ND-Grant,38037,692.0,584.9057,"Grant County, North Dakota",2362,44559.0,346
2015,County,ND-Griggs,38039,702.0,486.2385,"Griggs County, North Dakota",2329,48355.0,179
2015,County,ND-Hettinger,38041,672.0,424.3615,"Hettinger County, North Dakota",2621,52169.0,217
2015,County,ND-Kidder,38043,595.0,474.1379,"Kidder County, North Dakota",2430,54559.0,185
2015,County,ND-LaMoure,38045,1064.0,459.8639,"LaMoure County, North Dakota",4113,54821.0,383
2015,County,ND-Logan,38047,558.0,519.774,"Logan County, North Dakota",1945,51458.0,151
2015,County,ND-McHenry,38049,1319.0,528.3019,"McHenry County, North Dakota",5817,57386.0,738
2015,County,ND-McIntosh,38051,923.0,523.9617,"McIntosh County, North Dakota",2759,42277.0,311
2015,County,ND-McKenzie,38053,1058.0,691.385,"McKenzie County, North Dakota",9615,72794.0,1309
2015,County,ND-McLean,38055,2342.0,515.2198,"McLean County, North Dakota",9451,55686.0,1072
2015,County,ND-Mercer,38057,1718.0,684.6214,"Mercer County, North Dakota",8633,72704.0,693
2015,County,ND-Morton,38059,5555.0,577.1212,"Morton County, North Dakota",28985,62418.0,2270
2015,County,ND-Mountrail,38061,1406.0,618.4971,"Mountrail County, North Dakota",9253,68188.0,1226
2015,County,ND-Nelson,38063,967.0,483.9068,"Nelson County, North Dakota",3048,51085.0,249
2015,County,ND-Oliver,38065,425.0,428.5714,"Oliver County, North Dakota",1819,60278.0,137
2015,County,ND-Pembina,38067,1758.0,493.4593,"Pembina County, North Dakota",7206,53504.0,454
2015,County,ND-Pierce,38069,1062.0,684.6715,"Pierce County, North Dakota",4395,42563.0,693
2015,County,ND-Ramsey,38071,2588.0,631.7829,"Ramsey County, North Dakota",11566,50841.0,1118
2015,County,ND-Ransom,38073,1238.0,519.1919,"Ransom County, North Dakota",5453,56500.0,490
2015,County,ND-Renville,38075,542.0,462.7767,"Renville County, North Dakota",2562,65125.0,186
2015,County,ND-Richland,38077,3036.0,465.6489,"Richland County, North Dakota",16317,55390.0,1633
2015,County,ND-Rolette,38079,2054.0,675.3165,"Rolette County, North Dakota",14498,33277.0,5054
2015,County,ND-Sargent,38081,888.0,399.2042,"Sargent County, North Dakota",3874,57125.0,222
2015,County,ND-Sheridan,38083,427.0,522.4359,"Sheridan County, North Dakota",1337,48102.0,209
2015,County,ND-Sioux,38085,454.0,807.6923,"Sioux County, North Dakota",4380,38068.0,1524
2015,County,ND-Slope,38087,163.0,351.7241,"Slope County, North Dakota",673,55000.0,68
2015,County,ND-Stark,38089,4456.0,558.3864,"Stark County, North Dakota",28628,72099.0,1866
2015,County,ND-Steele,38091,450.0,451.9774,"Steele County, North Dakota",1979,55833.0,143
2015,County,ND-Stutsman,38093,4626.0,616.8224,"Stutsman County, North Dakota",21076,52359.0,2130
2015,County,ND-Towner,38095,634.0,542.7574,"Towner County, North Dakota",2294,56625.0,316
2015,County,ND-Traill,38097,1695.0,459.7084,"Traill County, North Dakota",8077,54960.0,804
2015,County,ND-Walsh,38099,2637.0,640.9639,"Walsh County, North Dakota",11005,49411.0,1112
2015,County,ND-Ward,38101,9447.0,595.1294,"Ward County, North Dakota",67736,61393.0,4919
2015,County,ND-Wells,38103,1235.0,470.233,"Wells County, North Dakota",4204,48098.0,226
2015,County,ND-Williams,38105,3521.0,625.5663,"Williams County, North Dakota",29619,88013.0,2913
2015,County,NE-Adams,31001,6685.0,652.3018,"Adams County, Nebraska",31442,50635.0,3499
2015,County,NE-Antelope,31003,1542.0,391.3347,"Antelope County, Nebraska",6486,45609.0,811
2015,County,NE-Arthur,31005,114.0,355.7692,"Arthur County, Nebraska",448,39375.0,36
2015,County,NE-Banner,31007,201.0,454.5455,"Banner County, Nebraska",820,48897.0,96
2015,County,NE-Blaine,31009,126.0,289.4737,"Blaine County, Nebraska",551,48875.0,106
2015,County,NE-Boone,31011,1273.0,401.0508,"Boone County, Nebraska",5373,50306.0,533
2015,County,NE-Box Butte,31013,2187.0,623.3766,"Box Butte County, Nebraska",11310,51691.0,1886
2015,County,NE-Boyd,31015,651.0,352.2727,"Boyd County, Nebraska",2039,40224.0,220
2015,County,NE-Brown,31017,790.0,388.587,"Brown County, Nebraska",3078,36078.0,499
2015,County,NE-Buffalo,31019,7554.0,426.5915,"Buffalo County, Nebraska",47958,53624.0,5978
2015,County,NE-Burt,31021,1782.0,454.5455,"Burt County, Nebraska",6647,47429.0,620
2015,County,NE-Butler,31023,1882.0,384.0979,"Butler County, Nebraska",8256,51027.0,682
2015,County,NE-Cass,31025,4872.0,512.9437,"Cass County, Nebraska",25360,65619.0,1556
2015,County,NE-Cedar,31027,1897.0,393.9175,"Cedar County, Nebraska",8675,52250.0,864
2015,County,NE-Chase,31029,884.0,507.2289,"Chase County, Nebraska",3897,52422.0,337
2015,County,NE-Cherry,31031,1315.0,521.7391,"Cherry County, Nebraska",5770,48750.0,648
2015,County,NE-Cheyenne,31033,1947.0,532.3171,"Cheyenne County, Nebraska",10077,53814.0,1150
2015,County,NE-Clay,31035,1466.0,423.8059,"Clay County, Nebraska",6382,51470.0,580
2015,County,NE-Colfax,31037,1452.0,454.7658,"Colfax County, Nebraska",10522,51367.0,1374
2015,County,NE-Cuming,31039,2163.0,367.3469,"Cuming County, Nebraska",9078,50013.0,1071
2015,County,NE-Custer,31041,2555.0,464.044,"Custer County, Nebraska",10802,46468.0,1200
2015,County,NE-Dakota,31043,3258.0,463.7058,"Dakota County, Nebraska",20798,49786.0,3528
2015,County,NE-Dawes,31045,1832.0,451.4768,"Dawes County, Nebraska",9136,41038.0,1428
2015,County,NE-Dawson,31047,4153.0,382.8433,"Dawson County, Nebraska",24069,48329.0,3618
2015,County,NE-Deuel,31049,517.0,469.0832,"Deuel County, Nebraska",1946,50962.0,246
2015,County,NE-Dixon,31051,1161.0,364.0836,"Dixon County, Nebraska",5866,51223.0,683
2015,County,NE-Dodge,31053,8189.0,628.1783,"Dodge County, Nebraska",36725,49068.0,4061
2015,County,NE-Douglas,31055,81977.0,627.5538,"Douglas County, Nebraska",537655,54659.0,76738
2015,County,NE-Dundy,31057,480.0,400.8909,"Dundy County, Nebraska",2015,42500.0,151
2015,County,NE-Fillmore,31059,1530.0,449.2958,"Fillmore County, Nebraska",5697,52316.0,514
2015,County,NE-Franklin,31061,892.0,366.0606,"Franklin County, Nebraska",3105,45905.0,396
2015,County,NE-Frontier,31063,561.0,365.6126,"Frontier County, Nebraska",2573,49634.0,305
2015,County,NE-Furnas,31065,1341.0,465.9091,"Furnas County, Nebraska",4887,39934.0,820
2015,County,NE-Gage,31067,5468.0,598.3962,"Gage County, Nebraska",21818,50010.0,2080
2015,County,NE-Garden,31069,628.0,480.7018,"Garden County, Nebraska",1823,45845.0,181
2015,County,NE-Garfield,31071,520.0,560.0,"Garfield County, Nebraska",1933,43179.0,193
2015,County,NE-Gosper,31073,521.0,326.2911,"Gosper County, Nebraska",1976,54375.0,110
2015,County,NE-Grant,31075,185.0,281.6092,"Grant County, Nebraska",769,44750.0,98
2015,County,NE-Greeley,31077,607.0,391.844,"Greeley County, Nebraska",2476,42904.0,243
2015,County,NE-Hall,31079,10228.0,537.12,"Hall County, Nebraska",60792,49252.0,9092
2015,County,NE-Hamilton,31081,2046.0,389.1072,"Hamilton County, Nebraska",9100,59311.0,780
2015,County,NE-Harlan,31083,890.0,419.6643,"Harlan County, Nebraska",3458,46766.0,450
2015,County,NE-Hayes,31085,187.0,385.9649,"Hayes County, Nebraska",1084,44500.0,68
2015,County,NE-Hitchcock,31087,793.0,502.0464,"Hitchcock County, Nebraska",2879,39231.0,490
2015,County,NE-Holt,31089,2625.0,442.3077,"Holt County, Nebraska",10398,46728.0,1209
2015,County,NE-Hooker,31091,244.0,373.8739,"Hooker County, Nebraska",681,37317.0,123
2015,County,NE-Howard,31093,1438.0,421.1729,"Howard County, Nebraska",6347,50030.0,658
2015,County,NE-Jefferson,31095,1987.0,480.3057,"Jefferson County, Nebraska",7433,43008.0,909
2015,County,NE-Johnson,31097,911.0,390.3346,"Johnson County, Nebraska",5167,45429.0,471
2015,County,NE-Kearney,31099,1253.0,362.8959,"Kearney County, Nebraska",6549,51934.0,408
2015,County,NE-Keith,31101,2177.0,570.5914,"Keith County, Nebraska",8146,41781.0,931
2015,County,NE-Keya Paha,31103,256.0,325.2033,"Keya Paha County, Nebraska",711,38625.0,106
2015,County,NE-Kimball,31105,964.0,524.4041,"Kimball County, Nebraska",3720,40242.0,496
2015,County,NE-Knox,31107,2245.0,358.9468,"Knox County, Nebraska",8556,45411.0,1117
2015,County,NE-Lancaster,31109,45767.0,559.3087,"Lancaster County, Nebraska",298080,51830.0,41796
2015,County,NE-Lincoln,31111,7647.0,711.1148,"Lincoln County, Nebraska",35896,50194.0,4488
2015,County,NE-Logan,31113,174.0,483.6601,"Logan County, Nebraska",851,48281.0,91
2015,County,NE-Loup,31115,159.0,394.3662,"Loup County, Nebraska",548,55417.0,68
2015,County,NE-Madison,31119,6797.0,543.7928,"Madison County, Nebraska",35111,50218.0,5119
2015,County,NE-McPherson,31117,91.0,338.0282,"McPherson County, Nebraska",433,54306.0,64
2015,County,NE-Merrick,31121,1800.0,497.4227,"Merrick County, Nebraska",7776,51012.0,667
2015,County,NE-Morrill,31123,1026.0,570.771,"Morrill County, Nebraska",4874,45910.0,550
2015,County,NE-Nance,31125,736.0,423.493,"Nance County, Nebraska",3639,42500.0,490
2015,County,NE-Nemaha,31127,1592.0,567.1025,"Nemaha County, Nebraska",7168,49656.0,574
2015,County,NE-Nuckolls,31129,1261.0,511.0327,"Nuckolls County, Nebraska",4391,40488.0,501
2015,County,NE-Otoe,31131,3479.0,541.3036,"Otoe County, Nebraska",15842,50275.0,1696
2015,County,NE-Pawnee,31133,674.0,526.4,"Pawnee County, Nebraska",2726,41161.0,446
2015,County,NE-Perkins,31135,688.0,406.0995,"Perkins County, Nebraska",2924,55893.0,198
2015,County,NE-Phelps,31137,2116.0,457.3327,"Phelps County, Nebraska",9216,50404.0,706
2015,County,NE-Pierce,31139,1395.0,350.9048,"Pierce County, Nebraska",7184,54482.0,417
2015,County,NE-Platte,31141,6233.0,551.1353,"Platte County, Nebraska",32642,56318.0,2728
2015,County,NE-Polk,31143,1201.0,396.7243,"Polk County, Nebraska",5271,57312.0,389
2015,County,NE-Red Willow,31145,2476.0,584.1714,"Red Willow County, Nebraska",10946,42931.0,1118
2015,County,NE-Richardson,31147,2202.0,571.2895,"Richardson County, Nebraska",8201,42750.0,1557
2015,County,NE-Rock,31149,235.0,517.8571,"Rock County, Nebraska",1401,48456.0,162
2015,County,NE-Saline,31151,2515.0,522.4944,"Saline County, Nebraska",14360,51738.0,1492
2015,County,NE-Sarpy,31153,22408.0,578.2354,"Sarpy County, Nebraska",169192,70543.0,10684
2015,County,NE-Saunders,31155,4124.0,486.5196,"Saunders County, Nebraska",20913,60854.0,2001
2015,County,NE-Scotts Bluff,31157,8103.0,663.7594,"Scotts Bluff County, Nebraska",36684,45992.0,4877
2015,County,NE-Seward,31159,3277.0,560.5634,"Seward County, Nebraska",16998,59662.0,1467
2015,County,NE-Sheridan,31161,1356.0,395.5432,"Sheridan County, Nebraska",5294,41985.0,857
2015,County,NE-Sherman,31163,817.0,400.2911,"Sherman County, Nebraska",3107,46366.0,411
2015,County,NE-Sioux,31165,260.0,320.1754,"Sioux County, Nebraska",1249,41215.0,156
2015,County,NE-Stanton,31167,966.0,453.9295,"Stanton County, Nebraska",6081,53416.0,701
2015,County,NE-Thayer,31169,1387.0,390.3577,"Thayer County, Nebraska",5182,45741.0,604
2015,County,NE-Thomas,31171,169.0,601.3514,"Thomas County, Nebraska",675,51000.0,55
2015,County,NE-Thurston,31173,1026.0,598.0025,"Thurston County, Nebraska",6946,41266.0,2090
2015,County,NE-Valley,31175,1068.0,512.6135,"Valley County, Nebraska",4254,44612.0,540
2015,County,NE-Washington,31177,3912.0,488.9568,"Washington County, Nebraska",20257,65370.0,1880
2015,County,NE-Wayne,31179,1515.0,400.8264,"Wayne County, Nebraska",9425,54159.0,1115
2015,County,NE-Webster,31181,1000.0,451.7876,"Webster County, Nebraska",3697,40256.0,459
2015,County,NE-Wheeler,31183,156.0,430.6569,"Wheeler County, Nebraska",847,46394.0,61
2015,County,NE-York,31185,3078.0,522.567,"York County, Nebraska",13825,51802.0,1393
2015,County,NH-Belknap,33001,16537.0,691.4664,"Belknap County, New Hampshire",60399,62159.0,6214
2015,County,NH-Carroll,33003,14263.0,617.2485,"Carroll County, New Hampshire",47513,53306.0,4484
2015,County,NH-Cheshire,33005,17434.0,632.4251,"Cheshire County, New Hampshire",76430,57782.0,8467
2015,County,NH-Coos,33007,9663.0,799.5896,"Coos County, New Hampshire",31870,42312.0,4257
2015,County,NH-Grafton,33009,19902.0,585.4791,"Grafton County, New Hampshire",89341,55762.0,9609
2015,County,NH-Hillsborough,33011,74089.0,676.9956,"Hillsborough County, New Hampshire",403972,71244.0,34681
2015,County,NH-Merrimack,33013,31632.0,718.5624,"Merrimack County, New Hampshire",147262,65983.0,12840
2015,County,NH-Rockingham,33015,59570.0,617.3878,"Rockingham County, New Hampshire",299006,81198.0,16192
2015,County,NH-Strafford,33017,23641.0,754.2079,"Strafford County, New Hampshire",125273,60711.0,12997
2015,County,NH-Sullivan,33019,10323.0,679.8374,"Sullivan County, New Hampshire",43135,56032.0,4099
2015,County,NJ-Atlantic,34001,54531.0,735.674,"Atlantic County, New Jersey",275376,54461.0,40868
2015,County,NJ-Bergen,34003,167764.0,528.5861,"Bergen County, New Jersey",926330,85806.0,67959
2015,County,NJ-Burlington,34005,85986.0,653.4495,"Burlington County, New Jersey",450556,78621.0,27881
2015,County,NJ-Camden,34007,93714.0,814.2267,"Camden County, New Jersey",511998,62185.0,66802
2015,County,NJ-Cape May,34009,26988.0,633.9185,"Cape May County, New Jersey",95805,57637.0,9744
2015,County,NJ-Cumberland,34011,28340.0,748.4971,"Cumberland County, New Jersey",157035,49984.0,25760
2015,County,NJ-Essex,34013,118372.0,687.5092,"Essex County, New Jersey",791609,53976.0,133788
2015,County,NJ-Gloucester,34015,52872.0,688.9467,"Gloucester County, New Jersey",290298,76727.0,23200
2015,County,NJ-Hudson,34017,82212.0,701.3584,"Hudson County, New Jersey",662619,59741.0,114900
2015,County,NJ-Hunterdon,34019,23497.0,519.0044,"Hunterdon County, New Jersey",126250,105444.0,5379
2015,County,NJ-Mercer,34021,64903.0,765.8569,"Mercer County, New Jersey",370212,72804.0,40354
2015,County,NJ-Middlesex,34023,131195.0,573.7229,"Middlesex County, New Jersey",830300,79593.0,70908
2015,County,NJ-Monmouth,34025,118830.0,634.8201,"Monmouth County, New Jersey",629185,85242.0,46492
2015,County,NJ-Morris,34027,87005.0,507.7238,"Morris County, New Jersey",498192,100214.0,22068
2015,County,NJ-Ocean,34029,150767.0,627.9847,"Ocean County, New Jersey",583450,61994.0,64795
2015,County,NJ-Passaic,34031,81523.0,589.4561,"Passaic County, New Jersey",507574,59739.0,83203
2015,County,NJ-Salem,34033,14199.0,763.0469,"Salem County, New Jersey",65120,61831.0,8602
2015,County,NJ-Somerset,34035,52562.0,489.1528,"Somerset County, New Jersey",330604,100667.0,16479
2015,County,NJ-Sussex,34037,26830.0,548.5923,"Sussex County, New Jersey",145930,86565.0,8237
2015,County,NJ-Union,34039,85873.0,558.7065,"Union County, New Jersey",548744,69594.0,59034
2015,County,NJ-Warren,34041,21166.0,648.1265,"Warren County, New Jersey",107226,70471.0,8394
2015,County,NM-Bernalillo,35001,118888.0,591.5723,"Bernalillo County, New Mexico",673943,47725.0,128917
2015,County,NM-Catron,35003,1357.0,414.3145,"Catron County, New Mexico",3583,42973.0,615
2015,County,NM-Chaves,35005,12067.0,798.8134,"Chaves County, New Mexico",65811,40630.0,14013
2015,County,NM-Cibola,35006,4688.0,539.2035,"Cibola County, New Mexico",27382,34565.0,7489
2015,County,NM-Colfax,35007,3487.0,599.695,"Colfax County, New Mexico",12997,32380.0,2490
2015,County,NM-Curry,35009,7416.0,901.7059,"Curry County, New Mexico",50497,41084.0,10338
2015,County,NM-De Baca,35011,550.0,493.3333,"De Baca County, New Mexico",2020,32500.0,454
2015,County,NM-Dona Ana,35013,36873.0,559.1158,"Doña Ana County, New Mexico",213963,38853.0,58846
2015,County,NM-Eddy,35015,9929.0,843.4866,"Eddy County, New Mexico",55641,56618.0,6237
2015,County,NM-Grant,35017,8226.0,543.1882,"Grant County, New Mexico",29119,38311.0,5940
2015,County,NM-Guadalupe,35019,1021.0,749.658,"Guadalupe County, New Mexico",4526,30772.0,552
2015,County,NM-Harding,35021,215.0,540.6977,"Harding County, New Mexico",565,33393.0,59
2015,County,NM-Hidalgo,35023,1109.0,471.2951,"Hidalgo County, New Mexico",4643,34444.0,1054
2015,County,NM-Lea,35025,8850.0,837.9436,"Lea County, New Mexico",68149,57533.0,9859
2015,County,NM-Lincoln,35027,5736.0,543.0545,"Lincoln County, New Mexico",19931,40708.0,3271
2015,County,NM-Los Alamos,35028,3289.0,520.7692,"Los Alamos County, New Mexico",17939,101934.0,1092
2015,County,NM-Luna,35029,6551.0,623.6503,"Luna County, New Mexico",24789,27476.0,7236
2015,County,NM-McKinley,35031,10332.0,420.4344,"McKinley County, New Mexico",73998,28772.0,27493
2015,County,NM-Mora,35033,1398.0,536.0406,"Mora County, New Mexico",4660,23822.0,1092
2015,County,NM-Otero,35035,12269.0,703.9562,"Otero County, New Mexico",65318,39775.0,14387
2015,County,NM-Quay,35037,2538.0,665.1376,"Quay County, New Mexico",8698,29113.0,1484
2015,County,NM-Rio Arriba,35039,8892.0,742.2071,"Rio Arriba County, New Mexico",39949,36098.0,9413
2015,County,NM-Roosevelt,35041,2949.0,846.7213,"Roosevelt County, New Mexico",19908,35546.0,4918
2015,County,NM-San Juan,35045,19517.0,623.491,"San Juan County, New Mexico",125133,48671.0,24755
2015,County,NM-San Miguel,35047,6666.0,770.9019,"San Miguel County, New Mexico",28668,29237.0,8093
2015,County,NM-Sandoval,35043,25971.0,561.0114,"Sandoval County, New Mexico",136638,58982.0,19305
2015,County,NM-Santa Fe,35049,34275.0,406.492,"Santa Fe County, New Mexico",147108,54315.0,22477
2015,County,NM-Sierra,35051,4358.0,724.7465,"Sierra County, New Mexico",11615,29356.0,2360
2015,County,NM-Socorro,35053,3538.0,784.6847,"Socorro County, New Mexico",17494,34037.0,4278
2015,County,NM-Taos,35055,8721.0,572.4023,"Taos County, New Mexico",32943,36582.0,7909
2015,County,NM-Torrance,35057,3382.0,467.9021,"Torrance County, New Mexico",15853,32083.0,4833
2015,County,NM-Union,35059,956.0,730.4878,"Union County, New Mexico",4339,36070.0,498
2015,County,NM-Valencia,35061,14945.0,503.1781,"Valencia County, New Mexico",76297,41703.0,17604
2015,County,NV-Carson City,32510,12971.0,622.0564,"Carson City, Nevada",54482,47668.0,8787
2015,County,NV-Churchill,32001,5349.0,879.1762,"Churchill County, Nevada",24252,47415.0,3802
2015,County,NV-Clark,32003,320682.0,631.3929,"Clark County, Nevada",2035572,51575.0,315358
2015,County,NV-Douglas,32005,13718.0,529.8441,"Douglas County, Nevada",47259,58535.0,4984
2015,County,NV-Elko,32007,5949.0,747.8873,"Elko County, Nevada",51562,71799.0,5574
2015,County,NV-Esmeralda,32009,250.0,408.867,"Esmeralda County, Nevada",1141,39271.0,194
2015,County,NV-Eureka,32011,321.0,399.2248,"Eureka County, Nevada",1669,60250.0,162
2015,County,NV-Humboldt,32013,2491.0,595.1475,"Humboldt County, Nevada",17067,65212.0,1762
2015,County,NV-Lander,32015,867.0,617.1662,"Lander County, Nevada",5946,78190.0,676
2015,County,NV-Lincoln,32017,1097.0,546.3059,"Lincoln County, Nevada",5194,44866.0,631
2015,County,NV-Lyon,32019,13086.0,539.2647,"Lyon County, Nevada",51657,47255.0,8482
2015,County,NV-Mineral,32021,1308.0,718.408,"Mineral County, Nevada",4566,38923.0,907
2015,County,NV-Nye,32023,14796.0,448.608,"Nye County, Nevada",42625,41712.0,7658
2015,County,NV-Pershing,32027,973.0,749.7006,"Pershing County, Nevada",6722,45230.0,832
2015,County,NV-Storey,32029,1155.0,437.8173,"Storey County, Nevada",3929,64832.0,293
2015,County,NV-Washoe,32031,80422.0,600.6243,"Washoe County, Nevada",435019,52870.0,65248
2015,County,NV-White Pine,32033,1783.0,798.8542,"White Pine County, Nevada",9974,57122.0,987
2015,County,NY-Albany,36001,58726.0,705.8253,"Albany County, New York",307463,59887.0,39349
2015,County,NY-Allegany,36003,10326.0,790.8309,"Allegany County, New York",48070,42776.0,7285
2015,County,NY-Bronx,36005,199684.0,711.9653,"Bronx County, New York",1428357,34299.0,427574
2015,County,NY-Broome,36007,44679.0,688.0653,"Broome County, New York",198093,46261.0,33615
2015,County,NY-Cattaraugus,36009,17787.0,841.7636,"Cattaraugus County, New York",78962,42601.0,13954
2015,County,NY-Cayuga,36011,15785.0,621.913,"Cayuga County, New York",79173,52082.0,9010
2015,County,NY-Chautauqua,36013,30920.0,760.843,"Chautauqua County, New York",132646,42993.0,23894
2015,County,NY-Chemung,36015,19955.0,880.36,"Chemung County, New York",88267,50320.0,13044
2015,County,NY-Chenango,36017,11956.0,779.6785,"Chenango County, New York",49549,45668.0,7741
2015,County,NY-Clinton,36019,17669.0,789.6351,"Clinton County, New York",81685,49930.0,12163
2015,County,NY-Columbia,36021,15061.0,696.0997,"Columbia County, New York",62195,59105.0,7067
2015,County,NY-Cortland,36023,9182.0,855.0117,"Cortland County, New York",49043,49514.0,6675
2015,County,NY-Delaware,36025,11272.0,774.6517,"Delaware County, New York",46901,43720.0,6799
2015,County,NY-Dutchess,36027,56867.0,662.3495,"Dutchess County, New York",296928,71904.0,26229
2015,County,NY-Erie,36029,196112.0,676.7237,"Erie County, New York",921584,51247.0,134715
2015,County,NY-Essex,36031,9102.0,721.6819,"Essex County, New York",38912,52758.0,3894
2015,County,NY-Franklin,36033,10893.0,782.6031,"Franklin County, New York",51280,47923.0,9213
2015,County,NY-Fulton,36035,12904.0,977.302,"Fulton County, New York",54606,46969.0,9100
2015,County,NY-Genesee,36037,12766.0,734.3784,"Genesee County, New York",59458,50880.0,7748
2015,County,NY-Greene,36039,11634.0,582.0633,"Greene County, New York",48312,50278.0,5813
2015,County,NY-Hamilton,36041,1547.0,437.1316,"Hamilton County, New York",4760,48243.0,609
2015,County,NY-Herkimer,36043,14703.0,673.6894,"Herkimer County, New York",64034,46229.0,9145
2015,County,NY-Jefferson,36045,19638.0,710.4274,"Jefferson County, New York",118947,49505.0,16938
2015,County,NY-Kings,36047,361713.0,580.1561,"Kings County, New York",2595259,48201.0,597404
2015,County,NY-Lewis,36049,5254.0,685.2544,"Lewis County, New York",27124,49819.0,3238
2015,County,NY-Livingston,36051,12900.0,614.5711,"Livingston County, New York",64801,51734.0,8681
2015,County,NY-Madison,36053,13733.0,645.7977,"Madison County, New York",72427,54145.0,8180
2015,County,NY-Monroe,36055,150583.0,889.5973,"Monroe County, New York",749356,52553.0,110192
2015,County,NY-Montgomery,36057,12195.0,854.6465,"Montgomery County, New York",49779,43764.0,10053
2015,County,NY-Nassau,36059,258928.0,500.9874,"Nassau County, New York",1354612,99465.0,82146
2015,County,NY-New York,36061,277743.0,564.3128,"New York County, New York",1629507,72871.0,283590
2015,County,NY-Niagara,36063,49076.0,723.0181,"Niagara County, New York",214150,49449.0,28816
2015,County,NY-Oneida,36065,52777.0,698.2245,"Oneida County, New York",233558,48246.0,37760
2015,County,NY-Onondaga,36067,92513.0,635.8377,"Onondaga County, New York",468304,55092.0,69487
2015,County,NY-Ontario,36069,24413.0,797.048,"Ontario County, New York",109192,57416.0,10975
2015,County,NY-Orange,36071,60562.0,641.8396,"Orange County, New York",375384,70848.0,46731
2015,County,NY-Orleans,36073,8635.0,817.2619,"Orleans County, New York",42204,46359.0,6173
2015,County,NY-Oswego,36075,24312.0,581.9696,"Oswego County, New York",121183,47860.0,21615
2015,County,NY-Otsego,36077,14000.0,654.6019,"Otsego County, New York",61399,48588.0,9275
2015,County,NY-Putnam,36079,17888.0,550.8711,"Putnam County, New York",99488,96148.0,5212
2015,County,NY-Queens,36081,347377.0,518.0234,"Queens County, New York",2301139,57720.0,343834
2015,County,NY-Rensselaer,36083,31343.0,744.4525,"Rensselaer County, New York",159900,60709.0,19186
2015,County,NY-Richmond,36085,85873.0,562.9583,"Richmond County, New York",472481,73197.0,58470
2015,County,NY-Rockland,36087,56263.0,559.1108,"Rockland County, New York",320688,84855.0,46118
2015,County,NY-Saratoga,36091,44519.0,546.3464,"Saratoga County, New York",223774,71496.0,14583
2015,County,NY-Schenectady,36093,31369.0,677.3884,"Schenectady County, New York",154796,58114.0,19028
2015,County,NY-Schoharie,36095,6509.0,657.3074,"Schoharie County, New York",31913,51195.0,3936
2015,County,NY-Schuyler,36097,4596.0,786.3341,"Schuyler County, New York",18410,47680.0,2595
2015,County,NY-Seneca,36099,7480.0,710.4969,"Seneca County, New York",35144,49292.0,4081
2015,County,NY-St. Lawrence,36089,23159.0,798.0621,"St. Lawrence County, New York",112011,44705.0,19494
2015,County,NY-Steuben,36101,21994.0,711.219,"Steuben County, New York",98665,47280.0,15888
2015,County,NY-Suffolk,36103,282078.0,589.0649,"Suffolk County, New York",1501373,88663.0,103269
2015,County,NY-Sullivan,36105,16590.0,691.0995,"Sullivan County, New York",76330,50710.0,12868
2015,County,NY-Tioga,36107,11102.0,612.1385,"Tioga County, New York",50199,57514.0,4801
2015,County,NY-Tompkins,36109,15747.0,564.6968,"Tompkins County, New York",103855,52624.0,18547
2015,County,NY-Ulster,36111,39182.0,661.1444,"Ulster County, New York",181300,58918.0,22290
2015,County,NY-Warren,36113,16979.0,626.1795,"Warren County, New York",65180,56798.0,7685
2015,County,NY-Washington,36115,13289.0,630.0699,"Washington County, New York",62700,51143.0,8004
2015,County,NY-Wayne,36117,21248.0,917.3458,"Wayne County, New York",92416,50798.0,11541
2015,County,NY-Westchester,36119,172123.0,595.2594,"Westchester County, New York",967315,83958.0,90752
2015,County,NY-Wyoming,36121,8445.0,639.8988,"Wyoming County, New York",41446,52564.0,4425
2015,County,NY-Yates,36123,5705.0,632.4935,"Yates County, New York",25187,49510.0,3446
2015,County,OH-Adams,39001,6509.0,913.0435,"Adams County, Ohio",28229,35560.0,6832
2015,County,OH-Allen,39003,21780.0,918.9488,"Allen County, Ohio",105196,44103.0,17713
2015,County,OH-Ashland,39005,11097.0,793.749,"Ashland County, Ohio",53189,48003.0,7569
2015,County,OH-Ashtabula,39007,22843.0,886.3727,"Ashtabula County, Ohio",99777,40544.0,19266
2015,County,OH-Athens,39009,10108.0,987.3729,"Athens County, Ohio",64974,33872.0,18263
2015,County,OH-Auglaize,39011,9103.0,627.0253,"Auglaize County, Ohio",45873,54274.0,4010
2015,County,OH-Belmont,39013,16308.0,983.5613,"Belmont County, Ohio",69560,43833.0,9553
2015,County,OH-Brown,39015,9573.0,923.0314,"Brown County, Ohio",44247,45568.0,6442
2015,County,OH-Butler,39017,64407.0,724.0284,"Butler County, Ohio",372538,57540.0,50312
2015,County,OH-Carroll,39019,6365.0,800.995,"Carroll County, Ohio",28361,47075.0,4317
2015,County,OH-Champaign,39021,7906.0,830.1081,"Champaign County, Ohio",39393,50974.0,4756
2015,County,OH-Clark,39023,30719.0,725.6971,"Clark County, Ohio",136827,43625.0,24419
2015,County,OH-Clermont,39025,36866.0,680.9343,"Clermont County, Ohio",200285,60805.0,21127
2015,County,OH-Clinton,39027,8532.0,996.5248,"Clinton County, Ohio",41892,46787.0,6425
2015,County,OH-Columbiana,39029,24281.0,743.6369,"Columbiana County, Ohio",105987,44497.0,15730
2015,County,OH-Coshocton,39031,8092.0,931.2547,"Coshocton County, Ohio",36724,41701.0,5835
2015,County,OH-Crawford,39033,10560.0,879.3226,"Crawford County, Ohio",42725,40795.0,6888
2015,County,OH-Cuyahoga,39035,256049.0,735.5633,"Cuyahoga County, Ohio",1263189,44190.0,231823
2015,County,OH-Darke,39037,11603.0,759.8623,"Darke County, Ohio",52356,44632.0,6846
2015,County,OH-Defiance,39039,8455.0,916.4149,"Defiance County, Ohio",38669,50663.0,5071
2015,County,OH-Delaware,39041,26836.0,582.3767,"Delaware County, Ohio",185433,91955.0,8285
2015,County,OH-Erie,39043,18377.0,890.8087,"Erie County, Ohio",76141,48011.0,9333
2015,County,OH-Fairfield,39045,27462.0,848.7506,"Fairfield County, Ohio",149112,60567.0,15110
2015,County,OH-Fayette,39047,6251.0,990.0436,"Fayette County, Ohio",28769,40503.0,5185
2015,County,OH-Franklin,39049,174317.0,783.0619,"Franklin County, Ohio",1215761,52341.0,208422
2015,County,OH-Fulton,39051,8665.0,649.4451,"Fulton County, Ohio",42485,55120.0,4532
2015,County,OH-Gallia,39053,6857.0,783.1273,"Gallia County, Ohio",30565,37319.0,6214
2015,County,OH-Geauga,39055,19402.0,515.5461,"Geauga County, Ohio",93874,72430.0,6969
2015,County,OH-Greene,39057,30292.0,680.4831,"Greene County, Ohio",164192,60113.0,21065
2015,County,OH-Guernsey,39059,9201.0,849.9213,"Guernsey County, Ohio",39626,40930.0,7784
2015,County,OH-Hamilton,39061,145269.0,698.1299,"Hamilton County, Ohio",804194,49013.0,143778
2015,County,OH-Hancock,39063,14472.0,657.0675,"Hancock County, Ohio",75428,50895.0,10221
2015,County,OH-Hardin,39065,6043.0,815.9361,"Hardin County, Ohio",31736,42703.0,5491
2015,County,OH-Harrison,39067,3659.0,1043.416,"Harrison County, Ohio",15633,43173.0,2657
2015,County,OH-Henry,39069,5869.0,719.2069,"Henry County, Ohio",28015,53835.0,3144
2015,County,OH-Highland,39071,9445.0,1022.2802,"Highland County, Ohio",43170,39858.0,8604
2015,County,OH-Hocking,39073,6380.0,710.3852,"Hocking County, Ohio",28914,42170.0,4894
2015,County,OH-Holmes,39075,4816.0,708.7542,"Holmes County, Ohio",43436,51996.0,5398
2015,County,OH-Huron,39077,12092.0,857.9993,"Huron County, Ohio",58937,48745.0,7853
2015,County,OH-Jackson,39079,7362.0,911.9318,"Jackson County, Ohio",32854,39460.0,7637
2015,County,OH-Jefferson,39081,17034.0,1140.2396,"Jefferson County, Ohio",68053,41942.0,11533
2015,County,OH-Knox,39083,12439.0,781.1677,"Knox County, Ohio",61004,48533.0,8825
2015,County,OH-Lake,39085,50204.0,618.0074,"Lake County, Ohio",229437,58029.0,20063
2015,County,OH-Lawrence,39087,14797.0,946.0384,"Lawrence County, Ohio",61827,42874.0,11135
2015,County,OH-Licking,39089,32833.0,842.3971,"Licking County, Ohio",168693,56549.0,20926
2015,County,OH-Logan,39091,9551.0,748.8251,"Logan County, Ohio",45484,49783.0,6487
2015,County,OH-Lorain,39093,62553.0,741.7656,"Lorain County, Ohio",303152,52457.0,42269
2015,County,OH-Lucas,39095,83652.0,842.4832,"Lucas County, Ohio",436261,41777.0,90091
2015,County,OH-Madison,39097,7580.0,786.5586,"Madison County, Ohio",43456,57406.0,3580
2015,County,OH-Mahoning,39099,55736.0,699.949,"Mahoning County, Ohio",234550,41375.0,40841
2015,County,OH-Marion,39101,13982.0,936.3648,"Marion County, Ohio",65943,42966.0,11127
2015,County,OH-Medina,39103,33154.0,676.9089,"Medina County, Ohio",174831,66952.0,12859
2015,County,OH-Meigs,39105,5401.0,932.2265,"Meigs County, Ohio",23473,37813.0,5285
2015,County,OH-Mercer,39107,8177.0,610.542,"Mercer County, Ohio",40863,53099.0,3399
2015,County,OH-Miami,39109,22037.0,801.66,"Miami County, Ohio",103517,51569.0,13076
2015,County,OH-Monroe,39111,3828.0,766.0358,"Monroe County, Ohio",14547,41528.0,2782
2015,County,OH-Montgomery,39113,110767.0,801.6577,"Montgomery County, Ohio",533763,43829.0,96354
2015,County,OH-Morgan,39115,3315.0,703.1492,"Morgan County, Ohio",14913,37067.0,3111
2015,County,OH-Morrow,39117,6735.0,869.8856,"Morrow County, Ohio",34996,51993.0,4063
2015,County,OH-Muskingum,39119,19596.0,905.4507,"Muskingum County, Ohio",86016,41130.0,15554
2015,County,OH-Noble,39121,2570.0,690.3226,"Noble County, Ohio",14508,41708.0,1521
2015,County,OH-Ottawa,39123,11025.0,737.7711,"Ottawa County, Ohio",41162,53914.0,4349
2015,County,OH-Paulding,39125,4133.0,889.5225,"Paulding County, Ohio",19165,45550.0,2436
2015,County,OH-Perry,39127,7395.0,729.8335,"Perry County, Ohio",36025,42017.0,6876
2015,County,OH-Pickaway,39129,10670.0,930.714,"Pickaway County, Ohio",56515,57439.0,6509
2015,County,OH-Pike,39131,6447.0,871.2963,"Pike County, Ohio",28396,40283.0,6436
2015,County,OH-Portage,39133,29584.0,671.7311,"Portage County, Ohio",161897,52552.0,24219
2015,County,OH-Preble,39135,8811.0,656.5323,"Preble County, Ohio",41682,47818.0,5477
2015,County,OH-Putnam,39137,6404.0,722.6261,"Putnam County, Ohio",34184,60524.0,1966
2015,County,OH-Richland,39139,27777.0,791.6284,"Richland County, Ohio",122312,41877.0,19504
2015,County,OH-Ross,39141,15718.0,813.3013,"Ross County, Ohio",77334,43345.0,13746
2015,County,OH-Sandusky,39143,12803.0,783.4585,"Sandusky County, Ohio",60187,47209.0,8458
2015,County,OH-Scioto,39145,16930.0,938.8343,"Scioto County, Ohio",78017,35903.0,18740
2015,County,OH-Seneca,39147,11989.0,757.1959,"Seneca County, Ohio",55929,45444.0,8923
2015,County,OH-Shelby,39149,9134.0,821.5804,"Shelby County, Ohio",49067,54550.0,4970
2015,County,OH-Stark,39151,83712.0,789.8341,"Stark County, Ohio",374979,47137.0,53715
2015,County,OH-Summit,39153,108631.0,768.5381,"Summit County, Ohio",541847,50765.0,78658
2015,County,OH-Trumbull,39155,50605.0,702.8071,"Trumbull County, Ohio",206373,43073.0,34912
2015,County,OH-Tuscarawas,39157,20228.0,982.4865,"Tuscarawas County, Ohio",92697,45310.0,12763
2015,County,OH-Union,39159,7631.0,755.2409,"Union County, Ohio",53470,67382.0,4344
2015,County,OH-Van Wert,39161,6357.0,745.5789,"Van Wert County, Ohio",28576,48060.0,3600
2015,County,OH-Vinton,39163,2536.0,748.6306,"Vinton County, Ohio",13234,40680.0,2713
2015,County,OH-Warren,39165,34777.0,672.1498,"Warren County, Ohio",219916,74379.0,11885
2015,County,OH-Washington,39167,14665.0,949.4633,"Washington County, Ohio",61351,43509.0,9777
2015,County,OH-Wayne,39169,22508.0,660.1068,"Wayne County, Ohio",115371,50383.0,14758
2015,County,OH-Williams,39171,8222.0,751.3269,"Williams County, Ohio",37386,42492.0,5386
2015,County,OH-Wood,39173,22781.0,771.0538,"Wood County, Ohio",128885,53577.0,17461
2015,County,OH-Wyandot,39175,4845.0,793.3396,"Wyandot County, Ohio",22467,47555.0,2601
2015,County,OK-Adair,40001,4429.0,757.1278,"Adair County, Oklahoma",22236,33404.0,5897
2015,County,OK-Alfalfa,40003,1170.0,599.4318,"Alfalfa County, Oklahoma",5755,50156.0,606
2015,County,OK-Atoka,40005,3242.0,695.0657,"Atoka County, Oklahoma",13906,36661.0,2794
2015,County,OK-Beaver,40007,1039.0,588.3644,"Beaver County, Oklahoma",5530,52090.0,492
2015,County,OK-Beckham,40009,3721.0,838.3901,"Beckham County, Oklahoma",23300,48601.0,2777
2015,County,OK-Blaine,40011,2152.0,924.33,"Blaine County, Oklahoma",9810,41972.0,1293
2015,County,OK-Bryan,40013,8858.0,842.1965,"Bryan County, Oklahoma",44003,38847.0,7816
2015,County,OK-Caddo,40015,5956.0,742.0105,"Caddo County, Oklahoma",29495,40674.0,5976
2015,County,OK-Canadian,40017,19234.0,725.563,"Canadian County, Oklahoma",126193,64505.0,8995
2015,County,OK-Carter,40019,10251.0,858.1042,"Carter County, Oklahoma",48442,44531.0,7262
2015,County,OK-Cherokee,40021,9041.0,672.6669,"Cherokee County, Oklahoma",48097,38694.0,10426
2015,County,OK-Choctaw,40023,3749.0,738.6328,"Choctaw County, Oklahoma",15120,30617.0,4297
2015,County,OK-Cimarron,40025,624.0,639.2294,"Cimarron County, Oklahoma",2341,46680.0,414
2015,County,OK-Cleveland,40027,40578.0,743.6075,"Cleveland County, Oklahoma",268614,56452.0,32758
2015,County,OK-Coal,40029,1231.0,701.0309,"Coal County, Oklahoma",5812,38243.0,1186
2015,County,OK-Comanche,40031,18188.0,791.3381,"Comanche County, Oklahoma",125531,46241.0,20444
2015,County,OK-Cotton,40033,1346.0,700.3396,"Cotton County, Oklahoma",6112,46361.0,1030
2015,County,OK-Craig,40035,3668.0,877.7668,"Craig County, Oklahoma",14744,38876.0,2659
2015,County,OK-Creek,40037,15520.0,762.8571,"Creek County, Oklahoma",70761,45016.0,10813
2015,County,OK-Custer,40039,4590.0,809.0863,"Custer County, Oklahoma",28978,46125.0,4595
2015,County,OK-Delaware,40041,10352.0,690.6676,"Delaware County, Oklahoma",41409,37942.0,8311
2015,County,OK-Dewey,40043,1110.0,576.0083,"Dewey County, Oklahoma",4863,50904.0,788
2015,County,OK-Ellis,40045,929.0,772.846,"Ellis County, Oklahoma",4121,50855.0,595
2015,County,OK-Garfield,40047,11947.0,774.9779,"Garfield County, Oklahoma",62192,48238.0,7852
2015,County,OK-Garvin,40049,6189.0,781.1904,"Garvin County, Oklahoma",27455,40524.0,5038
2015,County,OK-Grady,40051,9913.0,759.6869,"Grady County, Oklahoma",53612,52279.0,6690
2015,County,OK-Grant,40053,1038.0,659.5518,"Grant County, Oklahoma",4517,50250.0,430
2015,County,OK-Greer,40055,1324.0,978.706,"Greer County, Oklahoma",6117,40125.0,735
2015,County,OK-Harmon,40057,644.0,1131.8493,"Harmon County, Oklahoma",2866,31250.0,481
2015,County,OK-Harper,40059,742.0,693.3333,"Harper County, Oklahoma",3766,48359.0,520
2015,County,OK-Haskell,40061,3213.0,670.6276,"Haskell County, Oklahoma",12850,35252.0,2524
2015,County,OK-Hughes,40063,3248.0,799.3311,"Hughes County, Oklahoma",13785,35563.0,2244
2015,County,OK-Jackson,40065,4382.0,885.9761,"Jackson County, Oklahoma",26056,41560.0,4276
2015,County,OK-Jefferson,40067,1531.0,914.9254,"Jefferson County, Oklahoma",6333,33449.0,1313
2015,County,OK-Johnston,40069,2558.0,917.229,"Johnston County, Oklahoma",11022,38776.0,2070
2015,County,OK-Kay,40071,10475.0,862.0965,"Kay County, Oklahoma",45587,42134.0,8137
2015,County,OK-Kingfisher,40073,2901.0,698.4515,"Kingfisher County, Oklahoma",15302,60034.0,1093
2015,County,OK-Kiowa,40075,2344.0,868.3432,"Kiowa County, Oklahoma",9302,39909.0,1883
2015,County,OK-Latimer,40077,2611.0,584.4516,"Latimer County, Oklahoma",10774,39205.0,1833
2015,County,OK-Le Flore,40079,10892.0,788.1985,"Le Flore County, Oklahoma",49899,36490.0,11035
2015,County,OK-Lincoln,40081,7150.0,742.0993,"Lincoln County, Oklahoma",34504,45149.0,5335
2015,County,OK-Logan,40083,7755.0,752.6765,"Logan County, Oklahoma",44493,55299.0,4943
2015,County,OK-Love,40085,2228.0,800.4147,"Love County, Oklahoma",9663,44549.0,1292
2015,County,OK-Major,40093,1708.0,694.7712,"Major County, Oklahoma",7700,51571.0,1073
2015,County,OK-Marshall,40095,3887.0,825.3682,"Marshall County, Oklahoma",16014,40475.0,2645
2015,County,OK-Mayes,40097,8951.0,691.4211,"Mayes County, Oklahoma",41007,42071.0,8585
2015,County,OK-McClain,40087,6974.0,724.0748,"McClain County, Oklahoma",36512,56088.0,3944
2015,County,OK-McCurtain,40089,7507.0,792.4883,"McCurtain County, Oklahoma",33143,32324.0,8256
2015,County,OK-McIntosh,40091,6201.0,655.4949,"McIntosh County, Oklahoma",20280,36011.0,4209
2015,County,OK-Murray,40099,3136.0,742.0547,"Murray County, Oklahoma",13733,47077.0,2012
2015,County,OK-Muskogee,40101,15447.0,667.5873,"Muskogee County, Oklahoma",70224,39984.0,14670
2015,County,OK-Noble,40103,2529.0,811.3208,"Noble County, Oklahoma",11506,48285.0,1515
2015,County,OK-Nowata,40105,2580.0,698.2836,"Nowata County, Oklahoma",10555,39875.0,1928
2015,County,OK-Okfuskee,40107,2649.0,951.2987,"Okfuskee County, Oklahoma",12248,36216.0,2797
2015,County,OK-Oklahoma,40109,123406.0,834.6377,"Oklahoma County, Oklahoma",754480,47437.0,134377
2015,County,OK-Okmulgee,40111,9185.0,865.3384,"Okmulgee County, Oklahoma",39446,38843.0,7880
2015,County,OK-Osage,40113,9388.0,763.1178,"Osage County, Oklahoma",48054,45443.0,7365
2015,County,OK-Ottawa,40115,8222.0,843.7776,"Ottawa County, Oklahoma",32085,36347.0,7112
2015,County,OK-Pawnee,40117,3910.0,783.0249,"Pawnee County, Oklahoma",16499,45765.0,2249
2015,County,OK-Payne,40119,11425.0,786.7279,"Payne County, Oklahoma",79423,37667.0,18483
2015,County,OK-Pittsburg,40121,10079.0,711.8135,"Pittsburg County, Oklahoma",44961,42576.0,7994
2015,County,OK-Pontotoc,40123,7920.0,685.7099,"Pontotoc County, Oklahoma",38055,43261.0,6769
2015,County,OK-Pottawatomie,40125,14844.0,851.0836,"Pottawatomie County, Oklahoma",71136,44688.0,12288
2015,County,OK-Pushmataha,40127,3150.0,695.1311,"Pushmataha County, Oklahoma",11226,32445.0,2716
2015,County,OK-Roger Mills,40129,741.0,916.6667,"Roger Mills County, Oklahoma",3780,50739.0,544
2015,County,OK-Rogers,40131,16947.0,620.4113,"Rogers County, Oklahoma",89190,58139.0,8271
2015,County,OK-Seminole,40133,5526.0,902.615,"Seminole County, Oklahoma",25481,36068.0,5371
2015,County,OK-Sequoyah,40135,9646.0,899.5248,"Sequoyah County, Oklahoma",41464,35736.0,10261
2015,County,OK-Stephens,40137,10148.0,818.6007,"Stephens County, Oklahoma",44806,43781.0,6740
2015,County,OK-Texas,40139,2649.0,528.2669,"Texas County, Oklahoma",21588,50242.0,2733
2015,County,OK-Tillman,40141,1739.0,881.0916,"Tillman County, Oklahoma",7715,37759.0,1750
2015,County,OK-Tulsa,40143,107147.0,698.4652,"Tulsa County, Oklahoma",623335,49759.0,96498
2015,County,OK-Wagoner,40145,13569.0,594.46,"Wagoner County, Oklahoma",75391,55715.0,8150
2015,County,OK-Washington,40147,11880.0,743.0695,"Washington County, Oklahoma",51760,50023.0,7307
2015,County,OK-Washita,40149,2222.0,735.8393,"Washita County, Oklahoma",11649,49632.0,1725
2015,County,OK-Woods,40151,1691.0,633.7748,"Woods County, Oklahoma",9033,55315.0,1283
2015,County,OK-Woodward,40153,3583.0,798.2737,"Woodward County, Oklahoma",20986,55300.0,2595
2015,County,OR-Baker,41001,4708.0,576.1216,"Baker County, Oregon",16052,41098.0,2353
2015,County,OR-Benton,41003,14931.0,489.9178,"Benton County, Oregon",86495,49802.0,18139
2015,County,OR-Clackamas,41005,77180.0,583.3333,"Clackamas County, Oregon",389438,65965.0,36894
2015,County,OR-Clatsop,41007,9214.0,702.9242,"Clatsop County, Oregon",37382,46408.0,5791
2015,County,OR-Columbia,41009,11120.0,575.2664,"Columbia County, Oregon",49389,53179.0,6638
2015,County,OR-Coos,41011,19094.0,670.1031,"Coos County, Oregon",62775,38605.0,11310
2015,County,OR-Crook,41013,6322.0,627.7753,"Crook County, Oregon",20956,37106.0,4048
2015,County,OR-Curry,41015,8531.0,542.7834,"Curry County, Oregon",22338,40884.0,3682
2015,County,OR-Deschutes,41017,38824.0,400.5817,"Deschutes County, Oregon",166622,51223.0,24220
2015,County,OR-Douglas,41019,31831.0,597.2007,"Douglas County, Oregon",107194,41312.0,20377
2015,County,OR-Gilliam,41021,520.0,605.5046,"Gilliam County, Oregon",1883,44293.0,186
2015,County,OR-Grant,41023,2157.0,666.6667,"Grant County, Oregon",7276,38046.0,1138
2015,County,OR-Harney,41025,1937.0,553.4629,"Harney County, Oregon",7229,37580.0,1268
2015,County,OR-Hood River,41027,3969.0,502.0794,"Hood River County, Oregon",22749,55827.0,3223
2015,County,OR-Jackson,41029,52698.0,575.6928,"Jackson County, Oregon",208363,44028.0,39122
2015,County,OR-Jefferson,41031,5045.0,754.2787,"Jefferson County, Oregon",22061,46366.0,4358
2015,County,OR-Josephine,41033,25473.0,588.5609,"Josephine County, Oregon",83409,37665.0,16627
2015,County,OR-Klamath,41035,16406.0,516.5774,"Klamath County, Oregon",65972,40336.0,12542
2015,County,OR-Lake,41037,2174.0,529.5082,"Lake County, Oregon",7842,32369.0,1365
2015,County,OR-Lane,41039,79568.0,609.0377,"Lane County, Oregon",357060,44103.0,70308
2015,County,OR-Lincoln,41041,14757.0,680.3561,"Lincoln County, Oregon",46347,42101.0,7754
2015,County,OR-Linn,41043,27132.0,714.731,"Linn County, Oregon",118971,45644.0,22201
2015,County,OR-Malheur,41045,5983.0,781.4152,"Malheur County, Oregon",30551,35418.0,6865
2015,County,OR-Marion,41047,60006.0,693.9004,"Marion County, Oregon",323259,48432.0,57846
2015,County,OR-Morrow,41049,1983.0,562.2026,"Morrow County, Oregon",11204,50918.0,1844
2015,County,OR-Multnomah,41051,118817.0,663.1523,"Multnomah County, Oregon",768418,54102.0,136472
2015,County,OR-Polk,41053,16375.0,656.4186,"Polk County, Oregon",77264,52821.0,12270
2015,County,OR-Sherman,41055,513.0,564.8649,"Sherman County, Oregon",1795,38362.0,386
2015,County,OR-Tillamook,41057,7481.0,615.0216,"Tillamook County, Oregon",25430,42581.0,4310
2015,County,OR-Umatilla,41059,13592.0,710.2289,"Umatilla County, Oregon",76738,48101.0,12733
2015,County,OR-Union,41061,5994.0,677.6409,"Union County, Oregon",25745,43822.0,4641
2015,County,OR-Wallowa,41063,2235.0,504.0445,"Wallowa County, Oregon",6857,40581.0,1033
2015,County,OR-Wasco,41065,6015.0,674.0452,"Wasco County, Oregon",25492,43422.0,4015
2015,County,OR-Washington,41067,80627.0,612.8686,"Washington County, Oregon",556210,66754.0,64861
2015,County,OR-Wheeler,41069,496.0,370.9677,"Wheeler County, Oregon",1348,33487.0,250
2015,County,OR-Yamhill,41071,19498.0,811.7336,"Yamhill County, Oregon",101119,53423.0,15877
2015,County,PA-Adams,42001,22921.0,605.3381,"Adams County, Pennsylvania",101767,60356.0,8715
2015,County,PA-Allegheny,42003,262439.0,747.6341,"Allegheny County, Pennsylvania",1231145,53040.0,155874
2015,County,PA-Armstrong,42005,16880.0,834.6677,"Armstrong County, Pennsylvania",67979,44942.0,8738
2015,County,PA-Beaver,42007,42323.0,717.826,"Beaver County, Pennsylvania",169785,50581.0,19888
2015,County,PA-Bedford,42009,12740.0,695.3852,"Bedford County, Pennsylvania",49086,45930.0,6643
2015,County,PA-Berks,42011,82346.0,625.1552,"Berks County, Pennsylvania",413965,55936.0,56855
2015,County,PA-Blair,42013,31060.0,714.6693,"Blair County, Pennsylvania",126448,43981.0,18548
2015,County,PA-Bradford,42015,14739.0,795.24,"Bradford County, Pennsylvania",62228,48987.0,8336
2015,County,PA-Bucks,42017,129634.0,596.1525,"Bucks County, Pennsylvania",626583,77568.0,36868
2015,County,PA-Butler,42019,39523.0,633.7325,"Butler County, Pennsylvania",185689,60934.0,16325
2015,County,PA-Cambria,42021,36542.0,758.4288,"Cambria County, Pennsylvania",139381,42107.0,20011
2015,County,PA-Cameron,42023,1468.0,825.9494,"Cameron County, Pennsylvania",4869,39897.0,626
2015,County,PA-Carbon,42025,15662.0,787.3754,"Carbon County, Pennsylvania",64634,49973.0,6909
2015,County,PA-Centre,42027,23064.0,721.5975,"Centre County, Pennsylvania",157823,52186.0,27217
2015,County,PA-Chester,42029,87956.0,554.128,"Chester County, Pennsylvania",509797,85976.0,35053
2015,County,PA-Clarion,42031,9090.0,776.4811,"Clarion County, Pennsylvania",39454,42536.0,6881
2015,County,PA-Clearfield,42033,19603.0,895.7237,"Clearfield County, Pennsylvania",81343,42257.0,11306
2015,County,PA-Clinton,42035,8586.0,863.2346,"Clinton County, Pennsylvania",39614,45078.0,6086
2015,County,PA-Columbia,42037,14466.0,735.9798,"Columbia County, Pennsylvania",66912,45374.0,10067
2015,County,PA-Crawford,42039,20959.0,730.0604,"Crawford County, Pennsylvania",87343,44579.0,12321
2015,County,PA-Cumberland,42041,50213.0,565.8172,"Cumberland County, Pennsylvania",241427,61820.0,19984
2015,County,PA-Dauphin,42043,53311.0,611.2685,"Dauphin County, Pennsylvania",271094,53754.0,36269
2015,County,PA-Delaware,42045,104788.0,655.5677,"Delaware County, Pennsylvania",561683,65123.0,57202
2015,County,PA-Elk,42047,8140.0,818.1511,"Elk County, Pennsylvania",31370,46671.0,2721
2015,County,PA-Erie,42049,57789.0,719.2289,"Erie County, Pennsylvania",279858,45971.0,44595
2015,County,PA-Fayette,42051,34918.0,743.9459,"Fayette County, Pennsylvania",134851,39636.0,25282
2015,County,PA-Forest,42053,1665.0,750.0,"Forest County, Pennsylvania",7581,35533.0,523
2015,County,PA-Franklin,42055,34362.0,694.0419,"Franklin County, Pennsylvania",152285,53916.0,17554
2015,County,PA-Fulton,42057,3718.0,918.6176,"Fulton County, Pennsylvania",14694,48311.0,1779
2015,County,PA-Greene,42059,8293.0,747.1532,"Greene County, Pennsylvania",37938,46661.0,4672
2015,County,PA-Huntingdon,42061,10462.0,761.3901,"Huntingdon County, Pennsylvania",45906,44396.0,5578
2015,County,PA-Indiana,42063,18546.0,808.8593,"Indiana County, Pennsylvania",87895,45195.0,14176
2015,County,PA-Jefferson,42065,11067.0,884.5727,"Jefferson County, Pennsylvania",44756,42903.0,6414
2015,County,PA-Juniata,42067,5357.0,594.9555,"Juniata County, Pennsylvania",24829,47398.0,3245
2015,County,PA-Lackawanna,42069,51658.0,722.2742,"Lackawanna County, Pennsylvania",213459,46271.0,30447
2015,County,PA-Lancaster,42071,105801.0,531.102,"Lancaster County, Pennsylvania",530216,57721.0,55372
2015,County,PA-Lawrence,42073,22557.0,779.12,"Lawrence County, Pennsylvania",89162,44571.0,13192
2015,County,PA-Lebanon,42075,30524.0,527.0826,"Lebanon County, Pennsylvania",135776,55499.0,14922
2015,County,PA-Lehigh,42077,71171.0,693.0988,"Lehigh County, Pennsylvania",356756,56117.0,45488
2015,County,PA-Luzerne,42079,75036.0,620.4213,"Luzerne County, Pennsylvania",320095,45897.0,48822
2015,County,PA-Lycoming,42081,25991.0,730.3837,"Lycoming County, Pennsylvania",116656,47313.0,16150
2015,County,PA-McKean,42083,10310.0,789.0122,"McKean County, Pennsylvania",42884,43965.0,6830
2015,County,PA-Mercer,42085,29117.0,870.1043,"Mercer County, Pennsylvania",115320,44156.0,14549
2015,County,PA-Mifflin,42087,11496.0,840.6687,"Mifflin County, Pennsylvania",46675,41288.0,7216
2015,County,PA-Monroe,42089,31722.0,667.7892,"Monroe County, Pennsylvania",167881,57365.0,20702
2015,County,PA-Montgomery,42091,155850.0,614.0778,"Montgomery County, Pennsylvania",812970,80675.0,52330
2015,County,PA-Montour,42093,4285.0,710.0592,"Montour County, Pennsylvania",18508,54648.0,1749
2015,County,PA-Northampton,42095,65122.0,735.5774,"Northampton County, Pennsylvania",299616,60972.0,27294
2015,County,PA-Northumberland,42097,22944.0,808.9268,"Northumberland County, Pennsylvania",94006,42406.0,12279
2015,County,PA-Perry,42099,9629.0,541.0694,"Perry County, Pennsylvania",45677,57177.0,4217
2015,County,PA-Philadelphia,42101,259074.0,831.1069,"Philadelphia County, Pennsylvania",1555072,38253.0,399352
2015,County,PA-Pike,42103,13493.0,558.7528,"Pike County, Pennsylvania",56632,60180.0,5532
2015,County,PA-Potter,42105,4522.0,725.1023,"Potter County, Pennsylvania",17377,40654.0,2570
2015,County,PA-Schuylkill,42107,35742.0,699.7428,"Schuylkill County, Pennsylvania",146360,45535.0,18278
2015,County,PA-Snyder,42109,8211.0,595.1067,"Snyder County, Pennsylvania",40046,49917.0,4077
2015,County,PA-Somerset,42111,19220.0,689.3356,"Somerset County, Pennsylvania",76617,44587.0,9074
2015,County,PA-Sullivan,42113,1845.0,651.7857,"Sullivan County, Pennsylvania",6381,44189.0,802
2015,County,PA-Susquehanna,42115,10147.0,602.5921,"Susquehanna County, Pennsylvania",42369,50477.0,5455
2015,County,PA-Tioga,42117,10310.0,733.5022,"Tioga County, Pennsylvania",42284,46494.0,5891
2015,County,PA-Union,42119,8100.0,648.5944,"Union County, Pennsylvania",44958,49803.0,4554
2015,County,PA-Venango,42121,14100.0,822.8869,"Venango County, Pennsylvania",53906,43644.0,8123
2015,County,PA-Warren,42123,10293.0,638.4807,"Warren County, Pennsylvania",40962,44020.0,4891
2015,County,PA-Washington,42125,49943.0,750.921,"Washington County, Pennsylvania",208226,56450.0,21074
2015,County,PA-Wayne,42127,13302.0,640.9037,"Wayne County, Pennsylvania",51642,49919.0,6164
2015,County,PA-Westmoreland,42129,90951.0,727.5622,"Westmoreland County, Pennsylvania",361251,52247.0,36758
2015,County,PA-Wyoming,42131,6510.0,602.1559,"Wyoming County, Pennsylvania",28147,51004.0,3030
2015,County,PA-York,42133,88331.0,546.6627,"York County, Pennsylvania",439660,58269.0,46124
2015,County,RI-Bristol,44001,11182.0,551.5218,"Bristol County, Rhode Island",49176,72458.0,3396
2015,County,RI-Kent,44003,37307.0,782.0569,"Kent County, Rhode Island",164958,64383.0,13763
2015,County,RI-Newport,44005,19002.0,678.3257,"Newport County, Rhode Island",82663,69526.0,8005
2015,County,RI-Providence,44007,117895.0,827.8791,"Providence County, Rhode Island",630459,49743.0,107120
2015,County,RI-Washington,44009,27971.0,674.2382,"Washington County, Rhode Island",126405,72807.0,11939
2015,County,SC-Abbeville,45001,6128.0,724.4898,"Abbeville County, South Carolina",24997,34799.0,5471
2015,County,SC-Aiken,45003,36083.0,587.7721,"Aiken County, South Carolina",163908,45759.0,29126
2015,County,SC-Allendale,45005,2117.0,990.4098,"Allendale County, South Carolina",9838,25327.0,2537
2015,County,SC-Anderson,45007,43339.0,574.4356,"Anderson County, South Carolina",191215,42143.0,30915
2015,County,SC-Bamberg,45009,3406.0,636.194,"Bamberg County, South Carolina",15432,31314.0,4077
2015,County,SC-Barnwell,45011,4463.0,833.7922,"Barnwell County, South Carolina",22098,34336.0,5819
2015,County,SC-Beaufort,45013,45553.0,500.2709,"Beaufort County, South Carolina",171420,57048.0,21221
2015,County,SC-Berkeley,45015,31697.0,650.9553,"Berkeley County, South Carolina",193613,52506.0,26327
2015,County,SC-Calhoun,45017,3548.0,655.6886,"Calhoun County, South Carolina",14958,43531.0,2896
2015,County,SC-Charleston,45019,68058.0,693.6047,"Charleston County, South Carolina",372904,53437.0,62119
2015,County,SC-Cherokee,45021,12301.0,823.445,"Cherokee County, South Carolina",55863,35389.0,13093
2015,County,SC-Chester,45023,7539.0,870.4171,"Chester County, South Carolina",32556,31914.0,8734
2015,County,SC-Chesterfield,45025,9671.0,706.5747,"Chesterfield County, South Carolina",46192,32083.0,11930
2015,County,SC-Clarendon,45027,8643.0,665.8291,"Clarendon County, South Carolina",34178,33162.0,8163
2015,County,SC-Colleton,45029,9425.0,792.7928,"Colleton County, South Carolina",38004,32804.0,8340
2015,County,SC-Darlington,45031,15096.0,742.8818,"Darlington County, South Carolina",67922,35409.0,15878
2015,County,SC-Dillon,45033,6478.0,879.539,"Dillon County, South Carolina",31435,28938.0,10502
2015,County,SC-Dorchester,45035,24301.0,635.0869,"Dorchester County, South Carolina",145715,54901.0,18737
2015,County,SC-Edgefield,45037,5121.0,593.4034,"Edgefield County, South Carolina",26466,46637.0,3896
2015,County,SC-Fairfield,45039,5268.0,697.4665,"Fairfield County, South Carolina",23108,36004.0,5566
2015,County,SC-Florence,45041,28338.0,820.6692,"Florence County, South Carolina",138330,42080.0,26802
2015,County,SC-Georgetown,45043,18271.0,667.4702,"Georgetown County, South Carolina",60572,42835.0,12557
2015,County,SC-Greenville,45045,90137.0,600.4222,"Greenville County, South Carolina",474903,50540.0,72169
2015,County,SC-Greenwood,45047,15529.0,656.5189,"Greenwood County, South Carolina",69771,37060.0,15875
2015,County,SC-Hampton,45049,4316.0,957.3379,"Hampton County, South Carolina",20473,31410.0,3963
2015,County,SC-Horry,45051,79530.0,682.1777,"Horry County, South Carolina",290730,43299.0,51988
2015,County,SC-Jasper,45053,5022.0,807.5988,"Jasper County, South Carolina",26549,37141.0,6106
2015,County,SC-Kershaw,45055,13562.0,564.234,"Kershaw County, South Carolina",62722,43622.0,10467
2015,County,SC-Lancaster,45057,19782.0,629.6661,"Lancaster County, South Carolina",81263,44016.0,14802
2015,County,SC-Laurens,45059,15749.0,779.2402,"Laurens County, South Carolina",66389,38515.0,13395
2015,County,SC-Lee,45061,4110.0,820.6614,"Lee County, South Carolina",18461,30954.0,4663
2015,County,SC-Lexington,45063,49541.0,525.754,"Lexington County, South Carolina",273843,53857.0,38470
2015,County,SC-Marion,45067,7549.0,815.7801,"Marion County, South Carolina",32167,29874.0,8865
2015,County,SC-Marlboro,45069,6270.0,887.1077,"Marlboro County, South Carolina",27993,30767.0,7224
2015,County,SC-McCormick,45065,3453.0,523.2398,"McCormick County, South Carolina",9895,38712.0,1681
2015,County,SC-Newberry,45071,8784.0,593.3202,"Newberry County, South Carolina",37690,40127.0,6436
2015,County,SC-Oconee,45073,20479.0,607.4903,"Oconee County, South Carolina",74949,41237.0,14897
2015,County,SC-Orangeburg,45075,19823.0,772.3963,"Orangeburg County, South Carolina",90575,34218.0,20600
2015,County,SC-Pickens,45077,24875.0,740.9795,"Pickens County, South Carolina",120124,41459.0,22545
2015,County,SC-Richland,45079,60275.0,604.8543,"Richland County, South Carolina",397899,49131.0,62611
2015,County,SC-Saluda,45081,4346.0,566.0314,"Saluda County, South Carolina",20000,38827.0,4062
2015,County,SC-Spartanburg,45083,61562.0,662.2735,"Spartanburg County, South Carolina",291240,43907.0,49665
2015,County,SC-Sumter,45085,21026.0,693.2765,"Sumter County, South Carolina",107777,41332.0,18943
2015,County,SC-Union,45087,7573.0,696.6051,"Union County, South Carolina",28125,34033.0,5605
2015,County,SC-Williamsburg,45089,7882.0,873.9869,"Williamsburg County, South Carolina",33238,28297.0,9349
2015,County,SC-York,45091,41799.0,640.6003,"York County, South Carolina",240076,54117.0,31814
2015,County,SD-Aurora,46003,590.0,426.9663,"Aurora County, South Dakota",2729,48750.0,223
2015,County,SD-Beadle,46005,3631.0,537.3721,"Beadle County, South Dakota",18168,46267.0,3708
2015,County,SD-Bennett,46007,501.0,766.055,"Bennett County, South Dakota",3438,42171.0,1361
2015,County,SD-Bon Homme,46009,1588.0,410.4418,"Bon Homme County, South Dakota",7013,45254.0,576
2015,County,SD-Brookings,46011,4220.0,540.8367,"Brookings County, South Dakota",33046,50082.0,4811
2015,County,SD-Brown,46013,7283.0,645.7113,"Brown County, South Dakota",38060,53100.0,3613
2015,County,SD-Brule,46015,997.0,544.2536,"Brule County, South Dakota",5330,49531.0,789
2015,County,SD-Buffalo,46017,225.0,1210.2273,"Buffalo County, South Dakota",2038,31163.0,711
2015,County,SD-Butte,46019,2148.0,528.8796,"Butte County, South Dakota",10292,41920.0,1082
2015,County,SD-Campbell,46021,397.0,443.7086,"Campbell County, South Dakota",1548,45170.0,140
2015,County,SD-Charles Mix,46023,1875.0,474.4764,"Charles Mix County, South Dakota",9239,43109.0,1970
2015,County,SD-Clark,46025,813.0,450.9804,"Clark County, South Dakota",3625,49600.0,566
2015,County,SD-Clay,46027,1926.0,571.4286,"Clay County, South Dakota",14011,36608.0,3255
2015,County,SD-Codington,46029,5352.0,533.5315,"Codington County, South Dakota",27750,48912.0,2806
2015,County,SD-Corson,46031,587.0,805.726,"Corson County, South Dakota",4149,31676.0,1865
2015,County,SD-Custer,46033,2332.0,502.6087,"Custer County, South Dakota",8394,52218.0,850
2015,County,SD-Davison,46035,4157.0,584.7432,"Davison County, South Dakota",19787,49991.0,2379
2015,County,SD-Day,46037,1522.0,533.7904,"Day County, South Dakota",5618,39216.0,1200
2015,County,SD-Deuel,46039,1075.0,332.8125,"Deuel County, South Dakota",4341,53152.0,330
2015,County,SD-Dewey,46041,789.0,451.1041,"Dewey County, South Dakota",5579,37206.0,1523
2015,County,SD-Douglas,46043,778.0,378.3784,"Douglas County, South Dakota",2973,52500.0,246
2015,County,SD-Edmunds,46045,895.0,449.3927,"Edmunds County, South Dakota",4018,56000.0,479
2015,County,SD-Fall River,46047,2374.0,465.1429,"Fall River County, South Dakota",6906,45997.0,1097
2015,County,SD-Faulk,46049,564.0,598.8484,"Faulk County, South Dakota",2359,43679.0,373
2015,County,SD-Grant,46051,1796.0,419.2578,"Grant County, South Dakota",7227,51272.0,582
2015,County,SD-Gregory,46053,1160.0,457.2406,"Gregory County, South Dakota",4226,37540.0,769
2015,County,SD-Haakon,46055,446.0,337.0166,"Haakon County, South Dakota",2083,41518.0,343
2015,County,SD-Hamlin,46057,1100.0,446.2209,"Hamlin County, South Dakota",5982,58602.0,424
2015,County,SD-Hand,46059,870.0,487.8378,"Hand County, South Dakota",3375,47163.0,271
2015,County,SD-Hanson,46061,1381.0,375.9058,"Hanson County, South Dakota",3386,60741.0,406
2015,County,SD-Harding,46063,216.0,187.9195,"Harding County, South Dakota",1328,52396.0,174
2015,County,SD-Hughes,46065,3238.0,476.0793,"Hughes County, South Dakota",17466,59177.0,1663
2015,County,SD-Hutchinson,46067,1953.0,419.2614,"Hutchinson County, South Dakota",7226,45075.0,926
2015,County,SD-Hyde,46069,342.0,456.9536,"Hyde County, South Dakota",1413,51776.0,168
2015,County,SD-Jackson,46071,498.0,699.2288,"Jackson County, South Dakota",3237,45074.0,1059
2015,County,SD-Jerauld,46073,640.0,366.2791,"Jerauld County, South Dakota",2031,53125.0,176
2015,County,SD-Jones,46075,222.0,435.0282,"Jones County, South Dakota",781,35972.0,89
2015,County,SD-Kingsbury,46077,1307.0,459.7107,"Kingsbury County, South Dakota",5107,53828.0,505
2015,County,SD-Lake,46079,3508.0,418.0173,"Lake County, South Dakota",12086,54535.0,1732
2015,County,SD-Lawrence,46081,5504.0,544.2736,"Lawrence County, South Dakota",24645,45548.0,3115
2015,County,SD-Lincoln,46083,6277.0,463.9959,"Lincoln County, South Dakota",49874,76094.0,2158
2015,County,SD-Lyman,46085,689.0,536.9004,"Lyman County, South Dakota",3837,43030.0,775
2015,County,SD-Marshall,46091,1034.0,592.1053,"Marshall County, South Dakota",4701,51788.0,701
2015,County,SD-McCook,46087,1204.0,373.8426,"McCook County, South Dakota",5613,56954.0,467
2015,County,SD-McPherson,46089,738.0,336.4055,"McPherson County, South Dakota",2263,36375.0,478
2015,County,SD-Meade,46093,5017.0,470.3672,"Meade County, South Dakota",26381,52473.0,2764
2015,County,SD-Mellette,46095,345.0,381.2709,"Mellette County, South Dakota",2086,30938.0,921
2015,County,SD-Miner,46097,568.0,497.9079,"Miner County, South Dakota",2306,44938.0,234
2015,County,SD-Minnehaha,46099,31922.0,537.6138,"Minnehaha County, South Dakota",178942,53525.0,20578
2015,County,SD-Moody,46101,1291.0,466.5936,"Moody County, South Dakota",6439,52446.0,910
2015,County,SD-Oglala Lakota,46102,1317.0,584.6614,"Oglala Lakota County, South Dakota",14153,26369.0,7482
2015,County,SD-Pennington,46103,22697.0,466.4552,"Pennington County, South Dakota",106085,50890.0,13079
2015,County,SD-Perkins,46105,779.0,321.3115,"Perkins County, South Dakota",2981,39773.0,396
2015,County,SD-Potter,46107,717.0,390.4762,"Potter County, South Dakota",2307,46081.0,255
2015,County,SD-Roberts,46109,2139.0,773.3788,"Roberts County, South Dakota",10318,48614.0,2031
2015,County,SD-Sanborn,46111,490.0,543.5897,"Sanborn County, South Dakota",2339,50541.0,238
2015,County,SD-Spink,46115,1580.0,593.2722,"Spink County, South Dakota",6570,48217.0,798
2015,County,SD-Stanley,46117,631.0,430.5835,"Stanley County, South Dakota",2962,56829.0,240
2015,County,SD-Sully,46119,328.0,415.7706,"Sully County, South Dakota",1469,60417.0,74
2015,County,SD-Todd,46121,950.0,467.8284,"Todd County, South Dakota",9942,31128.0,4471
2015,County,SD-Tripp,46123,1368.0,454.4658,"Tripp County, South Dakota",5504,37153.0,1212
2015,County,SD-Turner,46125,1869.0,472.6083,"Turner County, South Dakota",8302,53378.0,761
2015,County,SD-Union,46127,2904.0,434.3629,"Union County, South Dakota",14842,64471.0,783
2015,County,SD-Walworth,46129,1534.0,560.2941,"Walworth County, South Dakota",5495,43221.0,650
2015,County,SD-Yankton,46135,4733.0,506.4674,"Yankton County, South Dakota",22636,48176.0,2993
2015,County,SD-Ziebach,46137,166.0,276.1194,"Ziebach County, South Dakota",2833,35119.0,1103
2015,County,TN-Anderson,47001,18259.0,748.1421,"Anderson County, Tennessee",75430,42880.0,13309
2015,County,TN-Bedford,47003,8922.0,717.7858,"Bedford County, Tennessee",45986,41984.0,7727
2015,County,TN-Benton,47005,4786.0,803.4551,"Benton County, Tennessee",16261,33240.0,3667
2015,County,TN-Bledsoe,47007,2777.0,843.0837,"Bledsoe County, Tennessee",13686,37013.0,2697
2015,County,TN-Blount,47009,29646.0,703.0557,"Blount County, Tennessee",125188,48286.0,17305
2015,County,TN-Bradley,47011,22118.0,744.9461,"Bradley County, Tennessee",102062,42114.0,19357
2015,County,TN-Campbell,47013,10779.0,876.3867,"Campbell County, Tennessee",40176,32028.0,9203
2015,County,TN-Cannon,47015,3226.0,744.2095,"Cannon County, Tennessee",13787,41533.0,2500
2015,County,TN-Carroll,47017,7642.0,795.2297,"Carroll County, Tennessee",28353,35508.0,5713
2015,County,TN-Carter,47019,14762.0,643.7247,"Carter County, Tennessee",56941,33213.0,13021
2015,County,TN-Cheatham,47021,7374.0,636.3374,"Cheatham County, Tennessee",39422,51857.0,5396
2015,County,TN-Chester,47023,3795.0,624.5908,"Chester County, Tennessee",17324,40167.0,3516
2015,County,TN-Claiborne,47025,8556.0,743.768,"Claiborne County, Tennessee",31748,34899.0,6658
2015,County,TN-Clay,47027,2114.0,903.1079,"Clay County, Tennessee",7780,28804.0,1801
2015,County,TN-Cocke,47029,9853.0,981.1959,"Cocke County, Tennessee",35321,31187.0,9111
2015,County,TN-Coffee,47031,12345.0,750.9967,"Coffee County, Tennessee",53448,41590.0,9818
2015,County,TN-Crockett,47033,3405.0,695.9153,"Crockett County, Tennessee",14600,35464.0,2838
2015,County,TN-Cumberland,47035,20596.0,652.3089,"Cumberland County, Tennessee",57455,38576.0,9300
2015,County,TN-Davidson,47037,95637.0,719.4086,"Davidson County, Tennessee",658506,48368.0,116031
2015,County,TN-DeKalb,47041,4452.0,793.2862,"DeKalb County, Tennessee",19038,38319.0,3887
2015,County,TN-Decatur,47039,3527.0,925.3906,"Decatur County, Tennessee",11686,37263.0,2470
2015,County,TN-Dickson,47043,10081.0,821.8861,"Dickson County, Tennessee",50472,44680.0,8116
2015,County,TN-Dyer,47045,8674.0,893.6362,"Dyer County, Tennessee",38054,42468.0,6646
2015,County,TN-Fayette,47047,9115.0,568.5686,"Fayette County, Tennessee",38814,54890.0,5351
2015,County,TN-Fentress,47049,5267.0,706.3903,"Fentress County, Tennessee",17931,30259.0,4577
2015,County,TN-Franklin,47051,10170.0,691.9445,"Franklin County, Tennessee",41138,42773.0,6669
2015,County,TN-Gibson,47053,11880.0,756.5963,"Gibson County, Tennessee",49572,38457.0,9080
2015,County,TN-Giles,47055,7179.0,697.1017,"Giles County, Tennessee",28949,41093.0,4627
2015,County,TN-Grainger,47057,5842.0,675.6549,"Grainger County, Tennessee",22736,35391.0,4647
2015,County,TN-Greene,47059,18916.0,794.1207,"Greene County, Tennessee",68576,35196.0,13647
2015,County,TN-Grundy,47061,3656.0,762.9827,"Grundy County, Tennessee",13524,27373.0,3797
2015,County,TN-Hamblen,47063,14902.0,763.3578,"Hamblen County, Tennessee",62999,37617.0,13193
2015,County,TN-Hamilton,47065,70114.0,722.1016,"Hamilton County, Tennessee",348121,48248.0,54036
2015,County,TN-Hancock,47067,1445.0,957.047,"Hancock County, Tennessee",6642,26898.0,1793
2015,County,TN-Hardeman,47069,5890.0,854.6622,"Hardeman County, Tennessee",26253,31801.0,5636
2015,County,TN-Hardin,47071,7388.0,712.409,"Hardin County, Tennessee",25900,35290.0,5920
2015,County,TN-Hawkins,47073,15526.0,842.0346,"Hawkins County, Tennessee",56595,36927.0,10661
2015,County,TN-Haywood,47075,4035.0,664.6994,"Haywood County, Tennessee",18248,34182.0,4107
2015,County,TN-Henderson,47077,6095.0,911.7506,"Henderson County, Tennessee",28013,38745.0,5925
2015,County,TN-Henry,47079,9062.0,683.8888,"Henry County, Tennessee",32269,38234.0,5862
2015,County,TN-Hickman,47081,5043.0,878.3032,"Hickman County, Tennessee",24283,36334.0,4738
2015,County,TN-Houston,47083,1894.0,836.2702,"Houston County, Tennessee",8290,39401.0,1860
2015,County,TN-Humphreys,47085,4502.0,756.2869,"Humphreys County, Tennessee",18240,41949.0,2856
2015,County,TN-Jackson,47087,3135.0,704.0636,"Jackson County, Tennessee",11496,31534.0,3034
2015,County,TN-Jefferson,47089,13067.0,712.6078,"Jefferson County, Tennessee",52490,42417.0,8343
2015,County,TN-Johnson,47091,5035.0,831.1991,"Johnson County, Tennessee",18017,30763.0,4123
2015,County,TN-Knox,47093,83869.0,698.4434,"Knox County, Tennessee",444348,48701.0,69061
2015,County,TN-Lake,47095,1343.0,1015.873,"Lake County, Tennessee",7687,30086.0,1319
2015,County,TN-Lauderdale,47097,5351.0,900.6194,"Lauderdale County, Tennessee",27427,30281.0,6532
2015,County,TN-Lawrence,47099,10188.0,669.0685,"Lawrence County, Tennessee",42226,37814.0,8443
2015,County,TN-Lewis,47101,2794.0,495.6522,"Lewis County, Tennessee",11944,36621.0,2292
2015,County,TN-Lincoln,47103,8091.0,761.8866,"Lincoln County, Tennessee",33550,40389.0,5517
2015,County,TN-Loudon,47105,14879.0,594.9037,"Loudon County, Tennessee",50229,51107.0,7185
2015,County,TN-Macon,47111,4980.0,800.0,"Macon County, Tennessee",22761,33509.0,4218
2015,County,TN-Madison,47113,19605.0,741.9217,"Madison County, Tennessee",98184,42544.0,18521
2015,County,TN-Marion,47115,7068.0,778.8531,"Marion County, Tennessee",28306,41348.0,5350
2015,County,TN-Marshall,47117,6395.0,796.3636,"Marshall County, Tennessee",31159,42661.0,4986
2015,County,TN-Maury,47119,17543.0,646.6931,"Maury County, Tennessee",84089,47692.0,12667
2015,County,TN-McMinn,47107,12837.0,892.1933,"McMinn County, Tennessee",52506,38535.0,10220
2015,County,TN-McNairy,47109,7116.0,709.4236,"McNairy County, Tennessee",26103,32557.0,5319
2015,County,TN-Meigs,47121,3074.0,691.2243,"Meigs County, Tennessee",11716,34424.0,2377
2015,County,TN-Monroe,47123,11901.0,732.3058,"Monroe County, Tennessee",45293,35291.0,8627
2015,County,TN-Montgomery,47125,22707.0,593.0218,"Montgomery County, Tennessee",185980,50344.0,28750
2015,County,TN-Moore,47127,1357.0,596.9849,"Moore County, Tennessee",6351,49427.0,668
2015,County,TN-Morgan,47129,5160.0,656.2879,"Morgan County, Tennessee",21794,39049.0,4185
2015,County,TN-Obion,47131,7853.0,763.1331,"Obion County, Tennessee",31129,40281.0,6309
2015,County,TN-Overton,47133,5698.0,739.8937,"Overton County, Tennessee",22100,35287.0,4668
2015,County,TN-Perry,47135,2159.0,968.5673,"Perry County, Tennessee",7864,31425.0,1995
2015,County,TN-Pickett,47137,1581.0,633.2795,"Pickett County, Tennessee",5097,36773.0,808
2015,County,TN-Polk,47139,4309.0,788.2028,"Polk County, Tennessee",16687,38925.0,3094
2015,County,TN-Putnam,47141,15989.0,733.4783,"Putnam County, Tennessee",73810,35343.0,17830
2015,County,TN-Rhea,47143,7582.0,792.7839,"Rhea County, Tennessee",32394,36146.0,7664
2015,County,TN-Roane,47145,14460.0,752.9441,"Roane County, Tennessee",53162,40854.0,9620
2015,County,TN-Robertson,47147,12405.0,780.3746,"Robertson County, Tennessee",67426,53151.0,8005
2015,County,TN-Rutherford,47149,37559.0,664.3085,"Rutherford County, Tennessee",282558,56219.0,34475
2015,County,TN-Scott,47151,5216.0,908.9122,"Scott County, Tennessee",22043,30246.0,5903
2015,County,TN-Sequatchie,47153,4059.0,960.3442,"Sequatchie County, Tennessee",14592,45408.0,2335
2015,County,TN-Sevier,47155,22084.0,667.0613,"Sevier County, Tennessee",93617,42258.0,14128
2015,County,TN-Shelby,47157,145032.0,719.8794,"Shelby County, Tennessee",937750,46224.0,196471
2015,County,TN-Smith,47159,3952.0,635.6,"Smith County, Tennessee",19136,43914.0,3066
2015,County,TN-Stewart,47161,3261.0,512.4275,"Stewart County, Tennessee",13286,42023.0,2560
2015,County,TN-Sullivan,47163,42239.0,724.8801,"Sullivan County, Tennessee",156752,40346.0,26924
2015,County,TN-Sumner,47165,31932.0,732.3678,"Sumner County, Tennessee",169623,57382.0,15644
2015,County,TN-Tipton,47167,10752.0,715.1795,"Tipton County, Tennessee",61674,53669.0,8292
2015,County,TN-Trousdale,47169,1764.0,902.4641,"Trousdale County, Tennessee",7884,41029.0,1345
2015,County,TN-Unicoi,47171,5220.0,735.9307,"Unicoi County, Tennessee",18069,33210.0,3974
2015,County,TN-Union,47173,4530.0,630.71,"Union County, Tennessee",19096,37351.0,4036
2015,County,TN-Van Buren,47175,1601.0,805.4146,"Van Buren County, Tennessee",5596,40439.0,988
2015,County,TN-Warren,47177,9299.0,871.7627,"Warren County, Tennessee",40015,35376.0,8329
2015,County,TN-Washington,47179,28397.0,596.4421,"Washington County, Tennessee",125317,42817.0,21842
2015,County,TN-Wayne,47181,3940.0,707.2566,"Wayne County, Tennessee",16897,30701.0,3211
2015,County,TN-Weakley,47183,7383.0,703.4765,"Weakley County, Tennessee",34415,37037.0,6075
2015,County,TN-White,47185,6800.0,746.6325,"White County, Tennessee",26252,34901.0,5011
2015,County,TN-Williamson,47187,28898.0,491.4647,"Williamson County, Tennessee",199456,96565.0,10054
2015,County,TN-Wilson,47189,23427.0,602.6094,"Wilson County, Tennessee",122445,61070.0,12132
2015,County,TX-Anderson,48001,10059.0,814.6628,"Anderson County, Texas",57915,41327.0,8274
2015,County,TX-Andrews,48003,2113.0,747.676,"Andrews County, Texas",16775,70423.0,2032
2015,County,TX-Angelina,48005,17030.0,734.0342,"Angelina County, Texas",87748,44223.0,16497
2015,County,TX-Aransas,48007,7419.0,527.4542,"Aransas County, Texas",24292,41690.0,4509
2015,County,TX-Archer,48009,1820.0,578.5908,"Archer County, Texas",8779,60275.0,862
2015,County,TX-Armstrong,48011,452.0,416.6667,"Armstrong County, Texas",1943,59737.0,130
2015,County,TX-Atascosa,48013,8191.0,676.4358,"Atascosa County, Texas",47050,52192.0,7619
2015,County,TX-Austin,48015,5911.0,604.8309,"Austin County, Texas",28886,53687.0,3289
2015,County,TX-Bailey,48017,1112.0,735.3952,"Bailey County, Texas",7126,37397.0,1319
2015,County,TX-Bandera,48019,5623.0,500.0,"Bandera County, Texas",20796,49863.0,2662
2015,County,TX-Bastrop,48021,13574.0,724.1495,"Bastrop County, Texas",76948,54821.0,10664
2015,County,TX-Baylor,48023,1075.0,563.5939,"Baylor County, Texas",3628,36373.0,423
2015,County,TX-Bee,48025,4556.0,979.1512,"Bee County, Texas",32659,42302.0,5274
2015,County,TX-Bell,48027,43933.0,774.6436,"Bell County, Texas",326041,50550.0,48543
2015,County,TX-Bexar,48029,273701.0,565.3154,"Bexar County, Texas",1825502,51150.0,312088
2015,County,TX-Blanco,48031,2705.0,422.5352,"Blanco County, Texas",10723,55504.0,954
2015,County,TX-Borden,48033,135.0,423.0769,"Borden County, Texas",705,73750.0,10
2015,County,TX-Bosque,48035,4778.0,624.743,"Bosque County, Texas",17971,44674.0,2549
2015,County,TX-Bowie,48037,18991.0,796.683,"Bowie County, Texas",93155,42670.0,16693
2015,County,TX-Brazoria,48039,45041.0,647.8354,"Brazoria County, Texas",331741,69749.0,35762
2015,County,TX-Brazos,48041,21081.0,782.5103,"Brazos County, Texas",205271,39808.0,53207
2015,County,TX-Brewster,48043,2066.0,549.8891,"Brewster County, Texas",9235,38395.0,1238
2015,County,TX-Briscoe,48045,426.0,498.4127,"Briscoe County, Texas",1670,38603.0,307
2015,County,TX-Brooks,48047,1660.0,778.7971,"Brooks County, Texas",7221,22741.0,2726
2015,County,TX-Brown,48049,9037.0,803.0392,"Brown County, Texas",37833,41962.0,6581
2015,County,TX-Burleson,48051,4097.0,816.3636,"Burleson County, Texas",17293,51821.0,2761
2015,County,TX-Burnet,48053,11408.0,341.2648,"Burnet County, Texas",44144,49732.0,6989
2015,County,TX-Caldwell,48055,6752.0,899.5769,"Caldwell County, Texas",39347,47233.0,7169
2015,County,TX-Calhoun,48057,4082.0,778.3251,"Calhoun County, Texas",21666,51078.0,4136
2015,County,TX-Callahan,48059,3197.0,632.0879,"Callahan County, Texas",13532,40981.0,2548
2015,County,TX-Cameron,48061,59064.0,693.058,"Cameron County, Texas",417947,33266.0,139768
2015,County,TX-Camp,48063,2770.0,788.725,"Camp County, Texas",12516,37851.0,2454
2015,County,TX-Carson,48065,1161.0,544.7942,"Carson County, Texas",6068,66023.0,435
2015,County,TX-Cass,48067,7722.0,784.0647,"Cass County, Texas",30328,37352.0,5915
2015,County,TX-Castro,48069,1200.0,718.3246,"Castro County, Texas",7948,39459.0,1339
2015,County,TX-Chambers,48071,5537.0,633.3237,"Chambers County, Texas",37251,70544.0,3921
2015,County,TX-Cherokee,48073,10190.0,857.8658,"Cherokee County, Texas",51167,39595.0,10688
2015,County,TX-Childress,48075,1311.0,678.7942,"Childress County, Texas",7059,36633.0,1177
2015,County,TX-Clay,48077,2461.0,729.0692,"Clay County, Texas",10479,48297.0,1246
2015,County,TX-Cochran,48079,568.0,790.3226,"Cochran County, Texas",2993,39113.0,591
2015,County,TX-Coke,48081,888.0,567.6516,"Coke County, Texas",3238,42467.0,361
2015,County,TX-Coleman,48083,2412.0,785.7884,"Coleman County, Texas",8536,35156.0,1924
2015,County,TX-Collin,48085,99577.0,571.9615,"Collin County, Texas",862215,84735.0,64824
2015,County,TX-Collingsworth,48087,620.0,772.6397,"Collingsworth County, Texas",3058,39743.0,675
2015,County,TX-Colorado,48089,4985.0,615.9438,"Colorado County, Texas",20757,46618.0,3081
2015,County,TX-Comal,48091,27564.0,530.3377,"Comal County, Texas",119632,65833.0,10423
2015,County,TX-Comanche,48093,3559.0,650.0,"Comanche County, Texas",13623,37470.0,3107
2015,County,TX-Concho,48095,689.0,826.0,"Concho County, Texas",4086,48368.0,298
2015,County,TX-Cooke,48097,7808.0,662.1453,"Cooke County, Texas",38761,52406.0,5292
2015,County,TX-Coryell,48099,9081.0,702.0823,"Coryell County, Texas",76128,49340.0,8631
2015,County,TX-Cottle,48101,442.0,518.75,"Cottle County, Texas",1510,34955.0,340
2015,County,TX-Crane,48103,657.0,820.1285,"Crane County, Texas",4730,58333.0,606
2015,County,TX-Crockett,48105,658.0,485.0299,"Crockett County, Texas",3699,53678.0,635
2015,County,TX-Crosby,48107,1307.0,880.2817,"Crosby County, Texas",6007,37434.0,1358
2015,County,TX-Culberson,48109,489.0,839.0501,"Culberson County, Texas",2296,35000.0,677
2015,County,TX-Dallam,48111,978.0,787.1148,"Dallam County, Texas",7014,41345.0,1183
2015,County,TX-Dallas,48113,307562.0,692.1453,"Dallas County, Texas",2485003,50270.0,472926
2015,County,TX-Dawson,48115,2379.0,959.7315,"Dawson County, Texas",13542,41095.0,1924
2015,County,TX-DeWitt,48123,4467.0,750.9005,"DeWitt County, Texas",20540,49736.0,2817
2015,County,TX-Deaf Smith,48117,2809.0,674.4951,"Deaf Smith County, Texas",19245,43373.0,3955
2015,County,TX-Delta,48119,1348.0,699.6161,"Delta County, Texas",5223,42432.0,1177
2015,County,TX-Denton,48121,80532.0,620.7699,"Denton County, Texas",731851,75050.0,63220
2015,County,TX-Dickens,48125,524.0,628.866,"Dickens County, Texas",2281,39700.0,417
2015,County,TX-Dimmit,48127,1902.0,1028.157,"Dimmit County, Texas",10682,36825.0,2003
2015,County,TX-Donley,48129,869.0,355.4217,"Donley County, Texas",3588,36681.0,585
2015,County,TX-Duval,48131,2403.0,814.1892,"Duval County, Texas",11577,33939.0,2617
2015,County,TX-Eastland,48133,4571.0,713.9843,"Eastland County, Texas",18328,34888.0,3162
2015,County,TX-Ector,48135,18940.0,799.8635,"Ector County, Texas",149557,57150.0,19162
2015,County,TX-Edwards,48137,528.0,506.2035,"Edwards County, Texas",1906,41813.0,205
2015,County,TX-El Paso,48141,120732.0,575.0502,"El Paso County, Texas",831095,41637.0,185728
2015,County,TX-Ellis,48139,24427.0,759.4534,"Ellis County, Texas",157058,62465.0,18755
2015,County,TX-Erath,48143,6257.0,615.7965,"Erath County, Texas",40039,41416.0,9340
2015,County,TX-Falls,48145,3402.0,884.5401,"Falls County, Texas",17410,36079.0,3417
2015,County,TX-Fannin,48147,7551.0,786.4986,"Fannin County, Texas",33748,44071.0,5305
2015,County,TX-Fayette,48149,6502.0,635.3406,"Fayette County, Texas",24849,47808.0,3021
2015,County,TX-Fisher,48151,957.0,843.9716,"Fisher County, Texas",3858,41406.0,666
2015,County,TX-Floyd,48153,1257.0,682.3936,"Floyd County, Texas",6178,41026.0,1375
2015,County,TX-Foard,48155,352.0,525.7732,"Foard County, Texas",1197,36477.0,114
2015,County,TX-Fort Bend,48157,75093.0,594.6706,"Fort Bend County, Texas",658331,89152.0,53761
2015,County,TX-Franklin,48159,2481.0,667.9601,"Franklin County, Texas",10599,41537.0,1726
2015,County,TX-Freestone,48161,3942.0,806.508,"Freestone County, Texas",19586,44301.0,2683
2015,County,TX-Frio,48163,2588.0,882.6034,"Frio County, Texas",18168,36404.0,3321
2015,County,TX-Gaines,48165,1994.0,791.6399,"Gaines County, Texas",18916,57635.0,2177
2015,County,TX-Galveston,48167,50712.0,646.3601,"Galveston County, Texas",308163,62313.0,41985
2015,County,TX-Garza,48169,837.0,682.1561,"Garza County, Texas",6410,48508.0,432
2015,County,TX-Gillespie,48171,7932.0,479.8565,"Gillespie County, Texas",25398,54859.0,2791
2015,County,TX-Glasscock,48173,203.0,357.5758,"Glasscock County, Texas",1180,67303.0,40
2015,County,TX-Goliad,48175,1616.0,766.805,"Goliad County, Texas",7410,51226.0,1358
2015,County,TX-Gonzales,48177,3919.0,726.8094,"Gonzales County, Texas",20172,42983.0,4009
2015,County,TX-Gray,48179,4204.0,659.1558,"Gray County, Texas",22983,43288.0,2824
2015,County,TX-Grayson,48181,26574.0,761.7293,"Grayson County, Texas",122780,47952.0,19420
2015,County,TX-Gregg,48183,23268.0,896.8725,"Gregg County, Texas",123178,47639.0,21769
2015,County,TX-Grimes,48185,5183.0,819.0139,"Grimes County, Texas",26961,46195.0,4701
2015,County,TX-Guadalupe,48187,23150.0,648.1958,"Guadalupe County, Texas",143460,62420.0,13924
2015,County,TX-Hale,48189,5545.0,698.2999,"Hale County, Texas",35504,43375.0,7548
2015,County,TX-Hall,48191,812.0,628.3892,"Hall County, Texas",3203,30950.0,844
2015,County,TX-Hamilton,48193,2293.0,793.2961,"Hamilton County, Texas",8266,42432.0,1159
2015,County,TX-Hansford,48195,931.0,684.8958,"Hansford County, Texas",5559,44219.0,939
2015,County,TX-Hardeman,48197,964.0,797.2973,"Hardeman County, Texas",3992,37174.0,585
2015,County,TX-Hardin,48199,10851.0,615.0621,"Hardin County, Texas",55375,52614.0,6684
2015,County,TX-Harris,48201,499843.0,619.3323,"Harris County, Texas",4356362,54457.0,774568
2015,County,TX-Harrison,48203,12633.0,788.5603,"Harrison County, Texas",66417,45974.0,11151
2015,County,TX-Hartley,48205,681.0,817.8506,"Hartley County, Texas",6121,63004.0,295
2015,County,TX-Haskell,48207,1399.0,730.1136,"Haskell County, Texas",5853,39850.0,1030
2015,County,TX-Hays,48209,23932.0,630.0197,"Hays County, Texas",177562,58583.0,28783
2015,County,TX-Hemphill,48211,578.0,687.6356,"Hemphill County, Texas",4115,62813.0,502
2015,County,TX-Henderson,48213,20081.0,795.2628,"Henderson County, Texas",79016,41607.0,14572
2015,County,TX-Hidalgo,48215,96388.0,608.6519,"Hidalgo County, Texas",819217,34782.0,277104
2015,County,TX-Hill,48217,8376.0,710.4755,"Hill County, Texas",34923,41382.0,7049
2015,County,TX-Hockley,48219,3887.0,807.3989,"Hockley County, Texas",23322,50665.0,3297
2015,County,TX-Hood,48221,14944.0,630.9524,"Hood County, Texas",53171,56100.0,6161
2015,County,TX-Hopkins,48223,7540.0,783.3082,"Hopkins County, Texas",35645,44396.0,6972
2015,County,TX-Houston,48225,5208.0,719.7788,"Houston County, Texas",22949,32698.0,4918
2015,County,TX-Howard,48227,5394.0,804.5075,"Howard County, Texas",36105,49575.0,4787
2015,County,TX-Hudspeth,48229,674.0,532.7869,"Hudspeth County, Texas",3330,26384.0,1192
2015,County,TX-Hunt,48231,17335.0,857.1098,"Hunt County, Texas",88052,45197.0,16112
2015,County,TX-Hutchinson,48233,4036.0,665.0532,"Hutchinson County, Texas",21858,49353.0,3493
2015,County,TX-Irion,48235,345.0,415.0943,"Irion County, Texas",1644,58500.0,191
2015,County,TX-Jack,48237,1643.0,811.2764,"Jack County, Texas",8946,50324.0,1324
2015,County,TX-Jackson,48239,2877.0,692.9283,"Jackson County, Texas",14486,54926.0,1765
2015,County,TX-Jasper,48241,8021.0,766.3377,"Jasper County, Texas",35768,40820.0,5912
2015,County,TX-Jeff Davis,48243,646.0,374.7277,"Jeff Davis County, Texas",2232,50165.0,123
2015,County,TX-Jefferson,48245,43789.0,768.5148,"Jefferson County, Texas",252872,43540.0,47095
2015,County,TX-Jim Hogg,48247,957.0,787.234,"Jim Hogg County, Texas",5239,35521.0,915
2015,County,TX-Jim Wells,48249,7633.0,884.3452,"Jim Wells County, Texas",41461,42986.0,9128
2015,County,TX-Johnson,48251,27579.0,896.1039,"Johnson County, Texas",155450,58135.0,18392
2015,County,TX-Jones,48253,3324.0,858.7,"Jones County, Texas",19978,43897.0,2285
2015,County,TX-Karnes,48255,2711.0,742.8004,"Karnes County, Texas",14879,45502.0,3079
2015,County,TX-Kaufman,48257,17890.0,713.0325,"Kaufman County, Texas",109289,60391.0,15016
2015,County,TX-Kendall,48259,8916.0,469.8225,"Kendall County, Texas",37361,73240.0,2862
2015,County,TX-Kenedy,48261,57.0,1292.6829,"Kenedy County, Texas",565,36438.0,151
2015,County,TX-Kent,48263,203.0,744.9664,"Kent County, Texas",821,47024.0,74
2015,County,TX-Kerr,48265,15386.0,636.494,"Kerr County, Texas",50149,43810.0,7718
2015,County,TX-Kimble,48267,1248.0,636.5524,"Kimble County, Texas",4486,40125.0,912
2015,County,TX-Kinney,48271,909.0,627.3006,"Kinney County, Texas",3577,38281.0,572
2015,County,TX-Kleberg,48273,4935.0,793.9371,"Kleberg County, Texas",32029,38247.0,7849
2015,County,TX-Knox,48275,865.0,865.8718,"Knox County, Texas",3796,40493.0,605
2015,County,TX-La Salle,48283,1171.0,808.0668,"La Salle County, Texas",7191,37292.0,972
2015,County,TX-Lamar,48277,11510.0,681.1594,"Lamar County, Texas",49566,40748.0,9076
2015,County,TX-Lamb,48279,2720.0,709.9156,"Lamb County, Texas",13742,39851.0,3173
2015,County,TX-Lampasas,48281,4733.0,678.7665,"Lampasas County, Texas",20219,49630.0,2923
2015,County,TX-Lavaca,48285,5062.0,713.0456,"Lavaca County, Texas",19549,48677.0,1765
2015,County,TX-Lee,48287,3434.0,705.4264,"Lee County, Texas",16664,53902.0,2374
2015,County,TX-Leon,48289,4989.0,671.7905,"Leon County, Texas",16819,49802.0,2322
2015,County,TX-Liberty,48291,12948.0,715.7688,"Liberty County, Texas",77486,48729.0,12548
2015,County,TX-Limestone,48293,4986.0,893.3572,"Limestone County, Texas",23454,37554.0,5189
2015,County,TX-Lipscomb,48295,593.0,598.3437,"Lipscomb County, Texas",3483,63125.0,317
2015,County,TX-Live Oak,48297,2007.0,660.7692,"Live Oak County, Texas",11873,50400.0,1567
2015,County,TX-Llano,48299,6737.0,486.4234,"Llano County, Texas",19323,48259.0,2841
2015,County,TX-Lubbock,48303,43484.0,679.5021,"Lubbock County, Texas",290782,46075.0,54155
2015,County,TX-Lynn,48305,1127.0,763.6595,"Lynn County, Texas",5764,39526.0,1106
2015,County,TX-Madison,48313,2395.0,859.5642,"Madison County, Texas",13838,39390.0,1938
2015,County,TX-Marion,48315,2898.0,846.7413,"Marion County, Texas",10248,34175.0,2264
2015,County,TX-Martin,48317,803.0,804.7244,"Martin County, Texas",5252,55682.0,692
2015,County,TX-Mason,48319,1185.0,490.1532,"Mason County, Texas",4066,37654.0,577
2015,County,TX-Matagorda,48321,6868.0,876.0119,"Matagorda County, Texas",36598,40797.0,7833
2015,County,TX-Maverick,48323,9626.0,668.9704,"Maverick County, Texas",56548,33747.0,14872
2015,County,TX-McCulloch,48307,2057.0,815.9952,"McCulloch County, Texas",8273,40561.0,1522
2015,County,TX-McLennan,48309,41460.0,732.4756,"McLennan County, Texas",241505,42687.0,49881
2015,County,TX-McMullen,48311,171.0,609.0909,"McMullen County, Texas",778,46250.0,92
2015,County,TX-Medina,48325,8732.0,600.9911,"Medina County, Texas",47392,57338.0,6656
2015,County,TX-Menard,48327,646.0,733.5984,"Menard County, Texas",2182,34464.0,317
2015,County,TX-Midland,48329,18565.0,641.9913,"Midland County, Texas",151290,68806.0,13238
2015,County,TX-Milam,48331,5730.0,753.3619,"Milam County, Texas",24344,38929.0,4159
2015,County,TX-Mills,48333,1367.0,483.7963,"Mills County, Texas",4875,43920.0,688
2015,County,TX-Mitchell,48335,1481.0,1122.7437,"Mitchell County, Texas",9169,49870.0,766
2015,County,TX-Montague,48337,4974.0,746.955,"Montague County, Texas",19478,46172.0,2878
2015,County,TX-Montgomery,48339,76132.0,593.0392,"Montgomery County, Texas",502586,68838.0,59856
2015,County,TX-Moore,48341,2522.0,676.5016,"Moore County, Texas",22281,49802.0,4421
2015,County,TX-Morris,48343,3579.0,791.7953,"Morris County, Texas",12700,39453.0,2346
2015,County,TX-Motley,48345,358.0,620.6897,"Motley County, Texas",1071,31683.0,181
2015,County,TX-Nacogdoches,48347,11044.0,766.1492,"Nacogdoches County, Texas",65531,39538.0,14752
2015,County,TX-Navarro,48349,10007.0,806.5094,"Navarro County, Texas",48118,41505.0,9794
2015,County,TX-Newton,48351,2657.0,833.6163,"Newton County, Texas",14231,38144.0,1798
2015,County,TX-Nolan,48353,3199.0,968.8409,"Nolan County, Texas",15061,37102.0,3108
2015,County,TX-Nueces,48355,57112.0,731.5361,"Nueces County, Texas",352060,50337.0,61965
2015,County,TX-Ochiltree,48357,1291.0,648.9564,"Ochiltree County, Texas",10642,51517.0,1447
2015,County,TX-Oldham,48359,422.0,288.6598,"Oldham County, Texas",2071,50893.0,214
2015,County,TX-Orange,48361,17179.0,694.6833,"Orange County, Texas",83217,49763.0,12691
2015,County,TX-Palo Pinto,48363,5991.0,832.6907,"Palo Pinto County, Texas",27921,39516.0,5425
2015,County,TX-Panola,48365,4914.0,856.9437,"Panola County, Texas",23900,50119.0,3509
2015,County,TX-Parker,48367,22104.0,696.5339,"Parker County, Texas",121418,67288.0,11785
2015,County,TX-Parmer,48369,1464.0,691.129,"Parmer County, Texas",10004,45326.0,1696
2015,County,TX-Pecos,48371,2285.0,747.8207,"Pecos County, Texas",15807,50305.0,1643
2015,County,TX-Polk,48373,17887.0,562.681,"Polk County, Texas",46113,39662.0,7279
2015,County,TX-Potter,48375,18274.0,679.6581,"Potter County, Texas",122352,38159.0,25466
2015,County,TX-Presidio,48377,1857.0,374.3627,"Presidio County, Texas",7304,32132.0,1586
2015,County,TX-Rains,48379,2887.0,773.0933,"Rains County, Texas",11037,48448.0,1206
2015,County,TX-Randall,48381,20895.0,469.7959,"Randall County, Texas",126782,60972.0,13076
2015,County,TX-Reagan,48383,449.0,695.2663,"Reagan County, Texas",3598,52181.0,552
2015,County,TX-Real,48385,1148.0,605.6818,"Real County, Texas",3356,36523.0,541
2015,County,TX-Red River,48387,3488.0,563.0824,"Red River County, Texas",12567,31563.0,2321
2015,County,TX-Reeves,48389,2194.0,777.7778,"Reeves County, Texas",14179,43540.0,1895
2015,County,TX-Refugio,48391,1790.0,897.3561,"Refugio County, Texas",7277,44240.0,1203
2015,County,TX-Roberts,48393,176.0,452.381,"Roberts County, Texas",931,63889.0,14
2015,County,TX-Robertson,48395,3599.0,823.6705,"Robertson County, Texas",16532,46501.0,2841
2015,County,TX-Rockwall,48397,12539.0,633.8269,"Rockwall County, Texas",85536,87524.0,5310
2015,County,TX-Runnels,48399,2554.0,720.5951,"Runnels County, Texas",10445,41526.0,2071
2015,County,TX-Rusk,48401,9628.0,839.5006,"Rusk County, Texas",53457,46173.0,8510
2015,County,TX-Sabine,48403,3488.0,698.9568,"Sabine County, Texas",10440,31307.0,2840
2015,County,TX-San Augustine,48405,2483.0,797.7162,"San Augustine County, Texas",8695,28275.0,2105
2015,County,TX-San Jacinto,48407,5944.0,674.4457,"San Jacinto County, Texas",27023,43029.0,5419
2015,County,TX-San Patricio,48409,12684.0,744.066,"San Patricio County, Texas",66070,52261.0,9949
2015,County,TX-San Saba,48411,1452.0,560.3533,"San Saba County, Texas",5893,39040.0,792
2015,County,TX-Schleicher,48413,576.0,865.7407,"Schleicher County, Texas",3224,55543.0,630
2015,County,TX-Scurry,48415,2941.0,960.7127,"Scurry County, Texas",17238,56842.0,1527
2015,County,TX-Shackelford,48417,706.0,532.491,"Shackelford County, Texas",3352,48750.0,635
2015,County,TX-Shelby,48419,5170.0,820.8677,"Shelby County, Texas",25725,37756.0,5553
2015,County,TX-Sherman,48421,393.0,443.3657,"Sherman County, Texas",3066,51987.0,376
2015,County,TX-Smith,48423,42357.0,657.3389,"Smith County, Texas",217552,46929.0,37048
2015,County,TX-Somervell,48425,1710.0,797.5779,"Somervell County, Texas",8608,51912.0,1158
2015,County,TX-Starr,48427,9286.0,595.1873,"Starr County, Texas",62648,26172.0,22663
2015,County,TX-Stephens,48429,2056.0,834.8505,"Stephens County, Texas",9452,43951.0,1751
2015,County,TX-Sterling,48431,247.0,656.4103,"Sterling County, Texas",1346,53456.0,208
2015,County,TX-Stonewall,48433,374.0,785.4985,"Stonewall County, Texas",1414,42155.0,264
2015,County,TX-Sutton,48435,711.0,703.7037,"Sutton County, Texas",3966,51667.0,328
2015,County,TX-Swisher,48437,1615.0,586.5237,"Swisher County, Texas",7713,37040.0,1595
2015,County,TX-Tarrant,48439,248047.0,760.0273,"Tarrant County, Texas",1914526,58711.0,283264
2015,County,TX-Taylor,48441,23773.0,786.0008,"Taylor County, Texas",134435,45396.0,22395
2015,County,TX-Terrell,48443,254.0,566.6667,"Terrell County, Texas",921,31111.0,186
2015,County,TX-Terry,48445,2179.0,684.435,"Terry County, Texas",12687,37475.0,1756
2015,County,TX-Throckmorton,48447,404.0,736.6864,"Throckmorton County, Texas",1545,41042.0,199
2015,County,TX-Titus,48449,5056.0,766.3842,"Titus County, Texas",32553,44178.0,6848
2015,County,TX-Tom Green,48451,20797.0,774.6274,"Tom Green County, Texas",115056,46711.0,16202
2015,County,TX-Travis,48453,121976.0,683.1844,"Travis County, Texas",1121645,61451.0,180220
2015,County,TX-Trinity,48455,4277.0,693.0894,"Trinity County, Texas",14405,34295.0,2381
2015,County,TX-Tyler,48457,4958.0,820.0801,"Tyler County, Texas",21462,41360.0,3159
2015,County,TX-Upshur,48459,8472.0,742.6206,"Upshur County, Texas",40096,46673.0,5322
2015,County,TX-Upton,48461,586.0,987.9808,"Upton County, Texas",3405,46131.0,657
2015,County,TX-Uvalde,48463,5290.0,851.7883,"Uvalde County, Texas",26952,38568.0,5248
2015,County,TX-Val Verde,48465,8418.0,776.0769,"Val Verde County, Texas",48980,42174.0,9738
2015,County,TX-Van Zandt,48467,12270.0,619.7034,"Van Zandt County, Texas",52736,44002.0,8787
2015,County,TX-Victoria,48469,16794.0,828.2794,"Victoria County, Texas",90099,51758.0,14531
2015,County,TX-Walker,48471,9359.0,639.2768,"Walker County, Texas",69330,37666.0,12642
2015,County,TX-Waller,48473,6048.0,665.7232,"Waller County, Texas",45847,51348.0,7505
2015,County,TX-Ward,48475,1972.0,761.9728,"Ward County, Texas",11225,51345.0,1831
2015,County,TX-Washington,48477,7917.0,745.3532,"Washington County, Texas",34236,51269.0,4325
2015,County,TX-Webb,48479,30566.0,563.6833,"Webb County, Texas",263251,38862.0,82307
2015,County,TX-Wharton,48481,8009.0,762.2095,"Wharton County, Texas",41264,45176.0,7178
2015,County,TX-Wheeler,48483,1118.0,765.8643,"Wheeler County, Texas",5618,52221.0,862
2015,County,TX-Wichita,48485,23706.0,823.2041,"Wichita County, Texas",131957,45543.0,20712
2015,County,TX-Wilbarger,48487,2748.0,958.9744,"Wilbarger County, Texas",13158,41630.0,2275
2015,County,TX-Willacy,48489,3446.0,722.166,"Willacy County, Texas",22002,26495.0,7604
2015,County,TX-Williamson,48491,64368.0,604.3507,"Williamson County, Texas",473592,73750.0,35014
2015,County,TX-Wilson,48493,7795.0,558.1702,"Wilson County, Texas",45509,68100.0,4783
2015,County,TX-Winkler,48495,1125.0,778.3133,"Winkler County, Texas",7576,55756.0,1040
2015,County,TX-Wise,48497,10650.0,705.2212,"Wise County, Texas",61243,56897.0,7015
2015,County,TX-Wood,48499,13470.0,664.4147,"Wood County, Texas",42712,45686.0,6073
2015,County,TX-Yoakum,48501,1208.0,775.9914,"Yoakum County, Texas",8213,56153.0,979
2015,County,TX-Young,48503,4327.0,844.2667,"Young County, Texas",18329,44693.0,2751
2015,County,TX-Zapata,48505,1949.0,506.008,"Zapata County, Texas",14308,32162.0,5334
2015,County,TX-Zavala,48507,2039.0,940.9283,"Zavala County, Texas",12060,26672.0,3943
2015,County,UT-Beaver,49001,1124.0,605.317,"Beaver County, Utah",6461,50282.0,797
2015,County,UT-Box Elder,49003,7750.0,529.703,"Box Elder County, Utah",50991,55038.0,4779
2015,County,UT-Cache,49005,12513.0,583.9316,"Cache County, Utah",117449,50497.0,17713
2015,County,UT-Carbon,49007,4173.0,700.6121,"Carbon County, Utah",20927,46900.0,3113
2015,County,UT-Daggett,49009,230.0,420.0,"Daggett County, Utah",776,56750.0,47
2015,County,UT-Davis,49011,37143.0,485.2948,"Davis County, Utah",323374,71112.0,24718
2015,County,UT-Duchesne,49013,2887.0,687.4346,"Duchesne County, Utah",19817,61133.0,2019
2015,County,UT-Emery,49015,1946.0,484.5361,"Emery County, Utah",10728,49787.0,1188
2015,County,UT-Garfield,49017,1066.0,475.5971,"Garfield County, Utah",5069,42614.0,873
2015,County,UT-Grand,49019,1878.0,526.8558,"Grand County, Utah",9388,41312.0,1740
2015,County,UT-Iron,49021,7084.0,631.9258,"Iron County, Utah",47139,43855.0,9727
2015,County,UT-Juab,49023,1553.0,663.1893,"Juab County, Utah",10400,54761.0,1464
2015,County,UT-Kane,49025,1763.0,638.3399,"Kane County, Utah",7202,50194.0,562
2015,County,UT-Millard,49027,2249.0,547.0648,"Millard County, Utah",12582,51593.0,1602
2015,County,UT-Morgan,49029,1418.0,315.7263,"Morgan County, Utah",10276,74314.0,557
2015,County,UT-Piute,49031,407.0,497.3262,"Piute County, Utah",1865,35980.0,376
2015,County,UT-Rich,49033,378.0,414.5455,"Rich County, Utah",2292,50781.0,333
2015,County,UT-Salt Lake,49035,132106.0,588.3035,"Salt Lake County, Utah",1078958,62117.0,131630
2015,County,UT-San Juan,49037,1964.0,571.5141,"San Juan County, Utah",15152,41484.0,4149
2015,County,UT-Sanpete,49039,4363.0,503.9437,"Sanpete County, Utah",28261,50323.0,4043
2015,County,UT-Sevier,49041,3938.0,553.6533,"Sevier County, Utah",20871,46291.0,2973
2015,County,UT-Summit,49043,4908.0,402.5842,"Summit County, Utah",38521,91773.0,3001
2015,County,UT-Tooele,49045,6940.0,580.2239,"Tooele County, Utah",60893,63552.0,4339
2015,County,UT-Uintah,49047,3920.0,745.6105,"Uintah County, Utah",35721,66815.0,3261
2015,County,UT-Utah,49049,49965.0,557.4892,"Utah County, Utah",551957,62180.0,71110
2015,County,UT-Wasatch,49051,3234.0,539.6376,"Wasatch County, Utah",26661,66486.0,2633
2015,County,UT-Washington,49053,32191.0,497.8757,"Washington County, Utah",148244,50774.0,21893
2015,County,UT-Wayne,49055,594.0,213.8837,"Wayne County, Utah",2722,40645.0,414
2015,County,UT-Weber,49057,33883.0,583.6632,"Weber County, Utah",238682,56581.0,30547
2015,County,VA-Accomack,51001,8710.0,611.0544,"Accomack County, Virginia",33115,39412.0,6384
2015,County,VA-Albemarle,51003,18987.0,528.7844,"Albemarle County, Virginia",103108,68449.0,9714
2015,County,VA-Alexandria City,51510,16981.0,604.4708,"Alexandria city, Virginia",149315,89134.0,12359
2015,County,VA-Alleghany,51005,4654.0,725.1719,"Alleghany County, Virginia",16066,45007.0,2682
2015,County,VA-Amelia,51007,3012.0,777.187,"Amelia County, Virginia",12777,56850.0,1471
2015,County,VA-Amherst,51009,7663.0,619.9111,"Amherst County, Virginia",32148,47558.0,4086
2015,County,VA-Appomattox,51011,3851.0,600.8626,"Appomattox County, Virginia",15208,48823.0,2668
2015,County,VA-Arlington,51013,23383.0,541.0605,"Arlington County, Virginia",223945,105763.0,19996
2015,County,VA-Augusta,51015,17469.0,622.7457,"Augusta County, Virginia",74053,54558.0,6694
2015,County,VA-Bath,51017,1319.0,850.5958,"Bath County, Virginia",4583,43646.0,347
2015,County,VA-Bedford,51019,18935.0,514.7631,"Bedford County, Virginia",76463,56316.0,7372
2015,County,VA-Bland,51021,1793.0,697.156,"Bland County, Virginia",6662,45294.0,621
2015,County,VA-Botetourt,51023,8361.0,432.0709,"Botetourt County, Virginia",33155,60454.0,2701
2015,County,VA-Bristol City,51520,4576.0,941.5584,"Bristol city, Virginia",17524,35368.0,3496
2015,County,VA-Brunswick,51025,3993.0,710.4995,"Brunswick County, Virginia",16930,36919.0,3298
2015,County,VA-Buchanan,51027,7629.0,879.4439,"Buchanan County, Virginia",23486,29679.0,5841
2015,County,VA-Buckingham,51029,3457.0,705.9298,"Buckingham County, Virginia",17068,40331.0,2867
2015,County,VA-Buena Vista City,51530,1476.0,909.7674,"Buena Vista city, Virginia",6666,29097.0,1755
2015,County,VA-Campbell,51031,12638.0,610.395,"Campbell County, Virginia",55012,47699.0,7309
2015,County,VA-Caroline,51033,5558.0,774.4777,"Caroline County, Virginia",29349,59227.0,3601
2015,County,VA-Carroll,51035,8095.0,737.0863,"Carroll County, Virginia",29856,35000.0,5017
2015,County,VA-Charles City,51036,1817.0,674.9599,"Charles City County, Virginia",7118,49563.0,933
2015,County,VA-Charlotte,51037,3411.0,729.8524,"Charlotte County, Virginia",12313,35079.0,2589
2015,County,VA-Charlottesville City,51540,6156.0,691.048,"Charlottesville city, Virginia",45084,49775.0,10995
2015,County,VA-Chesapeake City,51550,35408.0,722.8784,"Chesapeake city, Virginia",230601,68620.0,21734
2015,County,VA-Chesterfield,51041,54693.0,579.4191,"Chesterfield County, Virginia",328176,72609.0,24002
2015,County,VA-Clarke,51043,3046.0,510.3158,"Clarke County, Virginia",14299,71295.0,1556
2015,County,VA-Colonial Heights City,51570,4308.0,614.385,"Colonial Heights city, Virginia",17515,50304.0,1974
2015,County,VA-Covington City,51580,1739.0,829.8507,"Covington city, Virginia",5736,34746.0,1437
2015,County,VA-Craig,51045,1298.0,487.2364,"Craig County, Virginia",5212,44330.0,611
2015,County,VA-Culpeper,51047,8731.0,787.4962,"Culpeper County, Virginia",48424,66697.0,4320
2015,County,VA-Cumberland,51049,2253.0,836.4456,"Cumberland County, Virginia",9859,39301.0,1996
2015,County,VA-Danville City,51590,11545.0,940.5941,"Danville city, Virginia",42450,32315.0,9629
2015,County,VA-Dickenson,51051,4877.0,1023.6463,"Dickenson County, Virginia",15463,33624.0,3225
2015,County,VA-Dinwiddie,51053,5689.0,671.8908,"Dinwiddie County, Virginia",28110,51397.0,4061
2015,County,VA-Emporia City,51595,1197.0,945.8763,"Emporia city, Virginia",5672,28601.0,1907
2015,County,VA-Essex,51057,2832.0,808.5308,"Essex County, Virginia",11151,42760.0,1533
2015,County,VA-Fairfax,51059,141875.0,500.0535,"Fairfax County, Virginia",1128722,112552.0,66762
2015,County,VA-Fairfax City,51600,3753.0,623.4424,"Fairfax city, Virginia",23402,105297.0,1593
2015,County,VA-Falls Church City,51610,1818.0,509.9395,"Falls Church city, Virginia",13308,120522.0,361
2015,County,VA-Fauquier,51061,11699.0,735.4334,"Fauquier County, Virginia",67463,91609.0,3762
2015,County,VA-Floyd,51063,3892.0,494.1634,"Floyd County, Virginia",15523,48005.0,1551
2015,County,VA-Fluvanna,51065,5595.0,482.783,"Fluvanna County, Virginia",26014,63938.0,1618
2015,County,VA-Franklin,51067,14224.0,545.7606,"Franklin County, Virginia",56315,46870.0,8123
2015,County,VA-Franklin City,51620,1950.0,911.8046,"Franklin city, Virginia",8457,32399.0,1762
2015,County,VA-Frederick,51069,15088.0,637.2549,"Frederick County, Virginia",81340,69098.0,5247
2015,County,VA-Fredericksburg City,51630,3921.0,782.6962,"Fredericksburg city, Virginia",27395,51762.0,4108
2015,County,VA-Galax City,51640,2027.0,918.4136,"Galax city, Virginia",6876,30604.0,1766
2015,County,VA-Giles,51071,4614.0,792.3302,"Giles County, Virginia",16907,46390.0,1891
2015,County,VA-Gloucester,51073,8091.0,682.9837,"Gloucester County, Virginia",37001,61121.0,2735
2015,County,VA-Goochland,51075,5250.0,536.9164,"Goochland County, Virginia",21721,79330.0,1163
2015,County,VA-Grayson,51077,4715.0,681.9697,"Grayson County, Virginia",15573,29942.0,3244
2015,County,VA-Greene,51079,3513.0,665.1719,"Greene County, Virginia",18938,61550.0,1853
2015,County,VA-Greensville,51081,2504.0,762.2549,"Greensville County, Virginia",11760,38012.0,1490
2015,County,VA-Halifax,51083,9688.0,850.3094,"Halifax County, Virginia",35506,35240.0,6675
2015,County,VA-Hampton City,51650,24527.0,722.9598,"Hampton city, Virginia",137081,49190.0,20187
2015,County,VA-Hanover,51085,19528.0,633.1583,"Hanover County, Virginia",101340,78645.0,5976
2015,County,VA-Harrisonburg City,51660,5232.0,878.2351,"Harrisonburg city, Virginia",51388,38750.0,14326
2015,County,VA-Henrico,51087,53535.0,663.9211,"Henrico County, Virginia",318864,61934.0,33914
2015,County,VA-Henry,51089,15500.0,814.126,"Henry County, Virginia",52580,35293.0,9520
2015,County,VA-Highland,51091,731.0,468.2927,"Highland County, Virginia",2244,43914.0,282
2015,County,VA-Hopewell City,51670,4570.0,909.2289,"Hopewell city, Virginia",22279,39064.0,4165
2015,County,VA-Isle of Wight,51093,7670.0,598.3514,"Isle of Wight County, Virginia",35740,65741.0,4137
2015,County,VA-James City,51095,18978.0,514.5231,"James City County, Virginia",70673,75710.0,5648
2015,County,VA-King George,51099,3569.0,666.9162,"King George County, Virginia",24933,81688.0,1366
2015,County,VA-King William,51101,3167.0,638.843,"King William County, Virginia",16097,62031.0,1897
2015,County,VA-King and Queen,51097,1710.0,719.3798,"King and Queen County, Virginia",7106,48292.0,949
2015,County,VA-Lancaster,51103,4336.0,569.9201,"Lancaster County, Virginia",11129,50374.0,1246
2015,County,VA-Lee,51105,6540.0,863.9837,"Lee County, Virginia",25206,31086.0,6027
2015,County,VA-Lexington City,51678,1665.0,694.1176,"Lexington city, Virginia",7071,34017.0,678
2015,County,VA-Loudoun,51107,32545.0,568.8418,"Loudoun County, Virginia",351129,123453.0,14047
2015,County,VA-Louisa,51109,7427.0,573.5675,"Louisa County, Virginia",33986,57829.0,3385
2015,County,VA-Lunenburg,51111,3063.0,622.1934,"Lunenburg County, Virginia",12558,39506.0,2279
2015,County,VA-Lynchburg City,51680,14925.0,776.2632,"Lynchburg city, Virginia",78158,39589.0,16775
2015,County,VA-Madison,51113,2911.0,593.6664,"Madison County, Virginia",13147,47736.0,1613
2015,County,VA-Manassas City,51683,4265.0,658.0738,"Manassas city, Virginia",40743,72890.0,3945
2015,County,VA-Manassas Park City,51685,1173.0,774.9326,"Manassas Park city, Virginia",15625,73528.0,1232
2015,County,VA-Martinsville City,51690,4081.0,1164.5183,"Martinsville city, Virginia",13624,29587.0,3105
2015,County,VA-Mathews,51115,2850.0,586.496,"Mathews County, Virginia",8880,63845.0,613
2015,County,VA-Mecklenburg,51117,9278.0,702.5361,"Mecklenburg County, Virginia",31555,37356.0,5975
2015,County,VA-Middlesex,51119,3533.0,584.6435,"Middlesex County, Virginia",10717,54654.0,982
2015,County,VA-Montgomery,51121,13414.0,700.9656,"Montgomery County, Virginia",96467,46663.0,21707
2015,County,VA-Nelson,51125,4393.0,510.0413,"Nelson County, Virginia",14858,47118.0,2159
2015,County,VA-New Kent,51127,3982.0,518.8126,"New Kent County, Virginia",19560,73041.0,1327
2015,County,VA-Newport News City,51700,27510.0,737.0221,"Newport News city, Virginia",181323,50077.0,26984
2015,County,VA-Norfolk City,51710,32309.0,887.0983,"Norfolk city, Virginia",245452,44480.0,46288
2015,County,VA-Northampton,51131,3568.0,748.2388,"Northampton County, Virginia",12184,35055.0,2730
2015,County,VA-Northumberland,51133,4678.0,549.0354,"Northumberland County, Virginia",12304,51885.0,1352
2015,County,VA-Norton City,51720,1227.0,1141.2358,"Norton city, Virginia",4007,27731.0,949
2015,County,VA-Nottoway,51135,3703.0,761.0157,"Nottoway County, Virginia",15711,36284.0,3444
2015,County,VA-Orange,51137,8530.0,607.9964,"Orange County, Virginia",34596,65166.0,4105
2015,County,VA-Page,51139,6118.0,893.3712,"Page County, Virginia",23843,43895.0,3880
2015,County,VA-Patrick,51141,5237.0,738.9635,"Patrick County, Virginia",18264,33982.0,3818
2015,County,VA-Petersburg City,51730,7411.0,951.8993,"Petersburg city, Virginia",32123,31798.0,8795
2015,County,VA-Pittsylvania,51143,15982.0,704.6414,"Pittsylvania County, Virginia",62794,41824.0,9944
2015,County,VA-Poquoson City,51735,2520.0,561.8712,"Poquoson city, Virginia",12077,83735.0,502
2015,County,VA-Portsmouth City,51740,18341.0,951.7092,"Portsmouth city, Virginia",96135,45676.0,17000
2015,County,VA-Powhatan,51145,5555.0,590.9091,"Powhatan County, Virginia",28207,77896.0,1252
2015,County,VA-Prince Edward,51147,4624.0,879.5109,"Prince Edward County, Virginia",23022,41697.0,3883
2015,County,VA-Prince George,51149,5610.0,673.0857,"Prince George County, Virginia",37380,61857.0,3370
2015,County,VA-Prince William,51153,43593.0,608.0664,"Prince William County, Virginia",437271,98657.0,28739
2015,County,VA-Pulaski,51155,9187.0,893.9845,"Pulaski County, Virginia",34528,47495.0,4506
2015,County,VA-Radford City,51750,2059.0,738.1443,"Radford city, Virginia",17057,29912.0,5497
2015,County,VA-Rappahannock,51157,1989.0,616.9031,"Rappahannock County, Virginia",7431,57210.0,733
2015,County,VA-Richmond,51159,1934.0,730.9859,"Richmond County, Virginia",8989,47288.0,748
2015,County,VA-Richmond City,51760,33415.0,917.2276,"Richmond city, Virginia",213735,40758.0,51828
2015,County,VA-Roanoke,51161,22915.0,501.0004,"Roanoke County, Virginia",93633,60519.0,7607
2015,County,VA-Roanoke City,51770,20653.0,709.0562,"Roanoke city, Virginia",98736,39930.0,20514
2015,County,VA-Rockbridge,51163,5880.0,615.3846,"Rockbridge County, Virginia",22444,48901.0,3085
2015,County,VA-Rockingham,51165,16740.0,648.2879,"Rockingham County, Virginia",77785,53744.0,8471
2015,County,VA-Russell,51167,7932.0,982.7141,"Russell County, Virginia",28245,35045.0,5777
2015,County,VA-Salem City,51775,6111.0,620.0274,"Salem city, Virginia",25165,50068.0,2578
2015,County,VA-Scott,51169,6736.0,781.4967,"Scott County, Virginia",22570,37240.0,4406
2015,County,VA-Shenandoah,51171,10278.0,806.4013,"Shenandoah County, Virginia",42724,49406.0,5138
2015,County,VA-Smyth,51173,9015.0,1006.6144,"Smyth County, Virginia",31734,37983.0,5815
2015,County,VA-Southampton,51175,4073.0,783.5286,"Southampton County, Virginia",18410,48962.0,2649
2015,County,VA-Spotsylvania,51177,19088.0,704.0909,"Spotsylvania County, Virginia",127691,78125.0,10396
2015,County,VA-Stafford,51179,15469.0,636.464,"Stafford County, Virginia",137145,97144.0,6948
2015,County,VA-Staunton City,51790,6079.0,775.184,"Staunton city, Virginia",24193,40842.0,4052
2015,County,VA-Suffolk City,51800,15089.0,814.2441,"Suffolk city, Virginia",86184,65499.0,9835
2015,County,VA-Surry,51181,1542.0,660.5416,"Surry County, Virginia",6823,53673.0,881
2015,County,VA-Sussex,51183,2426.0,725.9303,"Sussex County, Virginia",11864,39194.0,1362
2015,County,VA-Tazewell,51185,12064.0,931.8011,"Tazewell County, Virginia",43870,37664.0,7518
2015,County,VA-Virginia Beach City,51810,67098.0,649.6096,"Virginia Beach city, Virginia",448290,66634.0,36267
2015,County,VA-Warren,51187,7146.0,861.8341,"Warren County, Virginia",38481,61454.0,3696
2015,County,VA-Washington,51191,15072.0,864.5589,"Washington County, Virginia",54759,43310.0,6845
2015,County,VA-Waynesboro City,51820,4888.0,829.6,"Waynesboro city, Virginia",21150,45643.0,3796
2015,County,VA-Westmoreland,51193,4838.0,665.145,"Westmoreland County, Virginia",17557,47911.0,2323
2015,County,VA-Williamsburg City,51830,2482.0,515.7096,"Williamsburg city, Virginia",14754,48639.0,2401
2015,County,VA-Winchester City,51840,5127.0,754.4379,"Winchester city, Virginia",27168,45363.0,4200
2015,County,VA-Wise,51195,10775.0,1138.165,"Wise County, Virginia",40530,37407.0,8414
2015,County,VA-Wythe,51197,7652.0,888.7657,"Wythe County, Virginia",29190,41360.0,4356
2015,County,VA-York,51199,11275.0,539.3041,"York County, Virginia",66471,81749.0,4198
2015,County,VT-Addison,50001,7617.0,635.7366,"Addison County, Vermont",36943,59688.0,3124
2015,County,VT-Bennington,50003,9489.0,734.7675,"Bennington County, Vermont",36589,49573.0,4735
2015,County,VT-Caledonia,50005,7149.0,692.953,"Caledonia County, Vermont",31012,45323.0,3733
2015,County,VT-Chittenden,50007,28082.0,560.3127,"Chittenden County, Vermont",159711,65350.0,17045
2015,County,VT-Essex,50009,1969.0,638.4977,"Essex County, Vermont",6207,36599.0,929
2015,County,VT-Franklin,50011,8407.0,896.6548,"Franklin County, Vermont",48418,58199.0,4147
2015,County,VT-Grand Isle,50013,1805.0,540.8805,"Grand Isle County, Vermont",6952,62608.0,598
2015,County,VT-Lamoille,50015,4943.0,642.6309,"Lamoille County, Vermont",25027,50939.0,2887
2015,County,VT-Orange,50017,6547.0,675.308,"Orange County, Vermont",28929,53869.0,3498
2015,County,VT-Orleans,50019,7190.0,803.0502,"Orleans County, Vermont",27146,42831.0,4070
2015,County,VT-Rutland,50021,15908.0,751.6398,"Rutland County, Vermont",60530,49372.0,7276
2015,County,VT-Washington,50023,13100.0,623.8803,"Washington County, Vermont",59132,58788.0,5729
2015,County,VT-Windham,50025,10861.0,615.7249,"Windham County, Vermont",43858,51045.0,5421
2015,County,VT-Windsor,50027,14802.0,707.0581,"Windsor County, Vermont",56150,52965.0,6041
2015,County,WA-Adams,53001,2410.0,599.6767,"Adams County, Washington",19081,46564.0,4019
2015,County,WA-Asotin,53003,6023.0,958.1455,"Asotin County, Washington",22040,44394.0,3301
2015,County,WA-Benton,53005,31840.0,730.1714,"Benton County, Washington",184930,60251.0,26013
2015,County,WA-Chelan,53007,16192.0,588.5538,"Chelan County, Washington",74267,51837.0,10466
2015,County,WA-Clallam,53009,24274.0,558.6832,"Clallam County, Washington",72397,47253.0,10682
2015,County,WA-Clark,53011,78991.0,672.7106,"Clark County, Washington",444506,60756.0,49314
2015,County,WA-Columbia,53013,1233.0,644.6056,"Columbia County, Washington",3989,38581.0,690
2015,County,WA-Cowlitz,53015,24860.0,719.9454,"Cowlitz County, Washington",102338,47452.0,17609
2015,County,WA-Douglas,53017,7423.0,554.2772,"Douglas County, Washington",39599,53636.0,5835
2015,County,WA-Ferry,53019,2075.0,537.2132,"Ferry County, Washington",7652,38125.0,1659
2015,County,WA-Franklin,53021,9386.0,718.8437,"Franklin County, Washington",86443,56980.0,15406
2015,County,WA-Garfield,53023,625.0,874.1259,"Garfield County, Washington",2230,45855.0,252
2015,County,WA-Grant,53025,14893.0,568.3824,"Grant County, Washington",92070,48714.0,16295
2015,County,WA-Grays Harbor,53027,18116.0,760.1201,"Grays Harbor County, Washington",71419,43538.0,12357
2015,County,WA-Island,53029,20969.0,516.0959,"Island County, Washington",79329,58815.0,7430
2015,County,WA-Jefferson,53031,11520.0,452.1896,"Jefferson County, Washington",30083,49279.0,3508
2015,County,WA-King,53033,303251.0,587.5308,"King County, Washington",2045756,75302.0,226204
2015,County,WA-Kitsap,53035,50727.0,642.0598,"Kitsap County, Washington",255441,62941.0,26349
2015,County,WA-Kittitas,53037,7759.0,545.6377,"Kittitas County, Washington",42204,46458.0,8804
2015,County,WA-Klickitat,53039,5607.0,613.1997,"Klickitat County, Washington",20820,48319.0,3150
2015,County,WA-Lewis,53041,19571.0,695.7979,"Lewis County, Washington",75515,44100.0,12126
2015,County,WA-Lincoln,53043,2883.0,450.4988,"Lincoln County, Washington",10363,46069.0,1562
2015,County,WA-Mason,53045,16152.0,710.6934,"Mason County, Washington",60791,50406.0,10166
2015,County,WA-Okanogan,53047,10234.0,563.0212,"Okanogan County, Washington",41332,40730.0,8646
2015,County,WA-Pacific,53049,7326.0,679.8119,"Pacific County, Washington",20645,37684.0,3918
2015,County,WA-Pend Oreille,53051,3577.0,537.4126,"Pend Oreille County, Washington",12968,40599.0,2753
2015,County,WA-Pierce,53053,140251.0,603.9823,"Pierce County, Washington",821952,59953.0,102233
2015,County,WA-San Juan,53055,5194.0,328.5158,"San Juan County, Washington",15956,55960.0,1823
2015,County,WA-Skagit,53057,28210.0,617.1038,"Skagit County, Washington",119343,54129.0,18815
2015,County,WA-Skamania,53059,2293.0,494.308,"Skamania County, Washington",11243,52374.0,1526
2015,County,WA-Snohomish,53061,115943.0,612.2663,"Snohomish County, Washington",746653,70722.0,74826
2015,County,WA-Spokane,53063,96154.0,687.1328,"Spokane County, Washington",480832,50079.0,74110
2015,County,WA-Stevens,53065,11646.0,575.9896,"Stevens County, Washington",43548,41978.0,7753
2015,County,WA-Thurston,53067,53129.0,577.6116,"Thurston County, Washington",262723,61677.0,32101
2015,County,WA-Wahkiakum,53069,1383.0,539.7171,"Wahkiakum County, Washington",4035,44485.0,674
2015,County,WA-Walla Walla,53071,12271.0,705.0345,"Walla Walla County, Washington",59726,47946.0,9535
2015,County,WA-Whatcom,53073,41455.0,532.2622,"Whatcom County, Washington",207100,53145.0,32328
2015,County,WA-Whitman,53075,5613.0,585.2745,"Whitman County, Washington",46737,36631.0,12580
2015,County,WA-Yakima,53077,41145.0,821.8148,"Yakima County, Washington",247408,44749.0,51694
2015,County,WI-Adams,55001,6658.0,801.6109,"Adams County, Wisconsin",20451,43640.0,2704
2015,County,WI-Ashland,55003,3893.0,639.7389,"Ashland County, Wisconsin",15993,39381.0,2398
2015,County,WI-Barron,55005,11307.0,706.0795,"Barron County, Wisconsin",45686,45714.0,5640
2015,County,WI-Bayfield,55007,4477.0,470.4587,"Bayfield County, Wisconsin",15050,46665.0,1719
2015,County,WI-Brown,55009,43466.0,724.0324,"Brown County, Wisconsin",254717,53527.0,28969
2015,County,WI-Buffalo,55011,3196.0,580.3043,"Buffalo County, Wisconsin",13319,50196.0,1500
2015,County,WI-Burnett,55013,5019.0,553.7109,"Burnett County, Wisconsin",15334,41135.0,2371
2015,County,WI-Calumet,55015,7597.0,581.5951,"Calumet County, Wisconsin",49678,67427.0,3434
2015,County,WI-Chippewa,55017,12847.0,636.8915,"Chippewa County, Wisconsin",63209,52109.0,6081
2015,County,WI-Clark,55019,6495.0,684.958,"Clark County, Wisconsin",34518,45048.0,5504
2015,County,WI-Columbia,55021,11900.0,660.7585,"Columbia County, Wisconsin",56607,59769.0,4844
2015,County,WI-Crawford,55023,4218.0,784.2988,"Crawford County, Wisconsin",16483,44459.0,2023
2015,County,WI-Dane,55025,77741.0,538.1932,"Dane County, Wisconsin",510198,62865.0,64062
2015,County,WI-Dodge,55027,17074.0,772.1226,"Dodge County, Wisconsin",88547,53783.0,7658
2015,County,WI-Door,55029,8894.0,482.0672,"Door County, Wisconsin",27731,51928.0,2766
2015,County,WI-Douglas,55031,9564.0,893.514,"Douglas County, Wisconsin",43799,47095.0,6713
2015,County,WI-Dunn,55033,8936.0,862.3454,"Dunn County, Wisconsin",44159,49788.0,6140
2015,County,WI-Eau Claire,55035,18744.0,732.973,"Eau Claire County, Wisconsin",101281,49513.0,14862
2015,County,WI-Florence,55037,1374.0,522.9258,"Florence County, Wisconsin",4476,48643.0,409
2015,County,WI-Fond du Lac,55039,20560.0,626.5387,"Fond du Lac County, Wisconsin",101920,55473.0,9071
2015,County,WI-Forest,55041,2552.0,640.6545,"Forest County, Wisconsin",9150,40636.0,1505
2015,County,WI-Grant,55043,10333.0,676.8061,"Grant County, Wisconsin",51489,49067.0,7318
2015,County,WI-Green,55045,7549.0,650.4409,"Green County, Wisconsin",37044,56219.0,3253
2015,County,WI-Green Lake,55047,4818.0,616.7723,"Green Lake County, Wisconsin",18966,46780.0,2274
2015,County,WI-Iowa,55049,4833.0,633.8995,"Iowa County, Wisconsin",23769,55188.0,2448
2015,County,WI-Iron,55051,1980.0,636.6145,"Iron County, Wisconsin",5907,42543.0,653
2015,County,WI-Jackson,55053,4356.0,683.2171,"Jackson County, Wisconsin",20543,47851.0,2810
2015,County,WI-Jefferson,55055,15829.0,672.5288,"Jefferson County, Wisconsin",84345,56877.0,8597
2015,County,WI-Juneau,55057,6279.0,598.5304,"Juneau County, Wisconsin",26494,44961.0,3567
2015,County,WI-Kenosha,55059,27606.0,772.1342,"Kenosha County, Wisconsin",167738,54918.0,24823
2015,County,WI-Kewaunee,55061,4306.0,560.3533,"Kewaunee County, Wisconsin",20483,56863.0,1800
2015,County,WI-La Crosse,55063,21555.0,756.0331,"La Crosse County, Wisconsin",117048,50539.0,16616
2015,County,WI-Lafayette,55065,3378.0,657.7213,"Lafayette County, Wisconsin",16835,51445.0,1800
2015,County,WI-Langlade,55067,5383.0,699.0193,"Langlade County, Wisconsin",19551,41775.0,3063
2015,County,WI-Lincoln,55069,7108.0,784.5024,"Lincoln County, Wisconsin",28286,49721.0,2800
2015,County,WI-Manitowoc,55071,18601.0,572.8215,"Manitowoc County, Wisconsin",80521,48398.0,7957
2015,County,WI-Marathon,55073,26198.0,661.1235,"Marathon County, Wisconsin",135177,54083.0,14095
2015,County,WI-Marinette,55075,11439.0,602.073,"Marinette County, Wisconsin",41287,43425.0,5168
2015,County,WI-Marquette,55077,4342.0,574.2942,"Marquette County, Wisconsin",15140,46242.0,2069
2015,County,WI-Menominee,55078,818.0,954.6351,"Menominee County, Wisconsin",4451,35343.0,1535
2015,County,WI-Milwaukee,55079,153718.0,844.3117,"Milwaukee County, Wisconsin",955939,43873.0,201124
2015,County,WI-Monroe,55081,8634.0,746.3713,"Monroe County, Wisconsin",45274,50694.0,6676
2015,County,WI-Oconto,55083,8748.0,658.0244,"Oconto County, Wisconsin",37476,52765.0,3466
2015,County,WI-Oneida,55085,11070.0,677.3541,"Oneida County, Wisconsin",35653,46516.0,3632
2015,County,WI-Outagamie,55087,30861.0,612.0658,"Outagamie County, Wisconsin",180430,58765.0,15723
2015,County,WI-Ozaukee,55089,18424.0,505.2673,"Ozaukee County, Wisconsin",87273,76433.0,4467
2015,County,WI-Pepin,55091,2029.0,820.2466,"Pepin County, Wisconsin",7372,49516.0,947
2015,County,WI-Pierce,55093,6753.0,585.98,"Pierce County, Wisconsin",40799,61611.0,4615
2015,County,WI-Polk,55095,10069.0,630.9458,"Polk County, Wisconsin",43572,50714.0,4407
2015,County,WI-Portage,55097,12734.0,756.6618,"Portage County, Wisconsin",70432,51613.0,10095
2015,County,WI-Price,55099,4128.0,585.336,"Price County, Wisconsin",13800,43137.0,1860
2015,County,WI-Racine,55101,38309.0,712.5253,"Racine County, Wisconsin",194895,55584.0,23768
2015,County,WI-Richland,55103,4038.0,542.3564,"Richland County, Wisconsin",17746,44810.0,2609
2015,County,WI-Rock,55105,31608.0,854.5876,"Rock County, Wisconsin",160727,50324.0,23498
2015,County,WI-Rusk,55107,3871.0,715.5921,"Rusk County, Wisconsin",14357,39194.0,2252
2015,County,WI-Sauk,55111,13138.0,705.8233,"Sauk County, Wisconsin",62992,51055.0,7656
2015,County,WI-Sawyer,55113,5103.0,600.2468,"Sawyer County, Wisconsin",16483,41665.0,2673
2015,County,WI-Shawano,55115,9561.0,692.7521,"Shawano County, Wisconsin",41563,47861.0,4451
2015,County,WI-Sheboygan,55117,23250.0,526.4239,"Sheboygan County, Wisconsin",115226,53713.0,10348
2015,County,WI-St. Croix,55109,13094.0,604.4464,"St. Croix County, Wisconsin",86118,70886.0,5502
2015,County,WI-Taylor,55119,4108.0,722.9761,"Taylor County, Wisconsin",20569,45420.0,2527
2015,County,WI-Trempealeau,55121,6078.0,556.1529,"Trempealeau County, Wisconsin",29412,51077.0,3078
2015,County,WI-Vernon,55123,6706.0,626.6798,"Vernon County, Wisconsin",30279,47675.0,4757
2015,County,WI-Vilas,55125,8004.0,559.4837,"Vilas County, Wisconsin",21355,41061.0,3047
2015,County,WI-Walworth,55127,19291.0,594.3607,"Walworth County, Wisconsin",103039,53445.0,13499
2015,County,WI-Washburn,55129,4971.0,651.6173,"Washburn County, Wisconsin",15700,42368.0,2022
2015,County,WI-Washington,55131,25418.0,476.6422,"Washington County, Wisconsin",132921,69237.0,7375
2015,County,WI-Waukesha,55133,79354.0,561.6297,"Waukesha County, Wisconsin",393873,76545.0,20433
2015,County,WI-Waupaca,55135,12595.0,676.4107,"Waupaca County, Wisconsin",52125,51994.0,5232
2015,County,WI-Waushara,55137,6425.0,604.9084,"Waushara County, Wisconsin",24321,45166.0,2385
2015,County,WI-Winnebago,55139,31122.0,666.0801,"Winnebago County, Wisconsin",169004,52018.0,19209
2015,County,WI-Wood,55141,16975.0,740.9375,"Wood County, Wisconsin",74012,48961.0,7996
2015,County,WV-Barbour,54001,3940.0,983.9161,"Barbour County, West Virginia",16731,37066.0,3482
2015,County,WV-Berkeley,54003,19814.0,759.9446,"Berkeley County, West Virginia",108724,55239.0,15235
2015,County,WV-Boone,54005,5949.0,973.7327,"Boone County, West Virginia",24000,39958.0,5529
2015,County,WV-Braxton,54007,3560.0,853.9228,"Braxton County, West Virginia",14466,32750.0,2941
2015,County,WV-Brooke,54009,6031.0,882.4986,"Brooke County, West Virginia",23665,46215.0,2960
2015,County,WV-Cabell,54011,21865.0,823.628,"Cabell County, West Virginia",96824,38344.0,20110
2015,County,WV-Calhoun,54013,2089.0,877.9705,"Calhoun County, West Virginia",7557,35568.0,1314
2015,County,WV-Clay,54015,2515.0,825.046,"Clay County, West Virginia",9141,31325.0,2530
2015,County,WV-Doddridge,54017,1611.0,603.1281,"Doddridge County, West Virginia",8201,39974.0,1190
2015,County,WV-Fayette,54019,11196.0,880.0467,"Fayette County, West Virginia",45534,36293.0,8683
2015,County,WV-Gilmer,54021,1493.0,740.9701,"Gilmer County, West Virginia",8644,37536.0,1781
2015,County,WV-Grant,54023,3174.0,723.0702,"Grant County, West Virginia",11815,39088.0,1791
2015,County,WV-Greenbrier,54025,9739.0,862.2997,"Greenbrier County, West Virginia",35666,39746.0,6530
2015,County,WV-Hampshire,54027,5587.0,794.7214,"Hampshire County, West Virginia",23542,27995.0,4721
2015,County,WV-Hancock,54029,7851.0,985.918,"Hancock County, West Virginia",30201,39959.0,4835
2015,County,WV-Hardy,54031,3356.0,667.9214,"Hardy County, West Virginia",13936,40303.0,1863
2015,County,WV-Harrison,54033,16319.0,816.3865,"Harrison County, West Virginia",68998,43987.0,11072
2015,County,WV-Jackson,54035,7248.0,726.2788,"Jackson County, West Virginia",29256,41314.0,4743
2015,County,WV-Jefferson,54037,10004.0,815.3259,"Jefferson County, West Virginia",55214,66677.0,6222
2015,County,WV-Kanawha,54039,46562.0,792.5137,"Kanawha County, West Virginia",190781,45882.0,29703
2015,County,WV-Lewis,54041,4360.0,984.0969,"Lewis County, West Virginia",16434,37849.0,3357
2015,County,WV-Lincoln,54043,5368.0,798.3963,"Lincoln County, West Virginia",21560,35800.0,5870
2015,County,WV-Logan,54045,9258.0,1051.0638,"Logan County, West Virginia",35760,36763.0,6902
2015,County,WV-Marion,54049,13409.0,773.6256,"Marion County, West Virginia",56790,43165.0,8980
2015,County,WV-Marshall,54051,7273.0,793.9241,"Marshall County, West Virginia",32480,45182.0,4128
2015,County,WV-Mason,54053,6648.0,871.8839,"Mason County, West Virginia",27177,36448.0,5075
2015,County,WV-McDowell,54047,6051.0,928.6041,"McDowell County, West Virginia",20802,24921.0,6943
2015,County,WV-Mercer,54055,16823.0,1000.8484,"Mercer County, West Virginia",61891,36195.0,13236
2015,County,WV-Mineral,54057,6715.0,839.8031,"Mineral County, West Virginia",27755,31790.0,4562
2015,County,WV-Mingo,54059,7078.0,1136.236,"Mingo County, West Virginia",25931,33221.0,6654
2015,County,WV-Monongalia,54061,13352.0,741.4282,"Monongalia County, West Virginia",101668,45467.0,20923
2015,County,WV-Monroe,54063,3816.0,760.3604,"Monroe County, West Virginia",13525,36918.0,2252
2015,County,WV-Morgan,54065,4482.0,727.7564,"Morgan County, West Virginia",17475,39324.0,2218
2015,County,WV-Nicholas,54067,7085.0,971.0177,"Nicholas County, West Virginia",25930,39171.0,4636
2015,County,WV-Ohio,54069,11051.0,901.6393,"Ohio County, West Virginia",43637,40569.0,6658
2015,County,WV-Pendleton,54071,2142.0,629.0839,"Pendleton County, West Virginia",7402,36953.0,1500
2015,County,WV-Pleasants,54073,1764.0,771.2812,"Pleasants County, West Virginia",7636,44288.0,1260
2015,County,WV-Pocahontas,54075,2328.0,875.9036,"Pocahontas County, West Virginia",8697,36827.0,1382
2015,County,WV-Preston,54077,7405.0,744.399,"Preston County, West Virginia",33809,45064.0,4574
2015,County,WV-Putnam,54079,12137.0,674.1114,"Putnam County, West Virginia",56596,56774.0,5494
2015,County,WV-Raleigh,54081,19955.0,859.3578,"Raleigh County, West Virginia",78493,41032.0,13322
2015,County,WV-Randolph,54083,7278.0,926.8339,"Randolph County, West Virginia",29365,39457.0,4610
2015,County,WV-Ritchie,54085,2767.0,650.8689,"Ritchie County, West Virginia",10140,37636.0,2071
2015,County,WV-Roane,54087,4125.0,801.6679,"Roane County, West Virginia",14636,31813.0,3165
2015,County,WV-Summers,54089,3509.0,678.6412,"Summers County, West Virginia",13544,36651.0,2184
2015,County,WV-Taylor,54091,3765.0,817.1963,"Taylor County, West Virginia",16977,43970.0,2731
2015,County,WV-Tucker,54093,1832.0,712.8292,"Tucker County, West Virginia",6972,40533.0,1013
2015,County,WV-Tyler,54095,2363.0,990.6417,"Tyler County, West Virginia",9033,38854.0,1765
2015,County,WV-Upshur,54097,5707.0,740.1439,"Upshur County, West Virginia",24560,40330.0,4189
2015,County,WV-Wayne,54099,10231.0,797.3614,"Wayne County, West Virginia",41499,36318.0,8468
2015,County,WV-Webster,54101,2610.0,1115.7462,"Webster County, West Virginia",8927,29086.0,2307
2015,County,WV-Wetzel,54103,4148.0,893.7138,"Wetzel County, West Virginia",16157,39096.0,3169
2015,County,WV-Wirt,54105,1532.0,566.3551,"Wirt County, West Virginia",5841,39352.0,792
2015,County,WV-Wood,54107,21939.0,895.1163,"Wood County, West Virginia",86559,41884.0,14825
2015,County,WV-Wyoming,54109,6264.0,793.0562,"Wyoming County, West Virginia",22866,33730.0,4934
2015,County,WY-Albany,56001,4601.0,627.5736,"Albany County, Wyoming",37565,42834.0,9510
2015,County,WY-Big Horn,56003,2585.0,585.9873,"Big Horn County, Wyoming",11895,51679.0,1408
2015,County,WY-Campbell,56005,4702.0,741.0379,"Campbell County, Wyoming",48013,80060.0,3412
2015,County,WY-Carbon,56007,2685.0,580.0773,"Carbon County, Wyoming",15739,56825.0,2280
2015,County,WY-Converse,56009,2376.0,625.7009,"Converse County, Wyoming",14101,62307.0,1308
2015,County,WY-Crook,56011,1457.0,458.8986,"Crook County, Wyoming",7229,60445.0,362
2015,County,WY-Fremont,56013,8046.0,660.4472,"Fremont County, Wyoming",40755,52773.0,5637
2015,County,WY-Goshen,56015,3085.0,547.4841,"Goshen County, Wyoming",13544,42689.0,2261
2015,County,WY-Hot Springs,56017,1408.0,596.3442,"Hot Springs County, Wyoming",4809,45278.0,500
2015,County,WY-Johnson,56019,2022.0,573.0769,"Johnson County, Wyoming",8600,54065.0,534
2015,County,WY-Laramie,56021,17447.0,600.5649,"Laramie County, Wyoming",95431,60706.0,9369
2015,County,WY-Lincoln,56023,3284.0,458.5198,"Lincoln County, Wyoming",18316,66647.0,1435
2015,County,WY-Natrona,56025,13217.0,678.3358,"Natrona County, Wyoming",80011,56871.0,8407
2015,County,WY-Niobrara,56027,598.0,532.5885,"Niobrara County, Wyoming",2516,40398.0,328
2015,County,WY-Park,56029,7077.0,550.2802,"Park County, Wyoming",28985,56363.0,2024
2015,County,WY-Platte,56031,2281.0,660.0962,"Platte County, Wyoming",8750,38500.0,1391
2015,County,WY-Sheridan,56033,6710.0,536.5208,"Sheridan County, Wyoming",29738,55455.0,2381
2015,County,WY-Sublette,56035,1404.0,272.0648,"Sublette County, Wyoming",10117,81772.0,812
2015,County,WY-Sweetwater,56037,5575.0,571.4582,"Sweetwater County, Wyoming",44772,69022.0,5058
2015,County,WY-Teton,56039,3116.0,408.6142,"Teton County, Wyoming",22311,75325.0,1638
2015,County,WY-Uinta,56041,2927.0,615.4179,"Uinta County, Wyoming",20930,56569.0,2845
2015,County,WY-Washakie,56043,1899.0,773.607,"Washakie County, Wyoming",8400,47652.0,1137
2015,County,WY-Weston,56045,1496.0,623.1196,"Weston County, Wyoming",7152,57738.0,958
